pair,corpus,scene,pair_kind,layout,season,height_m,tilt_deg,yaw_deg,scale_ratio,b_px,area_frac,covis_frac,compensation_src,вердикт,bytes,dup_group,dup_size,dup_kind,geo_cluster,split,gt_class,gt_sigma_px,weight,slice,modality
base_pair_65578066f712_00000_inside.npz,base,655780663aa0a700013167cc,orto_basemap,inside,,193.0,4.23,341.51,0.993,1469,1.0,1.0,global,без структуры,1993313,g0401,1,,c0176,val,approx,8.000,0.30,,photo
base_pair_65578066f712_00001_partial.npz,base,655780663aa0a700013167cc,orto_basemap,partial,,231.7,2.03,48.26,1.113,847,0.6782,0.6888,global,без структуры,1475156,g0401,1,,c0176,val,approx,8.000,0.30,,photo
base_pair_65578066f712_00002_partial.npz,base,655780663aa0a700013167cc,orto_basemap,partial,,209.6,5.16,57.83,1.068,1127,0.8492,0.8424,global,без структуры,2260113,g0401,1,,c0176,val,approx,8.000,0.30,,photo
base_pair_65578066f712_00003_inside.npz,base,655780663aa0a700013167cc,orto_basemap,inside,,232.4,8.53,22.45,0.941,1214,1.0,1.0,global,без структуры,2173953,g0401,1,,c0176,val,approx,8.000,0.30,,photo
base_pair_65578066f712_00004_partial.npz,base,655780663aa0a700013167cc,orto_basemap,partial,,273.4,1.91,68.98,1.149,1623,0.847,0.853,global,без структуры,2230391,g0401,1,,c0176,val,approx,8.000,0.30,,photo
base_pair_65578066f712_00005_inside.npz,base,655780663aa0a700013167cc,orto_basemap,inside,,265.0,2.15,300.8,1.132,1384,1.0,0.9958,global,без структуры,2023330,g0401,1,,c0176,val,approx,8.000,0.30,,photo
base_pair_65578066f712_00007_inside.npz,base,655780663aa0a700013167cc,orto_basemap,inside,,175.7,1.06,94.5,0.983,1335,1.0,0.9938,global,без структуры,1731490,g0401,1,,c0176,val,approx,8.000,0.30,,photo
base_pair_65578066f712_00008_partial.npz,base,655780663aa0a700013167cc,orto_basemap,partial,,243.0,2.43,70.67,0.876,1871,0.8047,0.8074,cell_refine,без структуры,2041499,g0401,1,,c0176,val,approx,8.000,0.30,,photo
base_pair_65578066f712_00009_inside.npz,base,655780663aa0a700013167cc,orto_basemap,inside,,227.6,5.87,239.39,1.104,1801,1.0,1.0,cell_refine,без структуры,2148493,g0401,1,,c0176,val,approx,8.000,0.30,,photo
base_pair_65578066f712_00010_inside.npz,base,655780663aa0a700013167cc,orto_basemap,inside,,214.1,7.75,207.61,1.116,1612,1.0,0.9859,global,без структуры,2658702,g0401,1,,c0176,val,approx,8.000,0.30,,photo
base_pair_65578066f712_00011_inside.npz,base,655780663aa0a700013167cc,orto_basemap,inside,,191.6,2.95,182.18,1.034,1918,1.0,0.973,global,без структуры,2570818,g0401,1,,c0176,val,approx,8.000,0.30,,photo
base_pair_eb52147b1b71_00000_inside.npz,base,eb52147b-9298-4562-bb1d-ba5acb53f656,orto_basemap,inside,,193.0,4.23,341.51,0.743,1099,1.0,0.9951,cell_refine,разметка подтверждена,1736219,g0589,1,,c0074,heldout,registered,1.950,1.00,,photo
base_pair_eb52147b1b71_00001_partial.npz,base,eb52147b-9298-4562-bb1d-ba5acb53f656,orto_basemap,partial,,231.7,2.03,48.26,0.892,768,0.7251,0.735,cell_refine,разметка подтверждена,1450438,g0589,1,,c0074,heldout,registered,1.950,1.00,,photo
base_pair_eb52147b1b71_00002_partial.npz,base,eb52147b-9298-4562-bb1d-ba5acb53f656,orto_basemap,partial,,209.6,5.16,57.83,0.807,851,0.8488,0.8365,field,разметка подтверждена,2170513,g0589,1,,c0074,heldout,registered,1.950,1.00,,photo
base_pair_eb52147b1b71_00003_inside.npz,base,eb52147b-9298-4562-bb1d-ba5acb53f656,orto_basemap,inside,,232.4,8.53,22.45,0.895,1154,1.0,0.9964,field,разметка подтверждена,2253471,g0589,1,,c0074,heldout,registered,1.950,1.00,,photo
base_pair_eb52147b1b71_00004_partial.npz,base,eb52147b-9298-4562-bb1d-ba5acb53f656,orto_basemap,partial,,273.4,1.91,68.98,1.052,1486,0.8469,0.8505,cell_refine,разметка подтверждена,2384547,g0589,1,,c0074,heldout,registered,1.950,1.00,,photo
base_pair_eb52147b1b71_00005_inside.npz,base,eb52147b-9298-4562-bb1d-ba5acb53f656,orto_basemap,inside,,265.0,2.15,300.8,1.02,1247,1.0,0.9993,cell_refine,разметка подтверждена,2062771,g0589,1,,c0074,heldout,registered,1.950,1.00,,photo
base_pair_eb52147b1b71_00007_inside.npz,base,eb52147b-9298-4562-bb1d-ba5acb53f656,orto_basemap,inside,,175.7,1.06,94.5,0.676,919,1.0,0.9975,field,разметка подтверждена,1617567,g0589,1,,c0074,heldout,registered,1.950,1.00,,photo
base_pair_eb52147b1b71_00008_partial.npz,base,eb52147b-9298-4562-bb1d-ba5acb53f656,orto_basemap,partial,,243.0,2.43,70.67,0.876,1871,0.8047,0.8072,cell_refine,разметка подтверждена,2282821,g0589,1,,c0074,heldout,registered,1.950,1.00,,photo
base_pair_eb52147b1b71_00009_inside.npz,base,eb52147b-9298-4562-bb1d-ba5acb53f656,orto_basemap,inside,,227.6,5.87,239.39,0.876,1429,1.0,0.9996,cell_refine,разметка подтверждена,1943484,g0589,1,,c0074,heldout,registered,1.950,1.00,,photo
base_pair_eb52147b1b71_00010_inside.npz,base,eb52147b-9298-4562-bb1d-ba5acb53f656,orto_basemap,inside,,214.1,7.75,207.61,0.824,1191,1.0,0.9992,cell_refine,разметка подтверждена,2381198,g0589,1,,c0074,heldout,registered,1.950,1.00,,photo
base_pair_eb52147b1b71_00011_inside.npz,base,eb52147b-9298-4562-bb1d-ba5acb53f656,orto_basemap,inside,,191.6,2.95,182.18,0.738,1368,1.0,0.9991,cell_refine,разметка подтверждена,2218636,g0589,1,,c0074,heldout,registered,1.950,1.00,,photo
base_pair_6a8f08f2c825_00000_inside.npz,base,6a8f08f29daab4e74c2ddca5,orto_basemap,inside,,193.0,4.23,341.51,0.441,768,1.0,0.9984,cell_refine,разметка подтверждена,1497874,g0553,1,,c0266,heldout,registered,6.880,1.00,,photo
base_pair_6a8f08f2c825_00001_partial.npz,base,6a8f08f29daab4e74c2ddca5,orto_basemap,partial,,231.7,2.03,48.26,0.53,768,0.8897,0.8914,cell_refine,разметка подтверждена,1377383,g0553,1,,c0266,heldout,registered,6.880,1.00,,photo
base_pair_6a8f08f2c825_00002_partial.npz,base,6a8f08f29daab4e74c2ddca5,orto_basemap,partial,,209.6,5.16,57.83,0.479,768,0.6792,0.6752,global,разметка подтверждена,1580694,g0553,1,,c0266,heldout,approx,8.000,0.30,,photo
base_pair_6a8f08f2c825_00003_inside.npz,base,6a8f08f29daab4e74c2ddca5,orto_basemap,inside,,232.4,8.53,22.45,0.531,768,1.0,0.9982,global,разметка подтверждена,1921508,g0553,1,,c0266,heldout,approx,8.000,0.30,,photo
base_pair_6a8f08f2c825_00004_partial.npz,base,6a8f08f29daab4e74c2ddca5,orto_basemap,partial,,273.4,1.91,68.98,0.625,883,0.8468,0.8417,field,разметка подтверждена,1972362,g0553,1,,c0266,heldout,registered,6.880,1.00,,photo
base_pair_6a8f08f2c825_00005_inside.npz,base,6a8f08f29daab4e74c2ddca5,orto_basemap,inside,,265.0,2.15,300.8,0.606,768,1.0,0.9985,field,разметка подтверждена,1797788,g0553,1,,c0266,heldout,registered,6.880,1.00,,photo
base_pair_6a8f08f2c825_00007_inside.npz,base,6a8f08f29daab4e74c2ddca5,orto_basemap,inside,,175.7,1.06,94.5,0.402,768,1.0,0.9992,global,разметка подтверждена,1396927,g0553,1,,c0266,heldout,approx,8.000,0.30,,photo
base_pair_6a8f08f2c825_00008_partial.npz,base,6a8f08f29daab4e74c2ddca5,orto_basemap,partial,,243.0,2.43,70.67,0.555,1187,0.8044,0.8065,global,разметка подтверждена,1905682,g0553,1,,c0266,heldout,approx,8.000,0.30,,photo
base_pair_6a8f08f2c825_00009_inside.npz,base,6a8f08f29daab4e74c2ddca5,orto_basemap,inside,,227.6,5.87,239.39,0.52,849,1.0,0.9993,global,разметка подтверждена,1545606,g0553,1,,c0266,heldout,approx,8.000,0.30,,photo
base_pair_6a8f08f2c825_00010_inside.npz,base,6a8f08f29daab4e74c2ddca5,orto_basemap,inside,,214.1,7.75,207.61,0.489,768,1.0,0.9988,global,разметка подтверждена,2135687,g0553,1,,c0266,heldout,approx,8.000,0.30,,photo
base_pair_6a8f08f2c825_00011_inside.npz,base,6a8f08f29daab4e74c2ddca5,orto_basemap,inside,,191.6,2.95,182.18,0.438,812,1.0,0.9999,global,разметка подтверждена,1806992,g0553,1,,c0266,heldout,approx,8.000,0.30,,photo
base_pair_5f75ec1d3c11_00000_inside.npz,base,5f75ec1d458b56000772bd59,orto_basemap,inside,,193.0,4.23,341.51,0.993,1469,1.0,0.9981,global,разметка подтверждена,2222966,g0213,1,,c0000,train,approx,8.000,0.30,,photo
base_pair_5f75ec1d3c11_00001_partial.npz,base,5f75ec1d458b56000772bd59,orto_basemap,partial,,231.7,2.03,48.26,1.113,847,0.6782,0.6888,global,разметка подтверждена,1522660,g0213,1,,c0000,train,approx,8.000,0.30,,photo
base_pair_5f75ec1d3c11_00002_partial.npz,base,5f75ec1d458b56000772bd59,orto_basemap,partial,,209.6,5.16,57.83,1.068,1127,0.8492,0.8419,field,разметка подтверждена,2357385,g0213,1,,c0000,train,registered,5.930,1.00,,photo
base_pair_5f75ec1d3c11_00003_inside.npz,base,5f75ec1d458b56000772bd59,orto_basemap,inside,,232.4,8.53,22.45,0.941,1214,1.0,1.0,field,разметка подтверждена,2415386,g0213,1,,c0000,train,registered,5.930,1.00,,photo
base_pair_5f75ec1d3c11_00004_partial.npz,base,5f75ec1d458b56000772bd59,orto_basemap,partial,,273.4,1.91,68.98,1.149,1623,0.847,0.853,global,разметка подтверждена,2721615,g0213,1,,c0000,train,approx,8.000,0.30,,photo
base_pair_5f75ec1d3c11_00005_inside.npz,base,5f75ec1d458b56000772bd59,orto_basemap,inside,,265.0,2.15,300.8,1.132,1384,1.0,0.9999,global,разметка подтверждена,2385122,g0213,1,,c0000,train,approx,8.000,0.30,,photo
base_pair_5f75ec1d3c11_00007_inside.npz,base,5f75ec1d458b56000772bd59,orto_basemap,inside,,175.7,1.06,94.5,0.983,1335,1.0,0.9695,field,разметка подтверждена,1911809,g0213,1,,c0000,train,registered,5.930,1.00,,photo
base_pair_5f75ec1d3c11_00008_partial.npz,base,5f75ec1d458b56000772bd59,orto_basemap,partial,,243.0,2.43,70.67,0.876,1871,0.8047,0.8072,field,разметка подтверждена,2822927,g0213,1,,c0000,train,registered,5.930,1.00,,photo
base_pair_5f75ec1d3c11_00009_inside.npz,base,5f75ec1d458b56000772bd59,orto_basemap,inside,,227.6,5.87,239.39,1.104,1801,1.0,1.0,field,разметка подтверждена,2486567,g0213,1,,c0000,train,registered,5.930,1.00,,photo
base_pair_5f75ec1d3c11_00010_inside.npz,base,5f75ec1d458b56000772bd59,orto_basemap,inside,,214.1,7.75,207.61,1.116,1612,1.0,0.9999,field,разметка подтверждена,3006267,g0213,1,,c0000,train,registered,5.930,1.00,,photo
base_pair_5f75ec1d3c11_00011_inside.npz,base,5f75ec1d458b56000772bd59,orto_basemap,inside,,191.6,2.95,182.18,1.034,1918,1.0,0.9998,field,разметка подтверждена,3063277,g0213,1,,c0000,train,registered,5.930,1.00,,photo
base_pair_5b92d009f43a_00000_inside.npz,base,5b92d009a8395c000594b297,orto_basemap,inside,,193.0,4.23,341.51,0.993,1469,1.0,0.9983,global,разметка подтверждена,1879657,g0056,1,,c0006,train,approx,8.000,0.30,,photo
base_pair_5b92d009f43a_00001_partial.npz,base,5b92d009a8395c000594b297,orto_basemap,partial,,231.7,2.03,48.26,1.113,847,0.6782,0.688,global,разметка подтверждена,1368038,g0056,1,,c0006,train,approx,8.000,0.30,,photo
base_pair_5b92d009f43a_00002_partial.npz,base,5b92d009a8395c000594b297,orto_basemap,partial,,209.6,5.16,57.83,1.068,1127,0.8492,0.8422,field,разметка подтверждена,2125395,g0056,1,,c0006,train,registered,3.720,1.00,,photo
base_pair_5b92d009f43a_00003_inside.npz,base,5b92d009a8395c000594b297,orto_basemap,inside,,232.4,8.53,22.45,0.941,1214,1.0,0.9999,field,разметка подтверждена,2133332,g0056,1,,c0006,train,registered,3.720,1.00,,photo
base_pair_5b92d009f43a_00004_partial.npz,base,5b92d009a8395c000594b297,orto_basemap,partial,,273.4,1.91,68.98,1.149,1623,0.847,0.8524,field,разметка подтверждена,2206392,g0056,1,,c0006,train,registered,3.720,1.00,,photo
base_pair_5b92d009f43a_00005_inside.npz,base,5b92d009a8395c000594b297,orto_basemap,inside,,265.0,2.15,300.8,1.132,1384,1.0,0.9967,field,разметка подтверждена,1999156,g0056,1,,c0006,train,registered,3.720,1.00,,photo
base_pair_5b92d009f43a_00007_inside.npz,base,5b92d009a8395c000594b297,orto_basemap,inside,,175.7,1.06,94.5,0.983,1335,1.0,0.9977,global,разметка подтверждена,1890923,g0056,1,,c0006,train,approx,8.000,0.30,,photo
base_pair_5b92d009f43a_00008_partial.npz,base,5b92d009a8395c000594b297,orto_basemap,partial,,243.0,2.43,70.67,0.876,1871,0.8047,0.8074,global,разметка подтверждена,2229102,g0056,1,,c0006,train,approx,8.000,0.30,,photo
base_pair_5b92d009f43a_00009_inside.npz,base,5b92d009a8395c000594b297,orto_basemap,inside,,227.6,5.87,239.39,1.104,1801,1.0,0.9989,global,разметка подтверждена,2050304,g0056,1,,c0006,train,approx,8.000,0.30,,photo
base_pair_5b92d009f43a_00010_inside.npz,base,5b92d009a8395c000594b297,orto_basemap,inside,,214.1,7.75,207.61,1.116,1612,1.0,0.9998,global,разметка подтверждена,2559148,g0056,1,,c0006,train,approx,8.000,0.30,,photo
base_pair_5b92d009f43a_00011_inside.npz,base,5b92d009a8395c000594b297,orto_basemap,inside,,191.6,2.95,182.18,1.034,1918,1.0,0.9997,global,разметка подтверждена,2519900,g0056,1,,c0006,train,approx,8.000,0.30,,photo
base_pair_60b815e73845_00000_inside.npz,base,60b815e7fd80620005e340f1,orto_basemap,inside,,193.0,4.23,341.51,0.993,1469,1.0,0.9971,cell_refine,разметка подтверждена,2264206,g0283,1,,c0010,val,registered,7.980,1.00,,photo
base_pair_60b815e73845_00001_partial.npz,base,60b815e7fd80620005e340f1,orto_basemap,partial,,231.7,2.03,48.26,1.113,847,0.6782,0.6821,cell_refine,разметка подтверждена,1568940,g0283,1,,c0010,val,registered,7.980,1.00,,photo
base_pair_60b815e73845_00002_partial.npz,base,60b815e7fd80620005e340f1,orto_basemap,partial,,209.6,5.16,57.83,1.068,1127,0.8492,0.8422,field,разметка подтверждена,2374635,g0283,1,,c0010,val,registered,7.980,1.00,,photo
base_pair_60b815e73845_00003_inside.npz,base,60b815e7fd80620005e340f1,orto_basemap,inside,,232.4,8.53,22.45,0.941,1214,1.0,0.9997,field,разметка подтверждена,2440727,g0283,1,,c0010,val,registered,7.980,1.00,,photo
base_pair_60b815e73845_00004_partial.npz,base,60b815e7fd80620005e340f1,orto_basemap,partial,,273.4,1.91,68.98,1.149,1623,0.847,0.8528,field,разметка подтверждена,2779227,g0283,1,,c0010,val,registered,7.980,1.00,,photo
base_pair_60b815e73845_00005_inside.npz,base,60b815e7fd80620005e340f1,orto_basemap,inside,,265.0,2.15,300.8,1.132,1384,1.0,0.9983,field,разметка подтверждена,2426999,g0283,1,,c0010,val,registered,7.980,1.00,,photo
base_pair_60b815e73845_00007_inside.npz,base,60b815e7fd80620005e340f1,orto_basemap,inside,,175.7,1.06,94.5,0.983,1335,1.0,0.998,global,разметка подтверждена,2006442,g0283,1,,c0010,val,approx,8.000,0.30,,photo
base_pair_60b815e73845_00008_partial.npz,base,60b815e7fd80620005e340f1,orto_basemap,partial,,243.0,2.43,70.67,0.876,1871,0.8047,0.807,field,разметка подтверждена,2887687,g0283,1,,c0010,val,registered,7.980,1.00,,photo
base_pair_60b815e73845_00009_inside.npz,base,60b815e7fd80620005e340f1,orto_basemap,inside,,227.6,5.87,239.39,1.104,1801,1.0,0.9999,field,разметка подтверждена,2566474,g0283,1,,c0010,val,registered,7.980,1.00,,photo
base_pair_60b815e73845_00010_inside.npz,base,60b815e7fd80620005e340f1,orto_basemap,inside,,214.1,7.75,207.61,1.116,1612,1.0,0.9997,field,разметка подтверждена,2950375,g0283,1,,c0010,val,registered,7.980,1.00,,photo
base_pair_60b815e73845_00011_inside.npz,base,60b815e7fd80620005e340f1,orto_basemap,inside,,191.6,2.95,182.18,1.034,1918,1.0,0.9995,field,разметка подтверждена,3040142,g0283,1,,c0010,val,registered,7.980,1.00,,photo
base_pair_5b930a66ea9f_00000_inside.npz,base,5b930a66a8395c000594b29b,orto_basemap,inside,,193.0,4.23,341.51,0.993,1469,1.0,0.9965,global,проверено частично,1915620,g0057,1,,c0022,train,approx,8.000,0.30,,photo
base_pair_5b930a66ea9f_00001_partial.npz,base,5b930a66a8395c000594b29b,orto_basemap,partial,,231.7,2.03,48.26,1.113,847,0.6782,0.6882,global,проверено частично,1391717,g0057,1,,c0022,train,approx,8.000,0.30,,photo
base_pair_5b930a66ea9f_00002_partial.npz,base,5b930a66a8395c000594b29b,orto_basemap,partial,,209.6,5.16,57.83,1.068,1127,0.8492,0.8414,global,проверено частично,2050317,g0057,1,,c0022,train,approx,8.000,0.30,,photo
base_pair_5b930a66ea9f_00003_inside.npz,base,5b930a66a8395c000594b29b,orto_basemap,inside,,232.4,8.53,22.45,0.941,1214,1.0,0.9994,global,проверено частично,2036101,g0057,1,,c0022,train,approx,8.000,0.30,,photo
base_pair_5b930a66ea9f_00004_partial.npz,base,5b930a66a8395c000594b29b,orto_basemap,partial,,273.4,1.91,68.98,1.149,1623,0.847,0.8519,global,проверено частично,2252533,g0057,1,,c0022,train,approx,8.000,0.30,,photo
base_pair_5b930a66ea9f_00005_inside.npz,base,5b930a66a8395c000594b29b,orto_basemap,inside,,265.0,2.15,300.8,1.132,1384,1.0,0.9984,global,проверено частично,2008806,g0057,1,,c0022,train,approx,8.000,0.30,,photo
base_pair_5b930a66ea9f_00007_inside.npz,base,5b930a66a8395c000594b29b,orto_basemap,inside,,175.7,1.06,94.5,0.983,1335,1.0,0.9994,cell_refine,проверено частично,1855762,g0057,1,,c0022,train,approx,8.000,0.30,,photo
base_pair_5b930a66ea9f_00008_partial.npz,base,5b930a66a8395c000594b29b,orto_basemap,partial,,243.0,2.43,70.67,0.876,1871,0.8047,0.8071,global,проверено частично,2296416,g0057,1,,c0022,train,approx,8.000,0.30,,photo
base_pair_5b930a66ea9f_00009_inside.npz,base,5b930a66a8395c000594b29b,orto_basemap,inside,,227.6,5.87,239.39,1.104,1801,1.0,0.9944,global,проверено частично,2108414,g0057,1,,c0022,train,approx,8.000,0.30,,photo
base_pair_5b930a66ea9f_00010_inside.npz,base,5b930a66a8395c000594b29b,orto_basemap,inside,,214.1,7.75,207.61,1.116,1612,1.0,0.9937,cell_refine,проверено частично,2717269,g0057,1,,c0022,train,approx,8.000,0.30,,photo
base_pair_5b930a66ea9f_00011_inside.npz,base,5b930a66a8395c000594b29b,orto_basemap,inside,,191.6,2.95,182.18,1.034,1918,1.0,0.9923,cell_refine,проверено частично,2695833,g0057,1,,c0022,train,approx,8.000,0.30,,photo
base_pair_628f85cb173f_00000_inside.npz,base,628f85cb9a80b30006a5c06b,orto_basemap,inside,,193.0,4.23,341.51,0.829,1227,1.0,0.9998,field,разметка подтверждена,1757567,g0340,1,,c0013,train,registered,1.620,1.00,,photo
base_pair_628f85cb173f_00001_partial.npz,base,628f85cb9a80b30006a5c06b,orto_basemap,partial,,231.7,2.03,48.26,0.996,768,0.6843,0.6949,field,разметка подтверждена,1299133,g0340,1,,c0013,train,registered,1.620,1.00,,photo
base_pair_628f85cb173f_00002_partial.npz,base,628f85cb9a80b30006a5c06b,orto_basemap,partial,,209.6,5.16,57.83,0.901,950,0.8489,0.8421,field,разметка подтверждена,2024762,g0340,1,,c0013,train,registered,1.620,1.00,,photo
base_pair_628f85cb173f_00003_inside.npz,base,628f85cb9a80b30006a5c06b,orto_basemap,inside,,232.4,8.53,22.45,0.941,1214,1.0,1.0,field,разметка подтверждена,2129851,g0340,1,,c0013,train,registered,1.620,1.00,,photo
base_pair_628f85cb173f_00004_partial.npz,base,628f85cb9a80b30006a5c06b,orto_basemap,partial,,273.4,1.91,68.98,1.149,1623,0.847,0.853,field,разметка подтверждена,2364290,g0340,1,,c0013,train,registered,1.620,1.00,,photo
base_pair_628f85cb173f_00005_inside.npz,base,628f85cb9a80b30006a5c06b,orto_basemap,inside,,265.0,2.15,300.8,1.132,1384,1.0,0.9997,field,разметка подтверждена,2138901,g0340,1,,c0013,train,registered,1.620,1.00,,photo
base_pair_628f85cb173f_00007_inside.npz,base,628f85cb9a80b30006a5c06b,orto_basemap,inside,,175.7,1.06,94.5,0.755,1025,1.0,0.9999,cell_refine,разметка подтверждена,1665728,g0340,1,,c0013,train,registered,1.620,1.00,,photo
base_pair_628f85cb173f_00008_partial.npz,base,628f85cb9a80b30006a5c06b,orto_basemap,partial,,243.0,2.43,70.67,0.876,1871,0.8047,0.8074,field,разметка подтверждена,2408785,g0340,1,,c0013,train,registered,1.620,1.00,,photo
base_pair_628f85cb173f_00009_inside.npz,base,628f85cb9a80b30006a5c06b,orto_basemap,inside,,227.6,5.87,239.39,0.978,1595,1.0,0.9998,field,разметка подтверждена,2136634,g0340,1,,c0013,train,registered,1.620,1.00,,photo
base_pair_628f85cb173f_00010_inside.npz,base,628f85cb9a80b30006a5c06b,orto_basemap,inside,,214.1,7.75,207.61,0.92,1329,1.0,0.9997,global,разметка подтверждена,2506951,g0340,1,,c0013,train,approx,8.000,0.30,,photo
base_pair_628f85cb173f_00011_inside.npz,base,628f85cb9a80b30006a5c06b,orto_basemap,inside,,191.6,2.95,182.18,0.823,1527,1.0,0.9999,global,разметка подтверждена,2305748,g0340,1,,c0013,train,approx,8.000,0.30,,photo
base_pair_5f7865a30680_00000_inside.npz,base,5f7865a3458b56000772be4a,orto_basemap,inside,,193.0,4.23,341.51,0.993,1469,1.0,0.9991,field,разметка подтверждена,2311443,g0216,1,,c0000,train,registered,7.740,1.00,,photo
base_pair_5f7865a30680_00001_partial.npz,base,5f7865a3458b56000772be4a,orto_basemap,partial,,231.7,2.03,48.26,1.113,847,0.6782,0.6884,field,разметка подтверждена,1560826,g0216,1,,c0000,train,registered,7.740,1.00,,photo
base_pair_5f7865a30680_00002_partial.npz,base,5f7865a3458b56000772be4a,orto_basemap,partial,,209.6,5.16,57.83,1.068,1127,0.8492,0.8417,field,разметка подтверждена,2361599,g0216,1,,c0000,train,registered,7.740,1.00,,photo
base_pair_5f7865a30680_00003_inside.npz,base,5f7865a3458b56000772be4a,orto_basemap,inside,,232.4,8.53,22.45,0.941,1214,1.0,0.9981,field,разметка подтверждена,2433567,g0216,1,,c0000,train,registered,7.740,1.00,,photo
base_pair_5f7865a30680_00004_partial.npz,base,5f7865a3458b56000772be4a,orto_basemap,partial,,273.4,1.91,68.98,1.149,1623,0.847,0.8527,field,разметка подтверждена,2835770,g0216,1,,c0000,train,registered,7.740,1.00,,photo
base_pair_5f7865a30680_00005_inside.npz,base,5f7865a3458b56000772be4a,orto_basemap,inside,,265.0,2.15,300.8,1.132,1384,1.0,0.9994,field,разметка подтверждена,2408635,g0216,1,,c0000,train,registered,7.740,1.00,,photo
base_pair_5f7865a30680_00007_inside.npz,base,5f7865a3458b56000772be4a,orto_basemap,inside,,175.7,1.06,94.5,0.983,1335,1.0,0.9944,field,разметка подтверждена,2060393,g0216,1,,c0000,train,registered,7.740,1.00,,photo
base_pair_5f7865a30680_00008_partial.npz,base,5f7865a3458b56000772be4a,orto_basemap,partial,,243.0,2.43,70.67,0.876,1871,0.8047,0.8068,field,разметка подтверждена,2975074,g0216,1,,c0000,train,registered,7.740,1.00,,photo
base_pair_5f7865a30680_00009_inside.npz,base,5f7865a3458b56000772be4a,orto_basemap,inside,,227.6,5.87,239.39,1.104,1801,1.0,0.9992,field,разметка подтверждена,2665326,g0216,1,,c0000,train,registered,7.740,1.00,,photo
base_pair_5f7865a30680_00010_inside.npz,base,5f7865a3458b56000772be4a,orto_basemap,inside,,214.1,7.75,207.61,1.116,1612,1.0,0.9931,global,разметка подтверждена,3139481,g0216,1,,c0000,train,approx,8.000,0.30,,photo
base_pair_5f7865a30680_00011_inside.npz,base,5f7865a3458b56000772be4a,orto_basemap,inside,,191.6,2.95,182.18,1.034,1918,1.0,0.9954,global,разметка подтверждена,3324159,g0216,1,,c0000,train,approx,8.000,0.30,,photo
base_pair_60c2f011c2b9_00000_inside.npz,base,60c2f011c3b42f000788d320,orto_basemap,inside,,193.0,4.23,341.51,0.993,1469,1.0,0.9494,field,разметка подтверждена,2485069,g0287,1,,c0001,train,registered,4.470,1.00,,photo
base_pair_60c2f011c2b9_00001_partial.npz,base,60c2f011c3b42f000788d320,orto_basemap,partial,,231.7,2.03,48.26,1.113,847,0.6782,0.6856,field,разметка подтверждена,1538821,g0287,1,,c0001,train,registered,4.470,1.00,,photo
base_pair_60c2f011c2b9_00002_partial.npz,base,60c2f011c3b42f000788d320,orto_basemap,partial,,209.6,5.16,57.83,1.068,1127,0.8492,0.8301,field,разметка подтверждена,2435471,g0287,1,,c0001,train,registered,4.470,1.00,,photo
base_pair_60c2f011c2b9_00003_inside.npz,base,60c2f011c3b42f000788d320,orto_basemap,inside,,232.4,8.53,22.45,0.941,1214,1.0,0.993,field,разметка подтверждена,2380211,g0287,1,,c0001,train,registered,4.470,1.00,,photo
base_pair_60c2f011c2b9_00004_partial.npz,base,60c2f011c3b42f000788d320,orto_basemap,partial,,273.4,1.91,68.98,1.149,1623,0.847,0.8078,field,разметка подтверждена,2829520,g0287,1,,c0001,train,registered,4.470,1.00,,photo
base_pair_60c2f011c2b9_00005_inside.npz,base,60c2f011c3b42f000788d320,orto_basemap,inside,,265.0,2.15,300.8,1.132,1384,1.0,0.9582,field,разметка подтверждена,2387704,g0287,1,,c0001,train,registered,4.470,1.00,,photo
base_pair_60c2f011c2b9_00007_inside.npz,base,60c2f011c3b42f000788d320,orto_basemap,inside,,175.7,1.06,94.5,0.983,1335,1.0,0.9625,field,разметка подтверждена,2197573,g0287,1,,c0001,train,registered,4.470,1.00,,photo
base_pair_60c2f011c2b9_00008_partial.npz,base,60c2f011c3b42f000788d320,orto_basemap,partial,,243.0,2.43,70.67,0.876,1871,0.8047,0.7807,field,разметка подтверждена,2956531,g0287,1,,c0001,train,registered,4.470,1.00,,photo
base_pair_60c2f011c2b9_00009_inside.npz,base,60c2f011c3b42f000788d320,orto_basemap,inside,,227.6,5.87,239.39,1.104,1801,1.0,0.9885,field,разметка подтверждена,2585017,g0287,1,,c0001,train,registered,4.470,1.00,,photo
base_pair_60c2f011c2b9_00010_inside.npz,base,60c2f011c3b42f000788d320,orto_basemap,inside,,214.1,7.75,207.61,1.116,1612,1.0,0.9451,field,разметка подтверждена,3281634,g0287,1,,c0001,train,registered,4.470,1.00,,photo
base_pair_60c2f011c2b9_00011_inside.npz,base,60c2f011c3b42f000788d320,orto_basemap,inside,,191.6,2.95,182.18,1.034,1918,1.0,0.9369,field,разметка подтверждена,3497425,g0287,1,,c0001,train,registered,4.470,1.00,,photo
base_pair_5baea3d5176f_00000_inside.npz,base,5baea3d539d64d0005437531,orto_basemap,inside,,193.0,4.23,341.51,0.993,1469,1.0,0.9937,field,разметка подтверждена,2171470,g0069,1,,c0088,heldout,registered,5.760,1.00,,photo
base_pair_5baea3d5176f_00001_partial.npz,base,5baea3d539d64d0005437531,orto_basemap,partial,,231.7,2.03,48.26,1.113,847,0.6782,0.6819,field,разметка подтверждена,1534054,g0069,1,,c0088,heldout,registered,5.760,1.00,,photo
base_pair_5baea3d5176f_00002_partial.npz,base,5baea3d539d64d0005437531,orto_basemap,partial,,209.6,5.16,57.83,1.068,1127,0.8492,0.8424,field,разметка подтверждена,2346215,g0069,1,,c0088,heldout,registered,5.760,1.00,,photo
base_pair_5baea3d5176f_00003_inside.npz,base,5baea3d539d64d0005437531,orto_basemap,inside,,232.4,8.53,22.45,0.941,1214,1.0,1.0,field,разметка подтверждена,2391466,g0069,1,,c0088,heldout,registered,5.760,1.00,,photo
base_pair_5baea3d5176f_00004_partial.npz,base,5baea3d539d64d0005437531,orto_basemap,partial,,273.4,1.91,68.98,1.149,1623,0.847,0.853,field,разметка подтверждена,2550822,g0069,1,,c0088,heldout,registered,5.760,1.00,,photo
base_pair_5baea3d5176f_00005_inside.npz,base,5baea3d539d64d0005437531,orto_basemap,inside,,265.0,2.15,300.8,1.132,1384,1.0,0.9998,field,разметка подтверждена,2257230,g0069,1,,c0088,heldout,registered,5.760,1.00,,photo
base_pair_5baea3d5176f_00007_inside.npz,base,5baea3d539d64d0005437531,orto_basemap,inside,,175.7,1.06,94.5,0.983,1335,1.0,1.0,field,разметка подтверждена,1959979,g0069,1,,c0088,heldout,registered,5.760,1.00,,photo
base_pair_5baea3d5176f_00008_partial.npz,base,5baea3d539d64d0005437531,orto_basemap,partial,,243.0,2.43,70.67,0.876,1871,0.8047,0.8074,field,разметка подтверждена,2674251,g0069,1,,c0088,heldout,registered,5.760,1.00,,photo
base_pair_5baea3d5176f_00009_inside.npz,base,5baea3d539d64d0005437531,orto_basemap,inside,,227.6,5.87,239.39,1.104,1801,1.0,1.0,field,разметка подтверждена,2290119,g0069,1,,c0088,heldout,registered,5.760,1.00,,photo
base_pair_5baea3d5176f_00010_inside.npz,base,5baea3d539d64d0005437531,orto_basemap,inside,,214.1,7.75,207.61,1.116,1612,1.0,0.9974,global,разметка подтверждена,2837325,g0069,1,,c0088,heldout,approx,8.000,0.30,,photo
base_pair_5baea3d5176f_00011_inside.npz,base,5baea3d539d64d0005437531,orto_basemap,inside,,191.6,2.95,182.18,1.034,1918,1.0,0.9988,global,разметка подтверждена,2830805,g0069,1,,c0088,heldout,approx,8.000,0.30,,photo
base_pair_6a26f25a1637_00000_inside.npz,base,6a26f25af1c2b55eb679e3d0,orto_basemap,inside,,193.0,4.23,341.51,0.993,1469,1.0,1.0,cell_refine,разметка подтверждена,2330720,g0541,1,,c0068,heldout,registered,6.070,1.00,,photo
base_pair_6a26f25a1637_00001_partial.npz,base,6a26f25af1c2b55eb679e3d0,orto_basemap,partial,,231.7,2.03,48.26,1.113,847,0.6782,0.6888,cell_refine,разметка подтверждена,1530186,g0541,1,,c0068,heldout,registered,6.070,1.00,,photo
base_pair_6a26f25a1637_00002_partial.npz,base,6a26f25af1c2b55eb679e3d0,orto_basemap,partial,,209.6,5.16,57.83,1.068,1127,0.8492,0.8424,field,разметка подтверждена,2287838,g0541,1,,c0068,heldout,registered,6.070,1.00,,photo
base_pair_6a26f25a1637_00003_inside.npz,base,6a26f25af1c2b55eb679e3d0,orto_basemap,inside,,232.4,8.53,22.45,0.941,1214,1.0,1.0,field,разметка подтверждена,2181947,g0541,1,,c0068,heldout,registered,6.070,1.00,,photo
base_pair_6a26f25a1637_00004_partial.npz,base,6a26f25af1c2b55eb679e3d0,orto_basemap,partial,,273.4,1.91,68.98,1.149,1623,0.847,0.853,field,разметка подтверждена,2269405,g0541,1,,c0068,heldout,registered,6.070,1.00,,photo
base_pair_6a26f25a1637_00005_inside.npz,base,6a26f25af1c2b55eb679e3d0,orto_basemap,inside,,265.0,2.15,300.8,1.132,1384,1.0,1.0,field,разметка подтверждена,1988275,g0541,1,,c0068,heldout,registered,6.070,1.00,,photo
base_pair_6a26f25a1637_00007_inside.npz,base,6a26f25af1c2b55eb679e3d0,orto_basemap,inside,,175.7,1.06,94.5,0.983,1335,1.0,1.0,global,разметка подтверждена,1944018,g0541,1,,c0068,heldout,approx,8.000,0.30,,photo
base_pair_6a26f25a1637_00008_partial.npz,base,6a26f25af1c2b55eb679e3d0,orto_basemap,partial,,243.0,2.43,70.67,0.876,1871,0.8047,0.8074,field,разметка подтверждена,2284129,g0541,1,,c0068,heldout,registered,6.070,1.00,,photo
base_pair_6a26f25a1637_00009_inside.npz,base,6a26f25af1c2b55eb679e3d0,orto_basemap,inside,,227.6,5.87,239.39,1.104,1801,1.0,1.0,field,разметка подтверждена,2561248,g0541,1,,c0068,heldout,registered,6.070,1.00,,photo
base_pair_6a26f25a1637_00010_inside.npz,base,6a26f25af1c2b55eb679e3d0,orto_basemap,inside,,214.1,7.75,207.61,1.116,1612,1.0,1.0,field,разметка подтверждена,3009101,g0541,1,,c0068,heldout,registered,6.070,1.00,,photo
base_pair_6a26f25a1637_00011_inside.npz,base,6a26f25af1c2b55eb679e3d0,orto_basemap,inside,,191.6,2.95,182.18,1.034,1918,1.0,0.9999,field,разметка подтверждена,3082874,g0541,1,,c0068,heldout,registered,6.070,1.00,,photo
base_pair_5f69d17aa08d_00000_inside.npz,base,5f69d17a71d1f60005e6ab70,orto_basemap,inside,,193.0,4.23,341.51,0.993,1469,1.0,0.9997,global,разметка подтверждена,2276596,g0208,1,,c0000,train,approx,8.000,0.30,,photo
base_pair_5f69d17aa08d_00001_partial.npz,base,5f69d17a71d1f60005e6ab70,orto_basemap,partial,,231.7,2.03,48.26,1.113,847,0.6782,0.6887,global,разметка подтверждена,1529891,g0208,1,,c0000,train,approx,8.000,0.30,,photo
base_pair_5f69d17aa08d_00002_partial.npz,base,5f69d17a71d1f60005e6ab70,orto_basemap,partial,,209.6,5.16,57.83,1.068,1127,0.8492,0.8422,global,разметка подтверждена,2363952,g0208,1,,c0000,train,approx,8.000,0.30,,photo
base_pair_5f69d17aa08d_00003_inside.npz,base,5f69d17a71d1f60005e6ab70,orto_basemap,inside,,232.4,8.53,22.45,0.941,1214,1.0,1.0,global,разметка подтверждена,2421500,g0208,1,,c0000,train,approx,8.000,0.30,,photo
base_pair_5f69d17aa08d_00004_partial.npz,base,5f69d17a71d1f60005e6ab70,orto_basemap,partial,,273.4,1.91,68.98,1.149,1623,0.847,0.8511,cell_refine,разметка подтверждена,2872736,g0208,1,,c0000,train,registered,10.140,1.00,,photo
base_pair_5f69d17aa08d_00005_inside.npz,base,5f69d17a71d1f60005e6ab70,orto_basemap,inside,,265.0,2.15,300.8,1.132,1384,1.0,0.9988,cell_refine,разметка подтверждена,2438843,g0208,1,,c0000,train,registered,10.140,1.00,,photo
base_pair_5f69d17aa08d_00007_inside.npz,base,5f69d17a71d1f60005e6ab70,orto_basemap,inside,,175.7,1.06,94.5,0.983,1335,1.0,1.0,cell_refine,разметка подтверждена,2026495,g0208,1,,c0000,train,registered,10.140,1.00,,photo
base_pair_5f69d17aa08d_00008_partial.npz,base,5f69d17a71d1f60005e6ab70,orto_basemap,partial,,243.0,2.43,70.67,0.876,1871,0.8047,0.8068,field,разметка подтверждена,2978356,g0208,1,,c0000,train,registered,10.140,1.00,,photo
base_pair_5f69d17aa08d_00009_inside.npz,base,5f69d17a71d1f60005e6ab70,orto_basemap,inside,,227.6,5.87,239.39,1.104,1801,1.0,0.9984,field,разметка подтверждена,2659142,g0208,1,,c0000,train,registered,10.140,1.00,,photo
base_pair_5f69d17aa08d_00010_inside.npz,base,5f69d17a71d1f60005e6ab70,orto_basemap,inside,,214.1,7.75,207.61,1.116,1612,1.0,1.0,field,разметка подтверждена,2885126,g0208,1,,c0000,train,registered,10.140,1.00,,photo
base_pair_5f69d17aa08d_00011_inside.npz,base,5f69d17a71d1f60005e6ab70,orto_basemap,inside,,191.6,2.95,182.18,1.034,1918,1.0,1.0,field,разметка подтверждена,3035710,g0208,1,,c0000,train,registered,10.140,1.00,,photo
base_pair_5b41f072a29e_00000_inside.npz,base,5b41f0722b6a08001185f93f,orto_basemap,inside,,193.0,4.23,341.51,0.993,1469,1.0,0.9999,cell_refine,разметка подтверждена,2098978,g0036,1,,c0000,train,registered,2.300,1.00,,photo
base_pair_5b41f072a29e_00001_partial.npz,base,5b41f0722b6a08001185f93f,orto_basemap,partial,,231.7,2.03,48.26,1.113,847,0.6782,0.6885,cell_refine,разметка подтверждена,1431786,g0036,1,,c0000,train,registered,2.300,1.00,,photo
base_pair_5b41f072a29e_00002_partial.npz,base,5b41f0722b6a08001185f93f,orto_basemap,partial,,209.6,5.16,57.83,1.068,1127,0.8492,0.8406,field,разметка подтверждена,2210302,g0036,1,,c0000,train,registered,2.300,1.00,,photo
base_pair_5b41f072a29e_00003_inside.npz,base,5b41f0722b6a08001185f93f,orto_basemap,inside,,232.4,8.53,22.45,0.941,1214,1.0,0.999,field,разметка подтверждена,2248123,g0036,1,,c0000,train,registered,2.300,1.00,,photo
base_pair_5b41f072a29e_00004_partial.npz,base,5b41f0722b6a08001185f93f,orto_basemap,partial,,273.4,1.91,68.98,1.149,1623,0.847,0.8388,global,разметка подтверждена,2637439,g0036,1,,c0000,train,approx,8.000,0.30,,photo
base_pair_5b41f072a29e_00005_inside.npz,base,5b41f0722b6a08001185f93f,orto_basemap,inside,,265.0,2.15,300.8,1.132,1384,1.0,0.9929,global,разметка подтверждена,2235157,g0036,1,,c0000,train,approx,8.000,0.30,,photo
base_pair_5b41f072a29e_00007_inside.npz,base,5b41f0722b6a08001185f93f,orto_basemap,inside,,175.7,1.06,94.5,0.983,1335,1.0,0.9939,global,разметка подтверждена,1947089,g0036,1,,c0000,train,approx,8.000,0.30,,photo
base_pair_5b41f072a29e_00008_partial.npz,base,5b41f0722b6a08001185f93f,orto_basemap,partial,,243.0,2.43,70.67,0.876,1871,0.8047,0.8025,field,разметка подтверждена,2820403,g0036,1,,c0000,train,registered,2.300,1.00,,photo
base_pair_5b41f072a29e_00009_inside.npz,base,5b41f0722b6a08001185f93f,orto_basemap,inside,,227.6,5.87,239.39,1.104,1801,1.0,0.9905,field,разметка подтверждена,2520110,g0036,1,,c0000,train,registered,2.300,1.00,,photo
base_pair_5b41f072a29e_00010_inside.npz,base,5b41f0722b6a08001185f93f,orto_basemap,inside,,214.1,7.75,207.61,1.116,1612,1.0,0.9979,field,разметка подтверждена,3012821,g0036,1,,c0000,train,registered,2.300,1.00,,photo
base_pair_5b41f072a29e_00011_inside.npz,base,5b41f0722b6a08001185f93f,orto_basemap,inside,,191.6,2.95,182.18,1.034,1918,1.0,0.9987,field,разметка подтверждена,3165788,g0036,1,,c0000,train,registered,2.300,1.00,,photo
base_pair_5bbe6dfd3897_00000_inside.npz,base,5bbe6dfdfb28140006123420,orto_basemap,inside,,193.0,4.23,341.51,0.993,1469,1.0,0.9986,field,разметка подтверждена,2193875,g0076,1,,c0035,train,registered,6.250,1.00,,photo
base_pair_5bbe6dfd3897_00001_partial.npz,base,5bbe6dfdfb28140006123420,orto_basemap,partial,,231.7,2.03,48.26,1.113,847,0.6782,0.6882,field,разметка подтверждена,1540619,g0076,1,,c0035,train,registered,6.250,1.00,,photo
base_pair_5bbe6dfd3897_00002_partial.npz,base,5bbe6dfdfb28140006123420,orto_basemap,partial,,209.6,5.16,57.83,1.068,1127,0.8492,0.8421,field,разметка подтверждена,2241611,g0076,1,,c0035,train,registered,6.250,1.00,,photo
base_pair_5bbe6dfd3897_00003_inside.npz,base,5bbe6dfdfb28140006123420,orto_basemap,inside,,232.4,8.53,22.45,0.941,1214,1.0,0.9993,field,разметка подтверждена,2294815,g0076,1,,c0035,train,registered,6.250,1.00,,photo
base_pair_5bbe6dfd3897_00004_partial.npz,base,5bbe6dfdfb28140006123420,orto_basemap,partial,,273.4,1.91,68.98,1.149,1623,0.847,0.7722,field,разметка подтверждена,2320498,g0076,1,,c0035,train,registered,6.250,1.00,,photo
base_pair_5bbe6dfd3897_00005_inside.npz,base,5bbe6dfdfb28140006123420,orto_basemap,inside,,265.0,2.15,300.8,1.132,1384,1.0,0.9986,field,разметка подтверждена,2216756,g0076,1,,c0035,train,registered,6.250,1.00,,photo
base_pair_5bbe6dfd3897_00007_inside.npz,base,5bbe6dfdfb28140006123420,orto_basemap,inside,,175.7,1.06,94.5,0.983,1335,1.0,1.0,field,разметка подтверждена,1867561,g0076,1,,c0035,train,registered,6.250,1.00,,photo
base_pair_5bbe6dfd3897_00008_partial.npz,base,5bbe6dfdfb28140006123420,orto_basemap,partial,,243.0,2.43,70.67,0.876,1871,0.8047,0.7722,field,разметка подтверждена,2482900,g0076,1,,c0035,train,registered,6.250,1.00,,photo
base_pair_5bbe6dfd3897_00009_inside.npz,base,5bbe6dfdfb28140006123420,orto_basemap,inside,,227.6,5.87,239.39,1.104,1801,1.0,0.9998,field,разметка подтверждена,2446018,g0076,1,,c0035,train,registered,6.250,1.00,,photo
base_pair_34c0f34d2513_00000_inside.npz,base,34c0f34d-2d19-429f-a32c-f38ad637d805,orto_basemap,inside,,193.0,4.23,341.51,0.993,1469,1.0,0.9994,cell_refine,разметка подтверждена,2473092,g0026,1,,c0078,val,registered,3.230,1.00,,photo
base_pair_34c0f34d2513_00001_partial.npz,base,34c0f34d-2d19-429f-a32c-f38ad637d805,orto_basemap,partial,,231.7,2.03,48.26,1.113,847,0.6782,0.6886,cell_refine,разметка подтверждена,1609370,g0026,1,,c0078,val,registered,3.230,1.00,,photo
base_pair_34c0f34d2513_00002_partial.npz,base,34c0f34d-2d19-429f-a32c-f38ad637d805,orto_basemap,partial,,209.6,5.16,57.83,1.068,1127,0.8492,0.8341,field,разметка подтверждена,2303280,g0026,1,,c0078,val,registered,3.230,1.00,,photo
base_pair_34c0f34d2513_00003_inside.npz,base,34c0f34d-2d19-429f-a32c-f38ad637d805,orto_basemap,inside,,232.4,8.53,22.45,0.941,1214,1.0,0.9993,field,разметка подтверждена,2254149,g0026,1,,c0078,val,registered,3.230,1.00,,photo
base_pair_34c0f34d2513_00004_partial.npz,base,34c0f34d-2d19-429f-a32c-f38ad637d805,orto_basemap,partial,,273.4,1.91,68.98,1.149,1623,0.847,0.8275,field,разметка подтверждена,2645369,g0026,1,,c0078,val,registered,3.230,1.00,,photo
base_pair_34c0f34d2513_00005_inside.npz,base,34c0f34d-2d19-429f-a32c-f38ad637d805,orto_basemap,inside,,265.0,2.15,300.8,1.132,1384,1.0,0.9679,field,разметка подтверждена,2282856,g0026,1,,c0078,val,registered,3.230,1.00,,photo
base_pair_34c0f34d2513_00007_inside.npz,base,34c0f34d-2d19-429f-a32c-f38ad637d805,orto_basemap,inside,,175.7,1.06,94.5,0.983,1335,1.0,0.9981,field,разметка подтверждена,2080982,g0026,1,,c0078,val,registered,3.230,1.00,,photo
base_pair_34c0f34d2513_00008_partial.npz,base,34c0f34d-2d19-429f-a32c-f38ad637d805,orto_basemap,partial,,243.0,2.43,70.67,0.876,1871,0.8047,0.7477,field,разметка подтверждена,2596290,g0026,1,,c0078,val,registered,3.230,1.00,,photo
base_pair_34c0f34d2513_00009_inside.npz,base,34c0f34d-2d19-429f-a32c-f38ad637d805,orto_basemap,inside,,227.6,5.87,239.39,1.104,1801,1.0,0.9964,field,разметка подтверждена,2736685,g0026,1,,c0078,val,registered,3.230,1.00,,photo
base_pair_5c48908c0da3_00000_inside.npz,base,5c48908c9713e40005fd4010,orto_basemap,inside,,193.0,4.23,341.51,0.993,1469,1.0,0.9941,cell_refine,разметка подтверждена,2294019,g0092,1,,c0000,train,registered,4.540,1.00,,photo
base_pair_5c48908c0da3_00001_partial.npz,base,5c48908c9713e40005fd4010,orto_basemap,partial,,231.7,2.03,48.26,1.113,847,0.6782,0.6799,cell_refine,разметка подтверждена,1562207,g0092,1,,c0000,train,registered,4.540,1.00,,photo
base_pair_5c48908c0da3_00002_partial.npz,base,5c48908c9713e40005fd4010,orto_basemap,partial,,209.6,5.16,57.83,1.068,1127,0.8492,0.8422,field,разметка подтверждена,2380114,g0092,1,,c0000,train,registered,4.540,1.00,,photo
base_pair_5c48908c0da3_00003_inside.npz,base,5c48908c9713e40005fd4010,orto_basemap,inside,,232.4,8.53,22.45,0.941,1214,1.0,0.9999,field,разметка подтверждена,2451047,g0092,1,,c0000,train,registered,4.540,1.00,,photo
base_pair_5c48908c0da3_00004_partial.npz,base,5c48908c9713e40005fd4010,orto_basemap,partial,,273.4,1.91,68.98,1.149,1623,0.847,0.8521,field,разметка подтверждена,2767264,g0092,1,,c0000,train,registered,4.540,1.00,,photo
base_pair_5c48908c0da3_00005_inside.npz,base,5c48908c9713e40005fd4010,orto_basemap,inside,,265.0,2.15,300.8,1.132,1384,1.0,0.9991,field,разметка подтверждена,2427888,g0092,1,,c0000,train,registered,4.540,1.00,,photo
base_pair_5c48908c0da3_00007_inside.npz,base,5c48908c9713e40005fd4010,orto_basemap,inside,,175.7,1.06,94.5,0.983,1335,1.0,0.999,field,разметка подтверждена,2096356,g0092,1,,c0000,train,registered,4.540,1.00,,photo
base_pair_5c48908c0da3_00008_partial.npz,base,5c48908c9713e40005fd4010,orto_basemap,partial,,243.0,2.43,70.67,0.876,1871,0.8047,0.8074,field,разметка подтверждена,2913983,g0092,1,,c0000,train,registered,4.540,1.00,,photo
base_pair_5c48908c0da3_00009_inside.npz,base,5c48908c9713e40005fd4010,orto_basemap,inside,,227.6,5.87,239.39,1.104,1801,1.0,0.9992,field,разметка подтверждена,2594945,g0092,1,,c0000,train,registered,4.540,1.00,,photo
base_pair_5bd71b0f8459_00000_inside.npz,base,5bd71b0f40de3f0005f21520,orto_basemap,inside,,193.0,4.23,341.51,0.993,1469,1.0,0.9996,field,разметка подтверждена,2218809,g0084,1,,c0005,heldout,registered,2.360,1.00,,photo
base_pair_5bd71b0f8459_00001_partial.npz,base,5bd71b0f40de3f0005f21520,orto_basemap,partial,,231.7,2.03,48.26,1.113,847,0.6782,0.6885,field,разметка подтверждена,1506423,g0084,1,,c0005,heldout,registered,2.360,1.00,,photo
base_pair_5bd71b0f8459_00002_partial.npz,base,5bd71b0f40de3f0005f21520,orto_basemap,partial,,209.6,5.16,57.83,1.068,1127,0.8492,0.8421,field,разметка подтверждена,2334512,g0084,1,,c0005,heldout,registered,2.360,1.00,,photo
base_pair_5bd71b0f8459_00003_inside.npz,base,5bd71b0f40de3f0005f21520,orto_basemap,inside,,232.4,8.53,22.45,0.941,1214,1.0,0.9995,field,разметка подтверждена,2418356,g0084,1,,c0005,heldout,registered,2.360,1.00,,photo
base_pair_5bd71b0f8459_00004_partial.npz,base,5bd71b0f40de3f0005f21520,orto_basemap,partial,,273.4,1.91,68.98,1.149,1623,0.847,0.8527,field,разметка подтверждена,2706291,g0084,1,,c0005,heldout,registered,2.360,1.00,,photo
base_pair_5bd71b0f8459_00005_inside.npz,base,5bd71b0f40de3f0005f21520,orto_basemap,inside,,265.0,2.15,300.8,1.132,1384,1.0,0.9966,field,разметка подтверждена,2340647,g0084,1,,c0005,heldout,registered,2.360,1.00,,photo
base_pair_5bd71b0f8459_00007_inside.npz,base,5bd71b0f40de3f0005f21520,orto_basemap,inside,,175.7,1.06,94.5,0.983,1335,1.0,0.9998,field,разметка подтверждена,1964746,g0084,1,,c0005,heldout,registered,2.360,1.00,,photo
base_pair_5bd71b0f8459_00008_partial.npz,base,5bd71b0f40de3f0005f21520,orto_basemap,partial,,243.0,2.43,70.67,0.876,1871,0.8047,0.8073,field,разметка подтверждена,2908577,g0084,1,,c0005,heldout,registered,2.360,1.00,,photo
base_pair_5bd71b0f8459_00009_inside.npz,base,5bd71b0f40de3f0005f21520,orto_basemap,inside,,227.6,5.87,239.39,1.104,1801,1.0,0.9995,field,разметка подтверждена,2669873,g0084,1,,c0005,heldout,registered,2.360,1.00,,photo
base_pair_5bd71b0f8459_00010_inside.npz,base,5bd71b0f40de3f0005f21520,orto_basemap,inside,,214.1,7.75,207.61,1.116,1612,1.0,0.998,field,разметка подтверждена,3172444,g0084,1,,c0005,heldout,registered,2.360,1.00,,photo
base_pair_5bd71b0f8459_00011_inside.npz,base,5bd71b0f40de3f0005f21520,orto_basemap,inside,,191.6,2.95,182.18,1.034,1918,1.0,0.9979,field,разметка подтверждена,3212796,g0084,1,,c0005,heldout,registered,2.360,1.00,,photo
base_pair_60e423fb7771_00000_inside.npz,base,60e423fb5bc2dc00058bbdde,orto_basemap,inside,,193.0,4.23,341.51,0.993,1469,1.0,0.9999,cell_refine,разметка подтверждена,2119748,g0297,1,,c0025,train,registered,3.410,1.00,,photo
base_pair_60e423fb7771_00001_partial.npz,base,60e423fb5bc2dc00058bbdde,orto_basemap,partial,,231.7,2.03,48.26,1.113,847,0.6782,0.6888,cell_refine,разметка подтверждена,1480054,g0297,1,,c0025,train,registered,3.410,1.00,,photo
base_pair_60e423fb7771_00002_partial.npz,base,60e423fb5bc2dc00058bbdde,orto_basemap,partial,,209.6,5.16,57.83,1.068,1127,0.8492,0.8421,field,разметка подтверждена,2255296,g0297,1,,c0025,train,registered,3.410,1.00,,photo
base_pair_60e423fb7771_00003_inside.npz,base,60e423fb5bc2dc00058bbdde,orto_basemap,inside,,232.4,8.53,22.45,0.941,1214,1.0,0.999,field,разметка подтверждена,2310952,g0297,1,,c0025,train,registered,3.410,1.00,,photo
base_pair_60e423fb7771_00004_partial.npz,base,60e423fb5bc2dc00058bbdde,orto_basemap,partial,,273.4,1.91,68.98,1.149,1623,0.847,0.8529,field,разметка подтверждена,2548099,g0297,1,,c0025,train,registered,3.410,1.00,,photo
base_pair_60e423fb7771_00005_inside.npz,base,60e423fb5bc2dc00058bbdde,orto_basemap,inside,,265.0,2.15,300.8,1.132,1384,1.0,0.9998,field,разметка подтверждена,2208611,g0297,1,,c0025,train,registered,3.410,1.00,,photo
base_pair_60e423fb7771_00007_inside.npz,base,60e423fb5bc2dc00058bbdde,orto_basemap,inside,,175.7,1.06,94.5,0.983,1335,1.0,0.9987,field,разметка подтверждена,1837029,g0297,1,,c0025,train,registered,3.410,1.00,,photo
base_pair_60e423fb7771_00008_partial.npz,base,60e423fb5bc2dc00058bbdde,orto_basemap,partial,,243.0,2.43,70.67,0.876,1871,0.8047,0.8064,field,разметка подтверждена,2560606,g0297,1,,c0025,train,registered,3.410,1.00,,photo
base_pair_60e423fb7771_00009_inside.npz,base,60e423fb5bc2dc00058bbdde,orto_basemap,inside,,227.6,5.87,239.39,1.104,1801,1.0,0.9988,field,разметка подтверждена,2410433,g0297,1,,c0025,train,registered,3.410,1.00,,photo
base_pair_60e423fb7771_00010_inside.npz,base,60e423fb5bc2dc00058bbdde,orto_basemap,inside,,214.1,7.75,207.61,1.116,1612,1.0,1.0,field,разметка подтверждена,2846455,g0297,1,,c0025,train,registered,3.410,1.00,,photo
base_pair_60e423fb7771_00011_inside.npz,base,60e423fb5bc2dc00058bbdde,orto_basemap,inside,,191.6,2.95,182.18,1.034,1918,1.0,1.0,field,разметка подтверждена,2855775,g0297,1,,c0025,train,registered,3.410,1.00,,photo
base_pair_5baf3d6e1939_00000_inside.npz,base,5baf3d6ea28dc0000543f05e,orto_basemap,inside,,193.0,4.23,341.51,0.993,1469,1.0,0.9996,global,разметка подтверждена,2112745,g0070,1,,c0000,train,approx,8.000,0.30,,photo
base_pair_5baf3d6e1939_00001_partial.npz,base,5baf3d6ea28dc0000543f05e,orto_basemap,partial,,231.7,2.03,48.26,1.113,847,0.6782,0.6879,global,разметка подтверждена,1538311,g0070,1,,c0000,train,approx,8.000,0.30,,photo
base_pair_5baf3d6e1939_00002_partial.npz,base,5baf3d6ea28dc0000543f05e,orto_basemap,partial,,209.6,5.16,57.83,1.068,1127,0.8492,0.8135,cell_refine,разметка подтверждена,2069752,g0070,1,,c0000,train,registered,6.220,1.00,,photo
base_pair_5baf3d6e1939_00003_inside.npz,base,5baf3d6ea28dc0000543f05e,orto_basemap,inside,,232.4,8.53,22.45,0.941,1214,1.0,0.9993,cell_refine,разметка подтверждена,2225564,g0070,1,,c0000,train,registered,6.220,1.00,,photo
base_pair_5baf3d6e1939_00004_partial.npz,base,5baf3d6ea28dc0000543f05e,orto_basemap,partial,,273.4,1.91,68.98,1.149,1623,0.847,0.8522,field,разметка подтверждена,2663429,g0070,1,,c0000,train,registered,6.220,1.00,,photo
base_pair_5baf3d6e1939_00005_inside.npz,base,5baf3d6ea28dc0000543f05e,orto_basemap,inside,,265.0,2.15,300.8,1.132,1384,1.0,0.9999,field,разметка подтверждена,2211418,g0070,1,,c0000,train,registered,6.220,1.00,,photo
base_pair_5baf3d6e1939_00007_inside.npz,base,5baf3d6ea28dc0000543f05e,orto_basemap,inside,,175.7,1.06,94.5,0.983,1335,1.0,1.0,field,разметка подтверждена,1881229,g0070,1,,c0000,train,registered,6.220,1.00,,photo
base_pair_5fe46bce9942_00000_inside.npz,base,5fe46bce7db4cf0005cd4c27,orto_basemap,inside,,193.0,4.23,341.51,0.993,1469,1.0,0.9515,cell_refine,разметка подтверждена,2612055,g0245,1,,c0001,train,registered,5.930,1.00,,photo
base_pair_5fe46bce9942_00001_partial.npz,base,5fe46bce7db4cf0005cd4c27,orto_basemap,partial,,231.7,2.03,48.26,1.113,847,0.6782,0.6474,cell_refine,разметка подтверждена,1529412,g0245,1,,c0001,train,registered,5.930,1.00,,photo
base_pair_5fe46bce9942_00002_partial.npz,base,5fe46bce7db4cf0005cd4c27,orto_basemap,partial,,209.6,5.16,57.83,1.068,1127,0.8492,0.7883,field,разметка подтверждена,2472226,g0245,1,,c0001,train,registered,5.930,1.00,,photo
base_pair_5fe46bce9942_00003_inside.npz,base,5fe46bce7db4cf0005cd4c27,orto_basemap,inside,,232.4,8.53,22.45,0.941,1214,1.0,0.9438,field,разметка подтверждена,2441943,g0245,1,,c0001,train,registered,5.930,1.00,,photo
base_pair_5fe46bce9942_00004_partial.npz,base,5fe46bce7db4cf0005cd4c27,orto_basemap,partial,,273.4,1.91,68.98,1.149,1623,0.847,0.8148,field,разметка подтверждена,2856020,g0245,1,,c0001,train,registered,5.930,1.00,,photo
base_pair_5fe46bce9942_00005_inside.npz,base,5fe46bce7db4cf0005cd4c27,orto_basemap,inside,,265.0,2.15,300.8,1.132,1384,1.0,0.9654,field,разметка подтверждена,2440129,g0245,1,,c0001,train,registered,5.930,1.00,,photo
base_pair_5fe46bce9942_00007_inside.npz,base,5fe46bce7db4cf0005cd4c27,orto_basemap,inside,,175.7,1.06,94.5,0.983,1335,1.0,0.9761,field,разметка подтверждена,2214105,g0245,1,,c0001,train,registered,5.930,1.00,,photo
base_pair_5bbe1ddcbcfa_00000_inside.npz,base,5bbe1ddc0ab77f0005240dc3,orto_basemap,inside,,193.0,4.23,341.51,0.993,1469,1.0,0.9997,cell_refine,разметка подтверждена,2193979,g0074,1,,c0000,train,registered,6.140,1.00,,photo
base_pair_5bbe1ddcbcfa_00001_partial.npz,base,5bbe1ddc0ab77f0005240dc3,orto_basemap,partial,,231.7,2.03,48.26,1.113,847,0.6782,0.6887,cell_refine,разметка подтверждена,1556649,g0074,1,,c0000,train,registered,6.140,1.00,,photo
base_pair_5bbe1ddcbcfa_00002_partial.npz,base,5bbe1ddc0ab77f0005240dc3,orto_basemap,partial,,209.6,5.16,57.83,1.068,1127,0.8492,0.8422,global,разметка подтверждена,2380716,g0074,1,,c0000,train,approx,8.000,0.30,,photo
base_pair_5bbe1ddcbcfa_00003_inside.npz,base,5bbe1ddc0ab77f0005240dc3,orto_basemap,inside,,232.4,8.53,22.45,0.941,1214,1.0,1.0,global,разметка подтверждена,2463223,g0074,1,,c0000,train,approx,8.000,0.30,,photo
base_pair_5bbe1ddcbcfa_00004_partial.npz,base,5bbe1ddc0ab77f0005240dc3,orto_basemap,partial,,273.4,1.91,68.98,1.149,1623,0.847,0.853,field,разметка подтверждена,2711669,g0074,1,,c0000,train,registered,6.140,1.00,,photo
base_pair_5bbe1ddcbcfa_00005_inside.npz,base,5bbe1ddc0ab77f0005240dc3,orto_basemap,inside,,265.0,2.15,300.8,1.132,1384,1.0,1.0,field,разметка подтверждена,2358340,g0074,1,,c0000,train,registered,6.140,1.00,,photo
base_pair_5bbe1ddcbcfa_00007_inside.npz,base,5bbe1ddc0ab77f0005240dc3,orto_basemap,inside,,175.7,1.06,94.5,0.983,1335,1.0,0.9999,global,разметка подтверждена,1949830,g0074,1,,c0000,train,approx,8.000,0.30,,photo
base_pair_5bbe1ddcbcfa_00008_partial.npz,base,5bbe1ddc0ab77f0005240dc3,orto_basemap,partial,,243.0,2.43,70.67,0.876,1871,0.8047,0.8073,field,разметка подтверждена,2803383,g0074,1,,c0000,train,registered,6.140,1.00,,photo
base_pair_5bbe1ddcbcfa_00009_inside.npz,base,5bbe1ddc0ab77f0005240dc3,orto_basemap,inside,,227.6,5.87,239.39,1.104,1801,1.0,0.9998,field,разметка подтверждена,2487917,g0074,1,,c0000,train,registered,6.140,1.00,,photo
base_pair_5d891dd7fc25_00000_inside.npz,base,5d891dd7c54930000548a7ae,orto_basemap,inside,,193.0,4.23,341.51,0.993,1469,1.0,1.0,field,разметка подтверждена,2120780,g0114,1,,c0000,train,registered,6.240,1.00,,photo
base_pair_5d891dd7fc25_00001_partial.npz,base,5d891dd7c54930000548a7ae,orto_basemap,partial,,231.7,2.03,48.26,1.113,847,0.6782,0.6888,field,разметка подтверждена,1487654,g0114,1,,c0000,train,registered,6.240,1.00,,photo
base_pair_5d891dd7fc25_00002_partial.npz,base,5d891dd7c54930000548a7ae,orto_basemap,partial,,209.6,5.16,57.83,1.068,1127,0.8492,0.8422,field,разметка подтверждена,2037925,g0114,1,,c0000,train,registered,6.240,1.00,,photo
base_pair_5d891dd7fc25_00003_inside.npz,base,5d891dd7c54930000548a7ae,orto_basemap,inside,,232.4,8.53,22.45,0.941,1214,1.0,0.9899,field,разметка подтверждена,2105974,g0114,1,,c0000,train,registered,6.240,1.00,,photo
base_pair_5d891dd7fc25_00004_partial.npz,base,5d891dd7c54930000548a7ae,orto_basemap,partial,,273.4,1.91,68.98,1.149,1623,0.847,0.852,field,разметка подтверждена,2297364,g0114,1,,c0000,train,registered,6.240,1.00,,photo
base_pair_5d891dd7fc25_00005_inside.npz,base,5d891dd7c54930000548a7ae,orto_basemap,inside,,265.0,2.15,300.8,1.132,1384,1.0,0.9996,field,разметка подтверждена,1948881,g0114,1,,c0000,train,registered,6.240,1.00,,photo
base_pair_5d891dd7fc25_00007_inside.npz,base,5d891dd7c54930000548a7ae,orto_basemap,inside,,175.7,1.06,94.5,0.983,1335,1.0,0.9989,field,разметка подтверждена,1805317,g0114,1,,c0000,train,registered,6.240,1.00,,photo
base_pair_6637adc6c62e_00000_inside.npz,base,6637adc66049ef00013b8398,orto_basemap,inside,,193.0,4.23,341.51,0.993,1469,1.0,0.9995,global,разметка подтверждена,2308429,g0008,2,revisit,c0054,heldout,approx,8.000,0.30,,photo
base_pair_6637adc6c62e_00001_partial.npz,base,6637adc66049ef00013b8398,orto_basemap,partial,,231.7,2.03,48.26,1.113,847,0.6782,0.6885,global,разметка подтверждена,1570633,g0008,2,revisit,c0054,heldout,approx,8.000,0.30,,photo
base_pair_6637adc6c62e_00002_partial.npz,base,6637adc66049ef00013b8398,orto_basemap,partial,,209.6,5.16,57.83,1.068,1127,0.8492,0.8422,field,разметка подтверждена,2438119,g0008,2,revisit,c0054,heldout,registered,9.310,1.00,,photo
base_pair_6637adc6c62e_00003_inside.npz,base,6637adc66049ef00013b8398,orto_basemap,inside,,232.4,8.53,22.45,0.941,1214,1.0,0.9885,field,разметка подтверждена,2366137,g0008,2,revisit,c0054,heldout,registered,9.310,1.00,,photo
base_pair_6637adc6c62e_00004_partial.npz,base,6637adc66049ef00013b8398,orto_basemap,partial,,273.4,1.91,68.98,1.149,1623,0.847,0.8525,field,разметка подтверждена,2640105,g0008,2,revisit,c0054,heldout,registered,9.310,1.00,,photo
base_pair_6637adc6c62e_00005_inside.npz,base,6637adc66049ef00013b8398,orto_basemap,inside,,265.0,2.15,300.8,1.132,1384,1.0,0.9999,field,разметка подтверждена,2291628,g0008,2,revisit,c0054,heldout,registered,9.310,1.00,,photo
base_pair_6637adc6c62e_00007_inside.npz,base,6637adc66049ef00013b8398,orto_basemap,inside,,175.7,1.06,94.5,0.983,1335,1.0,0.9981,global,разметка подтверждена,2035122,g0008,2,revisit,c0054,heldout,approx,8.000,0.30,,photo
base_pair_6637adc6c62e_00008_partial.npz,base,6637adc66049ef00013b8398,orto_basemap,partial,,243.0,2.43,70.67,0.876,1871,0.8047,0.8049,field,разметка подтверждена,2634424,g0008,2,revisit,c0054,heldout,registered,9.310,1.00,,photo
base_pair_6637adc6c62e_00009_inside.npz,base,6637adc66049ef00013b8398,orto_basemap,inside,,227.6,5.87,239.39,1.104,1801,1.0,0.9992,field,разметка подтверждена,2689736,g0008,2,revisit,c0054,heldout,registered,9.310,1.00,,photo
base_pair_6637adc6c62e_00010_inside.npz,base,6637adc66049ef00013b8398,orto_basemap,inside,,214.1,7.75,207.61,1.116,1612,1.0,0.9995,field,разметка подтверждена,3067353,g0008,2,revisit,c0054,heldout,registered,9.310,1.00,,photo
base_pair_6637adc6c62e_00011_inside.npz,base,6637adc66049ef00013b8398,orto_basemap,inside,,191.6,2.95,182.18,1.034,1918,1.0,0.9995,field,разметка подтверждена,3152223,g0008,2,revisit,c0054,heldout,registered,9.310,1.00,,photo
base_pair_5be158eb5836_00000_inside.npz,base,5be158eb430b4d000569fa2c,orto_basemap,inside,,193.0,4.23,341.51,0.993,1469,1.0,0.9997,field,разметка подтверждена,2272733,g0087,1,,c0000,train,registered,4.850,1.00,,photo
base_pair_5be158eb5836_00001_partial.npz,base,5be158eb430b4d000569fa2c,orto_basemap,partial,,231.7,2.03,48.26,1.113,847,0.6782,0.6888,field,разметка подтверждена,1526372,g0087,1,,c0000,train,registered,4.850,1.00,,photo
base_pair_5be158eb5836_00002_partial.npz,base,5be158eb430b4d000569fa2c,orto_basemap,partial,,209.6,5.16,57.83,1.068,1127,0.8492,0.8317,field,разметка подтверждена,2354506,g0087,1,,c0000,train,registered,4.850,1.00,,photo
base_pair_5be158eb5836_00003_inside.npz,base,5be158eb430b4d000569fa2c,orto_basemap,inside,,232.4,8.53,22.45,0.941,1214,1.0,0.9904,field,разметка подтверждена,2434058,g0087,1,,c0000,train,registered,4.850,1.00,,photo
base_pair_5be158eb5836_00004_partial.npz,base,5be158eb430b4d000569fa2c,orto_basemap,partial,,273.4,1.91,68.98,1.149,1623,0.847,0.8525,field,разметка подтверждена,2744061,g0087,1,,c0000,train,registered,4.850,1.00,,photo
base_pair_5be158eb5836_00005_inside.npz,base,5be158eb430b4d000569fa2c,orto_basemap,inside,,265.0,2.15,300.8,1.132,1384,1.0,0.9999,field,разметка подтверждена,2403583,g0087,1,,c0000,train,registered,4.850,1.00,,photo
base_pair_5be158eb5836_00007_inside.npz,base,5be158eb430b4d000569fa2c,orto_basemap,inside,,175.7,1.06,94.5,0.983,1335,1.0,0.9994,field,разметка подтверждена,2017963,g0087,1,,c0000,train,registered,4.850,1.00,,photo
base_pair_5be158eb5836_00008_partial.npz,base,5be158eb430b4d000569fa2c,orto_basemap,partial,,243.0,2.43,70.67,0.876,1871,0.8047,0.8074,field,разметка подтверждена,2944423,g0087,1,,c0000,train,registered,4.850,1.00,,photo
base_pair_5be158eb5836_00009_inside.npz,base,5be158eb430b4d000569fa2c,orto_basemap,inside,,227.6,5.87,239.39,1.104,1801,1.0,0.9997,field,разметка подтверждена,2731821,g0087,1,,c0000,train,registered,4.850,1.00,,photo
base_pair_68b9250f9ac4_00000_inside.npz,base,68b9250f933f12d326a7642c,orto_basemap,inside,,193.0,4.23,341.51,0.693,1025,1.0,1.0,field,разметка подтверждена,1607479,g0507,1,,c0002,heldout,registered,1.610,1.00,,photo
base_pair_68b9250f9ac4_00001_partial.npz,base,68b9250f933f12d326a7642c,orto_basemap,partial,,231.7,2.03,48.26,0.832,768,0.7424,0.7525,field,разметка подтверждена,1341458,g0507,1,,c0002,heldout,registered,1.610,1.00,,photo
base_pair_68b9250f9ac4_00002_partial.npz,base,68b9250f933f12d326a7642c,orto_basemap,partial,,209.6,5.16,57.83,0.753,794,0.8487,0.8418,field,разметка подтверждена,1994154,g0507,1,,c0002,heldout,registered,1.610,1.00,,photo
base_pair_68b9250f9ac4_00003_inside.npz,base,68b9250f933f12d326a7642c,orto_basemap,inside,,232.4,8.53,22.45,0.835,1077,1.0,0.9998,field,разметка подтверждена,2000306,g0507,1,,c0002,heldout,registered,1.610,1.00,,photo
base_pair_68b9250f9ac4_00004_partial.npz,base,68b9250f933f12d326a7642c,orto_basemap,partial,,273.4,1.91,68.98,0.982,1387,0.847,0.853,field,разметка подтверждена,2094205,g0507,1,,c0002,heldout,registered,1.610,1.00,,photo
base_pair_68b9250f9ac4_00005_inside.npz,base,68b9250f933f12d326a7642c,orto_basemap,inside,,265.0,2.15,300.8,0.952,1164,1.0,1.0,field,разметка подтверждена,1853376,g0507,1,,c0002,heldout,registered,1.610,1.00,,photo
base_pair_68b9250f9ac4_00007_inside.npz,base,68b9250f933f12d326a7642c,orto_basemap,inside,,175.7,1.06,94.5,0.631,857,1.0,0.9999,field,разметка подтверждена,1518075,g0507,1,,c0002,heldout,registered,1.610,1.00,,photo
base_pair_68b9250f9ac4_00008_partial.npz,base,68b9250f933f12d326a7642c,orto_basemap,partial,,243.0,2.43,70.67,0.873,1865,0.8048,0.8074,field,разметка подтверждена,2109461,g0507,1,,c0002,heldout,registered,1.610,1.00,,photo
base_pair_68b9250f9ac4_00009_inside.npz,base,68b9250f933f12d326a7642c,orto_basemap,inside,,227.6,5.87,239.39,0.818,1333,1.0,0.9999,field,разметка подтверждена,1694063,g0507,1,,c0002,heldout,registered,1.610,1.00,,photo
base_pair_5ed9077b4804_00000_inside.npz,base,5ed9077b350cfa000692554a,orto_basemap,inside,,193.0,4.23,341.51,0.993,1469,1.0,0.9948,field,разметка подтверждена,2197998,g0177,1,,c0014,heldout,registered,2.550,1.00,,photo
base_pair_5ed9077b4804_00001_partial.npz,base,5ed9077b350cfa000692554a,orto_basemap,partial,,231.7,2.03,48.26,1.113,847,0.6782,0.6888,field,разметка подтверждена,1509529,g0177,1,,c0014,heldout,registered,2.550,1.00,,photo
base_pair_5ed9077b4804_00002_partial.npz,base,5ed9077b350cfa000692554a,orto_basemap,partial,,209.6,5.16,57.83,1.068,1127,0.8492,0.8422,field,разметка подтверждена,2127699,g0177,1,,c0014,heldout,registered,2.550,1.00,,photo
base_pair_5ed9077b4804_00003_inside.npz,base,5ed9077b350cfa000692554a,orto_basemap,inside,,232.4,8.53,22.45,0.941,1214,1.0,1.0,field,разметка подтверждена,2256098,g0177,1,,c0014,heldout,registered,2.550,1.00,,photo
base_pair_5ed9077b4804_00004_partial.npz,base,5ed9077b350cfa000692554a,orto_basemap,partial,,273.4,1.91,68.98,1.149,1623,0.847,0.853,field,разметка подтверждена,2295726,g0177,1,,c0014,heldout,registered,2.550,1.00,,photo
base_pair_5ed9077b4804_00005_inside.npz,base,5ed9077b350cfa000692554a,orto_basemap,inside,,265.0,2.15,300.8,1.132,1384,1.0,0.999,field,разметка подтверждена,1971826,g0177,1,,c0014,heldout,registered,2.550,1.00,,photo
base_pair_5ed9077b4804_00007_inside.npz,base,5ed9077b350cfa000692554a,orto_basemap,inside,,175.7,1.06,94.5,0.983,1335,1.0,0.9998,field,разметка подтверждена,1882342,g0177,1,,c0014,heldout,registered,2.550,1.00,,photo
base_pair_5ed9077b4804_00008_partial.npz,base,5ed9077b350cfa000692554a,orto_basemap,partial,,243.0,2.43,70.67,0.876,1871,0.8047,0.8074,field,разметка подтверждена,2191818,g0177,1,,c0014,heldout,registered,2.550,1.00,,photo
base_pair_5ed9077b4804_00009_inside.npz,base,5ed9077b350cfa000692554a,orto_basemap,inside,,227.6,5.87,239.39,1.104,1801,1.0,0.9996,field,разметка подтверждена,2110212,g0177,1,,c0014,heldout,registered,2.550,1.00,,photo
base_pair_5ed9077b4804_00010_inside.npz,base,5ed9077b350cfa000692554a,orto_basemap,inside,,214.1,7.75,207.61,1.116,1612,1.0,0.9978,cell_refine,разметка подтверждена,2698393,g0177,1,,c0014,heldout,registered,2.550,1.00,,photo
base_pair_5ed9077b4804_00011_inside.npz,base,5ed9077b350cfa000692554a,orto_basemap,inside,,191.6,2.95,182.18,1.034,1918,1.0,1.0,cell_refine,разметка подтверждена,2537318,g0177,1,,c0014,heldout,registered,2.550,1.00,,photo
base_pair_5cb7cc3da4de_00000_inside.npz,base,5cb7cc3d86413a0005372e03,orto_basemap,inside,,193.0,4.23,341.51,0.993,1469,1.0,0.9971,field,разметка подтверждена,2217075,g0100,1,,c0000,train,registered,3.170,1.00,,photo
base_pair_5cb7cc3da4de_00001_partial.npz,base,5cb7cc3d86413a0005372e03,orto_basemap,partial,,231.7,2.03,48.26,1.113,847,0.6782,0.6809,field,разметка подтверждена,1545266,g0100,1,,c0000,train,registered,3.170,1.00,,photo
base_pair_5cb7cc3da4de_00002_partial.npz,base,5cb7cc3d86413a0005372e03,orto_basemap,partial,,209.6,5.16,57.83,1.068,1127,0.8492,0.8417,field,разметка подтверждена,2342506,g0100,1,,c0000,train,registered,3.170,1.00,,photo
base_pair_5cb7cc3da4de_00003_inside.npz,base,5cb7cc3d86413a0005372e03,orto_basemap,inside,,232.4,8.53,22.45,0.941,1214,1.0,0.9998,field,разметка подтверждена,2408673,g0100,1,,c0000,train,registered,3.170,1.00,,photo
base_pair_5cb7cc3da4de_00004_partial.npz,base,5cb7cc3d86413a0005372e03,orto_basemap,partial,,273.4,1.91,68.98,1.149,1623,0.847,0.853,field,разметка подтверждена,2738132,g0100,1,,c0000,train,registered,3.170,1.00,,photo
base_pair_5cb7cc3da4de_00005_inside.npz,base,5cb7cc3d86413a0005372e03,orto_basemap,inside,,265.0,2.15,300.8,1.132,1384,1.0,0.9999,field,разметка подтверждена,2377770,g0100,1,,c0000,train,registered,3.170,1.00,,photo
base_pair_5cb7cc3da4de_00007_inside.npz,base,5cb7cc3d86413a0005372e03,orto_basemap,inside,,175.7,1.06,94.5,0.983,1335,1.0,0.998,field,разметка подтверждена,1942813,g0100,1,,c0000,train,registered,3.170,1.00,,photo
base_pair_5ca8677fcbf5_00000_inside.npz,base,5ca8677f869304000746b494,orto_basemap,inside,,193.0,4.23,341.51,0.993,1469,1.0,0.9795,field,разметка подтверждена,2365848,g0097,1,,c0000,train,registered,7.750,1.00,,photo
base_pair_5ca8677fcbf5_00001_partial.npz,base,5ca8677f869304000746b494,orto_basemap,partial,,231.7,2.03,48.26,1.113,847,0.6782,0.672,field,разметка подтверждена,1571703,g0097,1,,c0000,train,registered,7.750,1.00,,photo
base_pair_5ca8677fcbf5_00002_partial.npz,base,5ca8677f869304000746b494,orto_basemap,partial,,209.6,5.16,57.83,1.068,1127,0.8492,0.8421,field,разметка подтверждена,2362545,g0097,1,,c0000,train,registered,7.750,1.00,,photo
base_pair_5ca8677fcbf5_00003_inside.npz,base,5ca8677f869304000746b494,orto_basemap,inside,,232.4,8.53,22.45,0.941,1214,1.0,0.9978,field,разметка подтверждена,2462624,g0097,1,,c0000,train,registered,7.750,1.00,,photo
base_pair_5ca8677fcbf5_00004_partial.npz,base,5ca8677f869304000746b494,orto_basemap,partial,,273.4,1.91,68.98,1.149,1623,0.847,0.8461,field,разметка подтверждена,2860457,g0097,1,,c0000,train,registered,7.750,1.00,,photo
base_pair_5ca8677fcbf5_00005_inside.npz,base,5ca8677f869304000746b494,orto_basemap,inside,,265.0,2.15,300.8,1.132,1384,1.0,0.986,field,разметка подтверждена,2481955,g0097,1,,c0000,train,registered,7.750,1.00,,photo
base_pair_5ca8677fcbf5_00007_inside.npz,base,5ca8677f869304000746b494,orto_basemap,inside,,175.7,1.06,94.5,0.983,1335,1.0,1.0,field,разметка подтверждена,1984836,g0097,1,,c0000,train,registered,7.750,1.00,,photo
base_pair_68917a624d72_00000_inside.npz,base,68917a624c782f9c3fbde514,orto_basemap,inside,,193.0,4.23,341.51,0.693,1026,1.0,0.9998,field,разметка подтверждена,1791715,g0493,1,,c0002,heldout,registered,4.140,1.00,,photo
base_pair_68917a624d72_00001_partial.npz,base,68917a624c782f9c3fbde514,orto_basemap,partial,,231.7,2.03,48.26,0.832,768,0.7424,0.7524,field,разметка подтверждена,1467614,g0493,1,,c0002,heldout,registered,4.140,1.00,,photo
base_pair_68917a624d72_00002_partial.npz,base,68917a624c782f9c3fbde514,orto_basemap,partial,,209.6,5.16,57.83,0.753,795,0.8492,0.8424,field,разметка подтверждена,2126240,g0493,1,,c0002,heldout,registered,4.140,1.00,,photo
base_pair_68917a624d72_00003_inside.npz,base,68917a624c782f9c3fbde514,orto_basemap,inside,,232.4,8.53,22.45,0.835,1077,1.0,1.0,field,разметка подтверждена,2084648,g0493,1,,c0002,heldout,registered,4.140,1.00,,photo
base_pair_67059319f8e3_00000_inside.npz,base,67059319327f3c00012b0f5e,orto_basemap,inside,,193.0,4.23,341.51,0.993,1469,1.0,1.0,cell_refine,разметка подтверждена,2452486,g0461,1,,c0055,heldout,registered,5.140,1.00,,photo
base_pair_67059319f8e3_00001_partial.npz,base,67059319327f3c00012b0f5e,orto_basemap,partial,,231.7,2.03,48.26,1.113,847,0.6782,0.6888,cell_refine,разметка подтверждена,1512361,g0461,1,,c0055,heldout,registered,5.140,1.00,,photo
base_pair_67059319f8e3_00002_partial.npz,base,67059319327f3c00012b0f5e,orto_basemap,partial,,209.6,5.16,57.83,1.068,1127,0.8492,0.8422,cell_refine,разметка подтверждена,2278501,g0461,1,,c0055,heldout,registered,5.140,1.00,,photo
base_pair_67059319f8e3_00003_inside.npz,base,67059319327f3c00012b0f5e,orto_basemap,inside,,232.4,8.53,22.45,0.941,1214,1.0,0.9928,cell_refine,разметка подтверждена,2155095,g0461,1,,c0055,heldout,registered,5.140,1.00,,photo
base_pair_67059319f8e3_00004_partial.npz,base,67059319327f3c00012b0f5e,orto_basemap,partial,,273.4,1.91,68.98,1.149,1623,0.847,0.853,cell_refine,разметка подтверждена,2307351,g0461,1,,c0055,heldout,registered,5.140,1.00,,photo
base_pair_67059319f8e3_00005_inside.npz,base,67059319327f3c00012b0f5e,orto_basemap,inside,,265.0,2.15,300.8,1.132,1384,1.0,0.9996,cell_refine,разметка подтверждена,2034918,g0461,1,,c0055,heldout,registered,5.140,1.00,,photo
base_pair_67059319f8e3_00007_inside.npz,base,67059319327f3c00012b0f5e,orto_basemap,inside,,175.7,1.06,94.5,0.983,1335,1.0,1.0,cell_refine,разметка подтверждена,2024424,g0461,1,,c0055,heldout,registered,5.140,1.00,,photo
base_pair_67059319f8e3_00008_partial.npz,base,67059319327f3c00012b0f5e,orto_basemap,partial,,243.0,2.43,70.67,0.876,1871,0.8047,0.8073,cell_refine,разметка подтверждена,2546267,g0461,1,,c0055,heldout,registered,5.140,1.00,,photo
base_pair_67059319f8e3_00009_inside.npz,base,67059319327f3c00012b0f5e,orto_basemap,inside,,227.6,5.87,239.39,1.104,1801,1.0,0.9997,cell_refine,разметка подтверждена,2696429,g0461,1,,c0055,heldout,registered,5.140,1.00,,photo
base_pair_67059319f8e3_00010_inside.npz,base,67059319327f3c00012b0f5e,orto_basemap,inside,,214.1,7.75,207.61,1.116,1612,1.0,1.0,cell_refine,разметка подтверждена,2972943,g0461,1,,c0055,heldout,registered,5.140,1.00,,photo
base_pair_67059319f8e3_00011_inside.npz,base,67059319327f3c00012b0f5e,orto_basemap,inside,,191.6,2.95,182.18,1.034,1918,1.0,1.0,cell_refine,разметка подтверждена,3085032,g0461,1,,c0055,heldout,registered,5.140,1.00,,photo
base_pair_5f3f96b8ff06_00000_inside.npz,base,5f3f96b8a646430007b2ac90,orto_basemap,inside,,193.0,4.23,341.51,0.993,1469,1.0,0.9998,global,разметка подтверждена,2269489,g0195,1,,c0000,train,approx,8.000,0.30,,photo
base_pair_5f3f96b8ff06_00001_partial.npz,base,5f3f96b8a646430007b2ac90,orto_basemap,partial,,231.7,2.03,48.26,1.113,847,0.6782,0.685,global,разметка подтверждена,1504089,g0195,1,,c0000,train,approx,8.000,0.30,,photo
base_pair_5f3f96b8ff06_00002_partial.npz,base,5f3f96b8a646430007b2ac90,orto_basemap,partial,,209.6,5.16,57.83,1.068,1127,0.8492,0.8421,cell_refine,разметка подтверждена,2435109,g0195,1,,c0000,train,registered,6.340,1.00,,photo
base_pair_5f3f96b8ff06_00003_inside.npz,base,5f3f96b8a646430007b2ac90,orto_basemap,inside,,232.4,8.53,22.45,0.941,1214,1.0,1.0,cell_refine,разметка подтверждена,2500315,g0195,1,,c0000,train,registered,6.340,1.00,,photo
base_pair_5f3f96b8ff06_00004_partial.npz,base,5f3f96b8a646430007b2ac90,orto_basemap,partial,,273.4,1.91,68.98,1.149,1623,0.847,0.8519,field,разметка подтверждена,2724169,g0195,1,,c0000,train,registered,6.340,1.00,,photo
base_pair_5f3f96b8ff06_00005_inside.npz,base,5f3f96b8a646430007b2ac90,orto_basemap,inside,,265.0,2.15,300.8,1.132,1384,1.0,0.9996,field,разметка подтверждена,2406721,g0195,1,,c0000,train,registered,6.340,1.00,,photo
base_pair_5f3f96b8ff06_00007_inside.npz,base,5f3f96b8a646430007b2ac90,orto_basemap,inside,,175.7,1.06,94.5,0.983,1335,1.0,1.0,global,разметка подтверждена,1994111,g0195,1,,c0000,train,approx,8.000,0.30,,photo
base_pair_5f3f96b8ff06_00008_partial.npz,base,5f3f96b8a646430007b2ac90,orto_basemap,partial,,243.0,2.43,70.67,0.876,1871,0.8047,0.8071,global,разметка подтверждена,2838935,g0195,1,,c0000,train,approx,8.000,0.30,,photo
base_pair_5f3f96b8ff06_00009_inside.npz,base,5f3f96b8a646430007b2ac90,orto_basemap,inside,,227.6,5.87,239.39,1.104,1801,1.0,0.9994,global,разметка подтверждена,2508766,g0195,1,,c0000,train,approx,8.000,0.30,,photo
base_pair_5f3f96b8ff06_00010_inside.npz,base,5f3f96b8a646430007b2ac90,orto_basemap,inside,,214.1,7.75,207.61,1.116,1612,1.0,0.9935,cell_refine,разметка подтверждена,2850076,g0195,1,,c0000,train,registered,6.340,1.00,,photo
base_pair_5f3f96b8ff06_00011_inside.npz,base,5f3f96b8a646430007b2ac90,orto_basemap,inside,,191.6,2.95,182.18,1.034,1918,1.0,0.987,cell_refine,разметка подтверждена,2885896,g0195,1,,c0000,train,registered,6.340,1.00,,photo
base_pair_5b919b3ef93f_00000_inside.npz,base,5b919b3ec4be300007b23c67,orto_basemap,inside,,193.0,4.23,341.51,0.993,1469,1.0,0.9981,global,разметка подтверждена,2063066,g0054,1,,c0084,train,approx,8.000,0.30,,photo
base_pair_5b919b3ef93f_00001_partial.npz,base,5b919b3ec4be300007b23c67,orto_basemap,partial,,231.7,2.03,48.26,1.113,847,0.6782,0.6885,global,разметка подтверждена,1470054,g0054,1,,c0084,train,approx,8.000,0.30,,photo
base_pair_5b919b3ef93f_00002_partial.npz,base,5b919b3ec4be300007b23c67,orto_basemap,partial,,209.6,5.16,57.83,1.068,1127,0.8492,0.8424,global,разметка подтверждена,2166932,g0054,1,,c0084,train,approx,8.000,0.30,,photo
base_pair_5b919b3ef93f_00003_inside.npz,base,5b919b3ec4be300007b23c67,orto_basemap,inside,,232.4,8.53,22.45,0.941,1214,1.0,1.0,global,разметка подтверждена,2154351,g0054,1,,c0084,train,approx,8.000,0.30,,photo
base_pair_5b919b3ef93f_00004_partial.npz,base,5b919b3ec4be300007b23c67,orto_basemap,partial,,273.4,1.91,68.98,1.149,1623,0.847,0.8527,global,разметка подтверждена,2275755,g0054,1,,c0084,train,approx,8.000,0.30,,photo
base_pair_5b919b3ef93f_00005_inside.npz,base,5b919b3ec4be300007b23c67,orto_basemap,inside,,265.0,2.15,300.8,1.132,1384,1.0,0.9999,global,разметка подтверждена,2003739,g0054,1,,c0084,train,approx,8.000,0.30,,photo
base_pair_5b919b3ef93f_00007_inside.npz,base,5b919b3ec4be300007b23c67,orto_basemap,inside,,175.7,1.06,94.5,0.983,1335,1.0,1.0,global,разметка подтверждена,1859943,g0054,1,,c0084,train,approx,8.000,0.30,,photo
base_pair_5b919b3ef93f_00008_partial.npz,base,5b919b3ec4be300007b23c67,orto_basemap,partial,,243.0,2.43,70.67,0.876,1871,0.8047,0.8061,cell_refine,разметка подтверждена,2112148,g0054,1,,c0084,train,registered,4.660,1.00,,photo
base_pair_5b919b3ef93f_00009_inside.npz,base,5b919b3ec4be300007b23c67,orto_basemap,inside,,227.6,5.87,239.39,1.104,1801,1.0,0.9962,cell_refine,разметка подтверждена,1940888,g0054,1,,c0084,train,registered,4.660,1.00,,photo
base_pair_5b919b3ef93f_00010_inside.npz,base,5b919b3ec4be300007b23c67,orto_basemap,inside,,214.1,7.75,207.61,1.116,1612,1.0,0.9998,global,разметка подтверждена,2542147,g0054,1,,c0084,train,approx,8.000,0.30,,photo
base_pair_5b919b3ef93f_00011_inside.npz,base,5b919b3ec4be300007b23c67,orto_basemap,inside,,191.6,2.95,182.18,1.034,1918,1.0,0.9994,global,разметка подтверждена,2570993,g0054,1,,c0084,train,approx,8.000,0.30,,photo
base_pair_615773feda14_00000_inside.npz,base,615773fedef645000782b7d5,orto_basemap,inside,,193.0,4.23,341.51,0.83,1227,1.0,0.9997,field,разметка подтверждена,1907121,g0309,1,,c0013,train,registered,1.490,1.00,,photo
base_pair_615773feda14_00001_partial.npz,base,615773fedef645000782b7d5,orto_basemap,partial,,231.7,2.03,48.26,0.996,768,0.6842,0.6946,field,разметка подтверждена,1492244,g0309,1,,c0013,train,registered,1.490,1.00,,photo
base_pair_615773feda14_00002_partial.npz,base,615773fedef645000782b7d5,orto_basemap,partial,,209.6,5.16,57.83,0.901,951,0.8493,0.8418,field,разметка подтверждена,2136452,g0309,1,,c0013,train,registered,1.490,1.00,,photo
base_pair_615773feda14_00003_inside.npz,base,615773fedef645000782b7d5,orto_basemap,inside,,232.4,8.53,22.45,0.941,1214,1.0,0.9986,field,разметка подтверждена,2182136,g0309,1,,c0013,train,registered,1.490,1.00,,photo
base_pair_615773feda14_00004_partial.npz,base,615773fedef645000782b7d5,orto_basemap,partial,,273.4,1.91,68.98,1.149,1623,0.847,0.8527,field,разметка подтверждена,2524014,g0309,1,,c0013,train,registered,1.490,1.00,,photo
base_pair_615773feda14_00005_inside.npz,base,615773fedef645000782b7d5,orto_basemap,inside,,265.0,2.15,300.8,1.132,1384,1.0,0.9996,field,разметка подтверждена,2193729,g0309,1,,c0013,train,registered,1.490,1.00,,photo
base_pair_615773feda14_00007_inside.npz,base,615773fedef645000782b7d5,orto_basemap,inside,,175.7,1.06,94.5,0.755,1026,1.0,0.9997,cell_refine,разметка подтверждена,1658070,g0309,1,,c0013,train,registered,1.490,1.00,,photo
base_pair_615773feda14_00008_partial.npz,base,615773fedef645000782b7d5,orto_basemap,partial,,243.0,2.43,70.67,0.876,1871,0.8047,0.8059,field,разметка подтверждена,2611495,g0309,1,,c0013,train,registered,1.490,1.00,,photo
base_pair_615773feda14_00009_inside.npz,base,615773fedef645000782b7d5,orto_basemap,inside,,227.6,5.87,239.39,0.978,1596,1.0,0.9973,field,разметка подтверждена,2177874,g0309,1,,c0013,train,registered,1.490,1.00,,photo
base_pair_615773feda14_00010_inside.npz,base,615773fedef645000782b7d5,orto_basemap,inside,,214.1,7.75,207.61,0.92,1330,1.0,0.9999,global,разметка подтверждена,2497734,g0309,1,,c0013,train,approx,8.000,0.30,,photo
base_pair_615773feda14_00011_inside.npz,base,615773fedef645000782b7d5,orto_basemap,inside,,191.6,2.95,182.18,0.823,1528,1.0,0.9999,global,разметка подтверждена,2306527,g0309,1,,c0013,train,approx,8.000,0.30,,photo
base_pair_5f2ea011191c_00000_inside.npz,base,5f2ea0110d59fe00057c3296,orto_basemap,inside,,193.0,4.23,341.51,0.993,1469,1.0,1.0,global,разметка подтверждена,2218062,g0191,1,,c0000,train,approx,8.000,0.30,,photo
base_pair_5f2ea011191c_00001_partial.npz,base,5f2ea0110d59fe00057c3296,orto_basemap,partial,,231.7,2.03,48.26,1.113,847,0.6782,0.6888,global,разметка подтверждена,1539033,g0191,1,,c0000,train,approx,8.000,0.30,,photo
base_pair_5f2ea011191c_00002_partial.npz,base,5f2ea0110d59fe00057c3296,orto_basemap,partial,,209.6,5.16,57.83,1.068,1127,0.8492,0.8421,field,разметка подтверждена,2376729,g0191,1,,c0000,train,registered,1.940,1.00,,photo
base_pair_5f2ea011191c_00003_inside.npz,base,5f2ea0110d59fe00057c3296,orto_basemap,inside,,232.4,8.53,22.45,0.941,1214,1.0,0.9998,field,разметка подтверждена,2405541,g0191,1,,c0000,train,registered,1.940,1.00,,photo
base_pair_5f2ea011191c_00004_partial.npz,base,5f2ea0110d59fe00057c3296,orto_basemap,partial,,273.4,1.91,68.98,1.149,1623,0.847,0.8525,field,разметка подтверждена,2711310,g0191,1,,c0000,train,registered,1.940,1.00,,photo
base_pair_5f2ea011191c_00005_inside.npz,base,5f2ea0110d59fe00057c3296,orto_basemap,inside,,265.0,2.15,300.8,1.132,1384,1.0,0.9995,field,разметка подтверждена,2367892,g0191,1,,c0000,train,registered,1.940,1.00,,photo
base_pair_5f2ea011191c_00007_inside.npz,base,5f2ea0110d59fe00057c3296,orto_basemap,inside,,175.7,1.06,94.5,0.983,1335,1.0,0.9994,cell_refine,разметка подтверждена,1940700,g0191,1,,c0000,train,registered,1.940,1.00,,photo
base_pair_5f2ea011191c_00008_partial.npz,base,5f2ea0110d59fe00057c3296,orto_basemap,partial,,243.0,2.43,70.67,0.876,1871,0.8047,0.8072,field,разметка подтверждена,2869634,g0191,1,,c0000,train,registered,1.940,1.00,,photo
base_pair_5f2ea011191c_00009_inside.npz,base,5f2ea0110d59fe00057c3296,orto_basemap,inside,,227.6,5.87,239.39,1.104,1801,1.0,0.9996,field,разметка подтверждена,2572519,g0191,1,,c0000,train,registered,1.940,1.00,,photo
base_pair_5f2ea011191c_00010_inside.npz,base,5f2ea0110d59fe00057c3296,orto_basemap,inside,,214.1,7.75,207.61,1.116,1612,1.0,0.9999,global,разметка подтверждена,3031803,g0191,1,,c0000,train,approx,8.000,0.30,,photo
base_pair_5f2ea011191c_00011_inside.npz,base,5f2ea0110d59fe00057c3296,orto_basemap,inside,,191.6,2.95,182.18,1.034,1918,1.0,1.0,global,разметка подтверждена,3129069,g0191,1,,c0000,train,approx,8.000,0.30,,photo
base_pair_5f2c8c0582db_00000_inside.npz,base,5f2c8c050d59fe00057c327b,orto_basemap,inside,,193.0,4.23,341.51,0.993,1469,1.0,0.9965,global,разметка подтверждена,2207850,g0188,1,,c0038,train,approx,8.000,0.30,,photo
base_pair_5f2c8c0582db_00001_partial.npz,base,5f2c8c050d59fe00057c327b,orto_basemap,partial,,231.7,2.03,48.26,1.113,847,0.6782,0.6888,global,разметка подтверждена,1478957,g0188,1,,c0038,train,approx,8.000,0.30,,photo
base_pair_5f2c8c0582db_00002_partial.npz,base,5f2c8c050d59fe00057c327b,orto_basemap,partial,,209.6,5.16,57.83,1.068,1127,0.8492,0.8422,cell_refine,разметка подтверждена,2309830,g0188,1,,c0038,train,registered,9.880,1.00,,photo
base_pair_5f2c8c0582db_00003_inside.npz,base,5f2c8c050d59fe00057c327b,orto_basemap,inside,,232.4,8.53,22.45,0.941,1214,1.0,0.9987,cell_refine,разметка подтверждена,2371550,g0188,1,,c0038,train,registered,9.880,1.00,,photo
base_pair_5f2c8c0582db_00004_partial.npz,base,5f2c8c050d59fe00057c327b,orto_basemap,partial,,273.4,1.91,68.98,1.149,1623,0.847,0.853,global,разметка подтверждена,2724066,g0188,1,,c0038,train,approx,8.000,0.30,,photo
base_pair_5f2c8c0582db_00005_inside.npz,base,5f2c8c050d59fe00057c327b,orto_basemap,inside,,265.0,2.15,300.8,1.132,1384,1.0,1.0,global,разметка подтверждена,2390057,g0188,1,,c0038,train,approx,8.000,0.30,,photo
base_pair_5f2c8c0582db_00007_inside.npz,base,5f2c8c050d59fe00057c327b,orto_basemap,inside,,175.7,1.06,94.5,0.983,1335,1.0,0.9999,global,разметка подтверждена,2014869,g0188,1,,c0038,train,approx,8.000,0.30,,photo
base_pair_5f2c8c0582db_00008_partial.npz,base,5f2c8c050d59fe00057c327b,orto_basemap,partial,,243.0,2.43,70.67,0.876,1871,0.8047,0.8074,global,разметка подтверждена,2795427,g0188,1,,c0038,train,approx,8.000,0.30,,photo
base_pair_5f2c8c0582db_00009_inside.npz,base,5f2c8c050d59fe00057c327b,orto_basemap,inside,,227.6,5.87,239.39,1.104,1801,1.0,0.9994,global,разметка подтверждена,2482861,g0188,1,,c0038,train,approx,8.000,0.30,,photo
base_pair_5f2c8c0582db_00010_inside.npz,base,5f2c8c050d59fe00057c327b,orto_basemap,inside,,214.1,7.75,207.61,1.116,1612,1.0,0.9905,field,разметка подтверждена,3065012,g0188,1,,c0038,train,registered,9.880,1.00,,photo
base_pair_5f2c8c0582db_00011_inside.npz,base,5f2c8c050d59fe00057c327b,orto_basemap,inside,,191.6,2.95,182.18,1.034,1918,1.0,1.0,field,разметка подтверждена,3157492,g0188,1,,c0038,train,registered,9.880,1.00,,photo
base_pair_60cf473b169d_00000_inside.npz,base,60cf473beade0f00079b5865,orto_basemap,inside,,193.0,4.23,341.51,0.993,1469,1.0,0.9967,global,разметка подтверждена,2571902,g0290,1,,c0001,train,approx,8.000,0.30,,photo
base_pair_60cf473b169d_00001_partial.npz,base,60cf473beade0f00079b5865,orto_basemap,partial,,231.7,2.03,48.26,1.113,847,0.6782,0.6796,global,разметка подтверждена,1563905,g0290,1,,c0001,train,approx,8.000,0.30,,photo
base_pair_60cf473b169d_00002_partial.npz,base,60cf473beade0f00079b5865,orto_basemap,partial,,209.6,5.16,57.83,1.068,1127,0.8492,0.8179,cell_refine,разметка подтверждена,2502767,g0290,1,,c0001,train,registered,10.250,1.00,,photo
base_pair_60cf473b169d_00003_inside.npz,base,60cf473beade0f00079b5865,orto_basemap,inside,,232.4,8.53,22.45,0.941,1214,1.0,0.9717,cell_refine,разметка подтверждена,2506441,g0290,1,,c0001,train,registered,10.250,1.00,,photo
base_pair_60cf473b169d_00004_partial.npz,base,60cf473beade0f00079b5865,orto_basemap,partial,,273.4,1.91,68.98,1.149,1623,0.847,0.8301,global,разметка подтверждена,2842021,g0290,1,,c0001,train,approx,8.000,0.30,,photo
base_pair_60cf473b169d_00005_inside.npz,base,60cf473beade0f00079b5865,orto_basemap,inside,,265.0,2.15,300.8,1.132,1384,1.0,0.9936,global,разметка подтверждена,2419665,g0290,1,,c0001,train,approx,8.000,0.30,,photo
base_pair_60cf473b169d_00007_inside.npz,base,60cf473beade0f00079b5865,orto_basemap,inside,,175.7,1.06,94.5,0.983,1335,1.0,0.9629,global,разметка подтверждена,2220978,g0290,1,,c0001,train,approx,8.000,0.30,,photo
base_pair_60cf473b169d_00008_partial.npz,base,60cf473beade0f00079b5865,orto_basemap,partial,,243.0,2.43,70.67,0.876,1871,0.8047,0.8042,global,разметка подтверждена,3039672,g0290,1,,c0001,train,approx,8.000,0.30,,photo
base_pair_60cf473b169d_00009_inside.npz,base,60cf473beade0f00079b5865,orto_basemap,inside,,227.6,5.87,239.39,1.104,1801,1.0,0.981,global,разметка подтверждена,2642453,g0290,1,,c0001,train,approx,8.000,0.30,,photo
base_pair_60cf473b169d_00010_inside.npz,base,60cf473beade0f00079b5865,orto_basemap,inside,,214.1,7.75,207.61,1.116,1612,1.0,0.9359,global,разметка подтверждена,3382118,g0290,1,,c0001,train,approx,8.000,0.30,,photo
base_pair_60cf473b169d_00011_inside.npz,base,60cf473beade0f00079b5865,orto_basemap,inside,,191.6,2.95,182.18,1.034,1918,1.0,0.9305,global,разметка подтверждена,3578018,g0290,1,,c0001,train,approx,8.000,0.30,,photo
base_pair_6165688f16d8_00000_inside.npz,base,6165688fea4de60007d530b7,orto_basemap,inside,,193.0,4.23,341.51,0.993,1469,1.0,1.0,field,разметка подтверждена,2199159,g0311,1,,c0010,val,registered,5.150,1.00,,photo
base_pair_6165688f16d8_00001_partial.npz,base,6165688fea4de60007d530b7,orto_basemap,partial,,231.7,2.03,48.26,1.113,847,0.6782,0.6888,field,разметка подтверждена,1472233,g0311,1,,c0010,val,registered,5.150,1.00,,photo
base_pair_6165688f16d8_00002_partial.npz,base,6165688fea4de60007d530b7,orto_basemap,partial,,209.6,5.16,57.83,1.068,1127,0.8492,0.8422,global,разметка подтверждена,2245913,g0311,1,,c0010,val,approx,8.000,0.30,,photo
base_pair_6165688f16d8_00003_inside.npz,base,6165688fea4de60007d530b7,orto_basemap,inside,,232.4,8.53,22.45,0.941,1214,1.0,0.9999,global,разметка подтверждена,2307648,g0311,1,,c0010,val,approx,8.000,0.30,,photo
base_pair_6165688f16d8_00004_partial.npz,base,6165688fea4de60007d530b7,orto_basemap,partial,,273.4,1.91,68.98,1.149,1623,0.847,0.8524,field,разметка подтверждена,2761068,g0311,1,,c0010,val,registered,5.150,1.00,,photo
base_pair_6165688f16d8_00005_inside.npz,base,6165688fea4de60007d530b7,orto_basemap,inside,,265.0,2.15,300.8,1.132,1384,1.0,0.9995,field,разметка подтверждена,2379271,g0311,1,,c0010,val,registered,5.150,1.00,,photo
base_pair_6165688f16d8_00007_inside.npz,base,6165688fea4de60007d530b7,orto_basemap,inside,,175.7,1.06,94.5,0.983,1335,1.0,1.0,global,разметка подтверждена,1936698,g0311,1,,c0010,val,approx,8.000,0.30,,photo
base_pair_6165688f16d8_00008_partial.npz,base,6165688fea4de60007d530b7,orto_basemap,partial,,243.0,2.43,70.67,0.876,1871,0.8047,0.8059,field,разметка подтверждена,2796416,g0311,1,,c0010,val,registered,5.150,1.00,,photo
base_pair_6165688f16d8_00009_inside.npz,base,6165688fea4de60007d530b7,orto_basemap,inside,,227.6,5.87,239.39,1.104,1801,1.0,0.9993,field,разметка подтверждена,2465554,g0311,1,,c0010,val,registered,5.150,1.00,,photo
base_pair_6165688f16d8_00010_inside.npz,base,6165688fea4de60007d530b7,orto_basemap,inside,,214.1,7.75,207.61,1.116,1612,1.0,0.9999,cell_refine,разметка подтверждена,2900877,g0311,1,,c0010,val,registered,5.150,1.00,,photo
base_pair_6165688f16d8_00011_inside.npz,base,6165688fea4de60007d530b7,orto_basemap,inside,,191.6,2.95,182.18,1.034,1918,1.0,1.0,cell_refine,разметка подтверждена,2920969,g0311,1,,c0010,val,registered,5.150,1.00,,photo
base_pair_6074339993c7_00000_inside.npz,base,60743399b09f2e0009d46bf9,orto_basemap,inside,,193.0,4.23,341.51,0.993,1469,1.0,0.9995,field,разметка подтверждена,2252139,g0263,1,,c0000,train,registered,6.690,1.00,,photo
base_pair_6074339993c7_00001_partial.npz,base,60743399b09f2e0009d46bf9,orto_basemap,partial,,231.7,2.03,48.26,1.113,847,0.6782,0.6885,field,разметка подтверждена,1547708,g0263,1,,c0000,train,registered,6.690,1.00,,photo
base_pair_6074339993c7_00002_partial.npz,base,60743399b09f2e0009d46bf9,orto_basemap,partial,,209.6,5.16,57.83,1.068,1127,0.8492,0.8421,field,разметка подтверждена,2339458,g0263,1,,c0000,train,registered,6.690,1.00,,photo
base_pair_6074339993c7_00003_inside.npz,base,60743399b09f2e0009d46bf9,orto_basemap,inside,,232.4,8.53,22.45,0.941,1214,1.0,0.9993,field,разметка подтверждена,2421157,g0263,1,,c0000,train,registered,6.690,1.00,,photo
base_pair_6074339993c7_00004_partial.npz,base,60743399b09f2e0009d46bf9,orto_basemap,partial,,273.4,1.91,68.98,1.149,1623,0.847,0.853,field,разметка подтверждена,2692969,g0263,1,,c0000,train,registered,6.690,1.00,,photo
base_pair_6074339993c7_00005_inside.npz,base,60743399b09f2e0009d46bf9,orto_basemap,inside,,265.0,2.15,300.8,1.132,1384,1.0,0.9997,field,разметка подтверждена,2341961,g0263,1,,c0000,train,registered,6.690,1.00,,photo
base_pair_6074339993c7_00007_inside.npz,base,60743399b09f2e0009d46bf9,orto_basemap,inside,,175.7,1.06,94.5,0.983,1335,1.0,0.9999,field,разметка подтверждена,1964291,g0263,1,,c0000,train,registered,6.690,1.00,,photo
base_pair_6074339993c7_00008_partial.npz,base,60743399b09f2e0009d46bf9,orto_basemap,partial,,243.0,2.43,70.67,0.876,1871,0.8047,0.8071,cell_refine,разметка подтверждена,2807954,g0263,1,,c0000,train,registered,6.690,1.00,,photo
base_pair_6074339993c7_00009_inside.npz,base,60743399b09f2e0009d46bf9,orto_basemap,inside,,227.6,5.87,239.39,1.104,1801,1.0,0.9942,cell_refine,разметка подтверждена,2534071,g0263,1,,c0000,train,registered,6.690,1.00,,photo
base_pair_6074339993c7_00010_inside.npz,base,60743399b09f2e0009d46bf9,orto_basemap,inside,,214.1,7.75,207.61,1.116,1612,1.0,0.9993,global,разметка подтверждена,2876456,g0263,1,,c0000,train,approx,8.000,0.30,,photo
base_pair_6074339993c7_00011_inside.npz,base,60743399b09f2e0009d46bf9,orto_basemap,inside,,191.6,2.95,182.18,1.034,1918,1.0,1.0,global,разметка подтверждена,2882604,g0263,1,,c0000,train,approx,8.000,0.30,,photo
base_pair_68d3f0afe6dd_00000_inside.npz,base,68d3f0af9b87c9c2af15c41d,orto_basemap,inside,,193.0,4.23,341.51,0.993,1469,1.0,1.0,field,разметка подтверждена,2141286,g0515,1,,c0248,train,registered,2.610,1.00,,photo
base_pair_68d3f0afe6dd_00001_partial.npz,base,68d3f0af9b87c9c2af15c41d,orto_basemap,partial,,231.7,2.03,48.26,1.113,847,0.6782,0.6888,field,разметка подтверждена,1524033,g0515,1,,c0248,train,registered,2.610,1.00,,photo
base_pair_68d3f0afe6dd_00002_partial.npz,base,68d3f0af9b87c9c2af15c41d,orto_basemap,partial,,209.6,5.16,57.83,1.068,1127,0.8492,0.8416,field,разметка подтверждена,2289168,g0515,1,,c0248,train,registered,2.610,1.00,,photo
base_pair_68d3f0afe6dd_00003_inside.npz,base,68d3f0af9b87c9c2af15c41d,orto_basemap,inside,,232.4,8.53,22.45,0.941,1214,1.0,1.0,field,разметка подтверждена,2269835,g0515,1,,c0248,train,registered,2.610,1.00,,photo
base_pair_68d3f0afe6dd_00004_partial.npz,base,68d3f0af9b87c9c2af15c41d,orto_basemap,partial,,273.4,1.91,68.98,1.149,1623,0.847,0.853,field,разметка подтверждена,2650889,g0515,1,,c0248,train,registered,2.610,1.00,,photo
base_pair_68d3f0afe6dd_00005_inside.npz,base,68d3f0af9b87c9c2af15c41d,orto_basemap,inside,,265.0,2.15,300.8,1.132,1384,1.0,1.0,field,разметка подтверждена,2298616,g0515,1,,c0248,train,registered,2.610,1.00,,photo
base_pair_68d3f0afe6dd_00007_inside.npz,base,68d3f0af9b87c9c2af15c41d,orto_basemap,inside,,175.7,1.06,94.5,0.983,1335,1.0,1.0,field,разметка подтверждена,1814397,g0515,1,,c0248,train,registered,2.610,1.00,,photo
base_pair_68d3f0afe6dd_00008_partial.npz,base,68d3f0af9b87c9c2af15c41d,orto_basemap,partial,,243.0,2.43,70.67,0.876,1871,0.8047,0.8074,field,разметка подтверждена,2492814,g0515,1,,c0248,train,registered,2.610,1.00,,photo
base_pair_68d3f0afe6dd_00009_inside.npz,base,68d3f0af9b87c9c2af15c41d,orto_basemap,inside,,227.6,5.87,239.39,1.104,1801,1.0,1.0,field,разметка подтверждена,2332233,g0515,1,,c0248,train,registered,2.610,1.00,,photo
base_pair_68d3f0afe6dd_00010_inside.npz,base,68d3f0af9b87c9c2af15c41d,orto_basemap,inside,,214.1,7.75,207.61,1.116,1612,1.0,1.0,field,разметка подтверждена,2901104,g0515,1,,c0248,train,registered,2.610,1.00,,photo
base_pair_68d3f0afe6dd_00011_inside.npz,base,68d3f0af9b87c9c2af15c41d,orto_basemap,inside,,191.6,2.95,182.18,1.034,1918,1.0,0.9999,field,разметка подтверждена,2990782,g0515,1,,c0248,train,registered,2.610,1.00,,photo
base_pair_68cecb99d480_00000_inside.npz,base,68cecb99bba38109e3899aea,orto_basemap,inside,,193.0,4.23,341.51,0.693,1025,1.0,0.998,global,разметка подтверждена,1774809,g0514,1,,c0002,heldout,approx,8.000,0.30,,photo
base_pair_68cecb99d480_00001_partial.npz,base,68cecb99bba38109e3899aea,orto_basemap,partial,,231.7,2.03,48.26,0.832,768,0.7425,0.7526,global,разметка подтверждена,1429831,g0514,1,,c0002,heldout,approx,8.000,0.30,,photo
base_pair_68cecb99d480_00002_partial.npz,base,68cecb99bba38109e3899aea,orto_basemap,partial,,209.6,5.16,57.83,0.753,794,0.8489,0.842,field,разметка подтверждена,2066135,g0514,1,,c0002,heldout,registered,4.520,1.00,,photo
base_pair_68cecb99d480_00003_inside.npz,base,68cecb99bba38109e3899aea,orto_basemap,inside,,232.4,8.53,22.45,0.834,1077,1.0,0.9999,field,разметка подтверждена,2090272,g0514,1,,c0002,heldout,registered,4.520,1.00,,photo
base_pair_6638a73fc499_00000_inside.npz,base,6638a73f6049ef00013b83bc,orto_basemap,inside,,193.0,4.23,341.51,0.993,1469,1.0,1.0,global,проверено частично,2152122,g0439,1,,c0030,train,approx,8.000,0.30,,photo
base_pair_6638a73fc499_00001_partial.npz,base,6638a73f6049ef00013b83bc,orto_basemap,partial,,231.7,2.03,48.26,1.113,847,0.6782,0.6888,global,проверено частично,1472840,g0439,1,,c0030,train,approx,8.000,0.30,,photo
base_pair_6638a73fc499_00002_partial.npz,base,6638a73f6049ef00013b83bc,orto_basemap,partial,,209.6,5.16,57.83,1.068,1127,0.8492,0.8424,global,проверено частично,2055695,g0439,1,,c0030,train,approx,8.000,0.30,,photo
base_pair_6638a73fc499_00003_inside.npz,base,6638a73f6049ef00013b83bc,orto_basemap,inside,,232.4,8.53,22.45,0.941,1214,1.0,1.0,global,проверено частично,2038509,g0439,1,,c0030,train,approx,8.000,0.30,,photo
base_pair_6638a73fc499_00004_partial.npz,base,6638a73f6049ef00013b83bc,orto_basemap,partial,,273.4,1.91,68.98,1.149,1623,0.847,0.853,field,проверено частично,2427089,g0439,1,,c0030,train,approx,8.000,0.30,,photo
base_pair_6638a73fc499_00005_inside.npz,base,6638a73f6049ef00013b83bc,orto_basemap,inside,,265.0,2.15,300.8,1.132,1384,1.0,1.0,field,проверено частично,2125547,g0439,1,,c0030,train,approx,8.000,0.30,,photo
base_pair_6638a73fc499_00007_inside.npz,base,6638a73f6049ef00013b83bc,orto_basemap,inside,,175.7,1.06,94.5,0.983,1335,1.0,1.0,global,проверено частично,1706274,g0439,1,,c0030,train,approx,8.000,0.30,,photo
base_pair_6638a73fc499_00008_partial.npz,base,6638a73f6049ef00013b83bc,orto_basemap,partial,,243.0,2.43,70.67,0.876,1871,0.8047,0.8074,field,проверено частично,2336675,g0439,1,,c0030,train,approx,8.000,0.30,,photo
base_pair_6638a73fc499_00009_inside.npz,base,6638a73f6049ef00013b83bc,orto_basemap,inside,,227.6,5.87,239.39,1.104,1801,1.0,1.0,field,проверено частично,2129511,g0439,1,,c0030,train,approx,8.000,0.30,,photo
base_pair_6638a73fc499_00010_inside.npz,base,6638a73f6049ef00013b83bc,orto_basemap,inside,,214.1,7.75,207.61,1.116,1612,1.0,1.0,global,проверено частично,2549509,g0439,1,,c0030,train,approx,8.000,0.30,,photo
base_pair_6638a73fc499_00011_inside.npz,base,6638a73f6049ef00013b83bc,orto_basemap,inside,,191.6,2.95,182.18,1.034,1918,1.0,1.0,global,проверено частично,2620561,g0439,1,,c0030,train,approx,8.000,0.30,,photo
base_pair_5f2d8566237c_00000_inside.npz,base,5f2d85660d59fe00057c328b,orto_basemap,inside,,193.0,4.23,341.51,0.993,1469,1.0,0.9999,global,проверено частично,2226002,g0190,1,,c0000,train,approx,8.000,0.30,,photo
base_pair_5f2d8566237c_00001_partial.npz,base,5f2d85660d59fe00057c328b,orto_basemap,partial,,231.7,2.03,48.26,1.113,847,0.6782,0.6888,global,проверено частично,1510100,g0190,1,,c0000,train,approx,8.000,0.30,,photo
base_pair_5f2d8566237c_00002_partial.npz,base,5f2d85660d59fe00057c328b,orto_basemap,partial,,209.6,5.16,57.83,1.068,1127,0.8492,0.8422,global,проверено частично,2322988,g0190,1,,c0000,train,approx,8.000,0.30,,photo
base_pair_5f2d8566237c_00003_inside.npz,base,5f2d85660d59fe00057c328b,orto_basemap,inside,,232.4,8.53,22.45,0.941,1214,1.0,1.0,global,проверено частично,2394478,g0190,1,,c0000,train,approx,8.000,0.30,,photo
base_pair_5f2d8566237c_00004_partial.npz,base,5f2d85660d59fe00057c328b,orto_basemap,partial,,273.4,1.91,68.98,1.149,1623,0.847,0.8529,global,проверено частично,2661212,g0190,1,,c0000,train,approx,8.000,0.30,,photo
base_pair_5f2d8566237c_00005_inside.npz,base,5f2d85660d59fe00057c328b,orto_basemap,inside,,265.0,2.15,300.8,1.132,1384,1.0,0.9999,global,проверено частично,2314639,g0190,1,,c0000,train,approx,8.000,0.30,,photo
base_pair_5f2d8566237c_00007_inside.npz,base,5f2d85660d59fe00057c328b,orto_basemap,inside,,175.7,1.06,94.5,0.983,1335,1.0,1.0,field,проверено частично,2000774,g0190,1,,c0000,train,approx,8.000,0.30,,photo
base_pair_5f2d8566237c_00008_partial.npz,base,5f2d85660d59fe00057c328b,orto_basemap,partial,,243.0,2.43,70.67,0.876,1871,0.8047,0.8073,field,проверено частично,2846806,g0190,1,,c0000,train,approx,8.000,0.30,,photo
base_pair_5f2d8566237c_00009_inside.npz,base,5f2d85660d59fe00057c328b,orto_basemap,inside,,227.6,5.87,239.39,1.104,1801,1.0,0.9999,field,проверено частично,2505706,g0190,1,,c0000,train,approx,8.000,0.30,,photo
base_pair_5f2d8566237c_00010_inside.npz,base,5f2d85660d59fe00057c328b,orto_basemap,inside,,214.1,7.75,207.61,1.116,1612,1.0,0.9997,field,проверено частично,3003344,g0190,1,,c0000,train,approx,8.000,0.30,,photo
base_pair_5f2d8566237c_00011_inside.npz,base,5f2d85660d59fe00057c328b,orto_basemap,inside,,191.6,2.95,182.18,1.034,1918,1.0,0.9999,field,проверено частично,3079328,g0190,1,,c0000,train,approx,8.000,0.30,,photo
base_pair_612be37215f6_00000_inside.npz,base,612be372b7012200056b5d01,orto_basemap,inside,,193.0,4.23,341.51,0.873,1291,1.0,0.9998,field,разметка подтверждена,1898682,g0306,1,,c0026,heldout,registered,2.510,1.00,,photo
base_pair_612be37215f6_00001_partial.npz,base,612be372b7012200056b5d01,orto_basemap,partial,,231.7,2.03,48.26,1.048,798,0.6783,0.6887,field,разметка подтверждена,1494400,g0306,1,,c0026,heldout,registered,2.510,1.00,,photo
base_pair_612be37215f6_00002_partial.npz,base,612be372b7012200056b5d01,orto_basemap,partial,,209.6,5.16,57.83,0.948,1000,0.849,0.842,field,разметка подтверждена,2173963,g0306,1,,c0026,heldout,registered,2.510,1.00,,photo
base_pair_612be37215f6_00003_inside.npz,base,612be372b7012200056b5d01,orto_basemap,inside,,232.4,8.53,22.45,0.941,1214,1.0,0.9995,field,разметка подтверждена,2212439,g0306,1,,c0026,heldout,registered,2.510,1.00,,photo
base_pair_612be37215f6_00004_partial.npz,base,612be372b7012200056b5d01,orto_basemap,partial,,273.4,1.91,68.98,1.149,1623,0.847,0.8496,field,разметка подтверждена,2398174,g0306,1,,c0026,heldout,registered,2.510,1.00,,photo
base_pair_612be37215f6_00005_inside.npz,base,612be372b7012200056b5d01,orto_basemap,inside,,265.0,2.15,300.8,1.132,1384,1.0,0.9965,field,разметка подтверждена,2101585,g0306,1,,c0026,heldout,registered,2.510,1.00,,photo
base_pair_612be37215f6_00007_inside.npz,base,612be372b7012200056b5d01,orto_basemap,inside,,175.7,1.06,94.5,0.795,1079,1.0,1.0,field,разметка подтверждена,1622665,g0306,1,,c0026,heldout,registered,2.510,1.00,,photo
base_pair_612be37215f6_00008_partial.npz,base,612be372b7012200056b5d01,orto_basemap,partial,,243.0,2.43,70.67,0.876,1871,0.8047,0.8074,field,разметка подтверждена,2324969,g0306,1,,c0026,heldout,registered,2.510,1.00,,photo
base_pair_612be37215f6_00009_inside.npz,base,612be372b7012200056b5d01,orto_basemap,inside,,227.6,5.87,239.39,1.029,1679,1.0,1.0,field,разметка подтверждена,2059981,g0306,1,,c0026,heldout,registered,2.510,1.00,,photo
base_pair_68f6d330b5ae_00000_inside.npz,base,68f6d330d624af70a7ed8dec,orto_basemap,inside,,193.0,4.23,341.51,0.691,1023,1.0,0.9959,field,разметка подтверждена,1782213,g0523,1,,c0252,train,registered,0.990,1.00,,photo
base_pair_68f6d330b5ae_00001_partial.npz,base,68f6d330d624af70a7ed8dec,orto_basemap,partial,,231.7,2.03,48.26,0.83,768,0.7431,0.7525,field,разметка подтверждена,1474629,g0523,1,,c0252,train,registered,0.990,1.00,,photo
base_pair_68f6d330b5ae_00002_partial.npz,base,68f6d330d624af70a7ed8dec,orto_basemap,partial,,209.6,5.16,57.83,0.751,792,0.8488,0.8418,field,разметка подтверждена,2037479,g0523,1,,c0252,train,registered,0.990,1.00,,photo
base_pair_68f6d330b5ae_00003_inside.npz,base,68f6d330d624af70a7ed8dec,orto_basemap,inside,,232.4,8.53,22.45,0.832,1074,1.0,0.9998,field,разметка подтверждена,2050833,g0523,1,,c0252,train,registered,0.990,1.00,,photo
base_pair_68f6d330b5ae_00004_partial.npz,base,68f6d330d624af70a7ed8dec,orto_basemap,partial,,273.4,1.91,68.98,0.979,1383,0.847,0.8497,field,разметка подтверждена,2269419,g0523,1,,c0252,train,registered,0.990,1.00,,photo
base_pair_68f6d330b5ae_00005_inside.npz,base,68f6d330d624af70a7ed8dec,orto_basemap,inside,,265.0,2.15,300.8,0.949,1161,1.0,0.9915,field,разметка подтверждена,2004990,g0523,1,,c0252,train,registered,0.990,1.00,,photo
base_pair_68f6d330b5ae_00007_inside.npz,base,68f6d330d624af70a7ed8dec,orto_basemap,inside,,175.7,1.06,94.5,0.629,855,1.0,0.9988,field,разметка подтверждена,1561836,g0523,1,,c0252,train,registered,0.990,1.00,,photo
base_pair_68f6d330b5ae_00008_partial.npz,base,68f6d330d624af70a7ed8dec,orto_basemap,partial,,243.0,2.43,70.67,0.87,1860,0.8048,0.8017,cell_refine,разметка подтверждена,2319401,g0523,1,,c0252,train,registered,0.990,1.00,,photo
base_pair_68f6d330b5ae_00009_inside.npz,base,68f6d330d624af70a7ed8dec,orto_basemap,inside,,227.6,5.87,239.39,0.815,1330,1.0,0.9997,cell_refine,разметка подтверждена,1823649,g0523,1,,c0252,train,registered,0.990,1.00,,photo
base_pair_68f6d330b5ae_00010_inside.npz,base,68f6d330d624af70a7ed8dec,orto_basemap,inside,,214.1,7.75,207.61,0.767,1108,1.0,0.9984,field,разметка подтверждена,2284810,g0523,1,,c0252,train,registered,0.990,1.00,,photo
base_pair_68f6d330b5ae_00011_inside.npz,base,68f6d330d624af70a7ed8dec,orto_basemap,inside,,191.6,2.95,182.18,0.686,1273,1.0,0.9974,field,разметка подтверждена,2108924,g0523,1,,c0252,train,registered,0.990,1.00,,photo
base_pair_5f0c7237b80f_00000_inside.npz,base,5f0c72373c18aa0005a4ca68,orto_basemap,inside,,193.0,4.23,341.51,0.873,1291,1.0,1.0,field,разметка подтверждена,1797934,g0184,1,,c0026,heldout,registered,3.430,1.00,,photo
base_pair_5f0c7237b80f_00001_partial.npz,base,5f0c72373c18aa0005a4ca68,orto_basemap,partial,,231.7,2.03,48.26,1.048,798,0.6784,0.689,field,разметка подтверждена,1385081,g0184,1,,c0026,heldout,registered,3.430,1.00,,photo
base_pair_5f0c7237b80f_00002_partial.npz,base,5f0c72373c18aa0005a4ca68,orto_basemap,partial,,209.6,5.16,57.83,0.948,1000,0.849,0.8414,field,разметка подтверждена,2228287,g0184,1,,c0026,heldout,registered,3.430,1.00,,photo
base_pair_5f0c7237b80f_00003_inside.npz,base,5f0c72373c18aa0005a4ca68,orto_basemap,inside,,232.4,8.53,22.45,0.941,1214,1.0,0.9988,field,разметка подтверждена,2295497,g0184,1,,c0026,heldout,registered,3.430,1.00,,photo
base_pair_5f0c7237b80f_00004_partial.npz,base,5f0c72373c18aa0005a4ca68,orto_basemap,partial,,273.4,1.91,68.98,1.149,1623,0.847,0.8528,field,разметка подтверждена,2545390,g0184,1,,c0026,heldout,registered,3.430,1.00,,photo
base_pair_5f0c7237b80f_00005_inside.npz,base,5f0c72373c18aa0005a4ca68,orto_basemap,inside,,265.0,2.15,300.8,1.132,1384,1.0,0.9993,field,разметка подтверждена,2194248,g0184,1,,c0026,heldout,registered,3.430,1.00,,photo
base_pair_5f0c7237b80f_00007_inside.npz,base,5f0c72373c18aa0005a4ca68,orto_basemap,inside,,175.7,1.06,94.5,0.795,1079,1.0,0.9967,field,разметка подтверждена,1713625,g0184,1,,c0026,heldout,registered,3.430,1.00,,photo
base_pair_5f0c7237b80f_00008_partial.npz,base,5f0c72373c18aa0005a4ca68,orto_basemap,partial,,243.0,2.43,70.67,0.876,1871,0.8047,0.8068,field,разметка подтверждена,2570668,g0184,1,,c0026,heldout,registered,3.430,1.00,,photo
base_pair_5f0c7237b80f_00009_inside.npz,base,5f0c72373c18aa0005a4ca68,orto_basemap,inside,,227.6,5.87,239.39,1.029,1679,1.0,0.999,field,разметка подтверждена,2235465,g0184,1,,c0026,heldout,registered,3.430,1.00,,photo
base_pair_5ed8f4237939_00000_inside.npz,base,5ed8f423350cfa0006925547,orto_basemap,inside,,193.0,4.23,341.51,0.993,1469,1.0,0.9997,field,разметка подтверждена,2262994,g0176,1,,c0014,heldout,registered,4.720,1.00,,photo
base_pair_5ed8f4237939_00001_partial.npz,base,5ed8f423350cfa0006925547,orto_basemap,partial,,231.7,2.03,48.26,1.113,847,0.6782,0.6888,field,разметка подтверждена,1547450,g0176,1,,c0014,heldout,registered,4.720,1.00,,photo
base_pair_5ed8f4237939_00002_partial.npz,base,5ed8f423350cfa0006925547,orto_basemap,partial,,209.6,5.16,57.83,1.068,1127,0.8492,0.8422,field,разметка подтверждена,2263693,g0176,1,,c0014,heldout,registered,4.720,1.00,,photo
base_pair_5ed8f4237939_00003_inside.npz,base,5ed8f423350cfa0006925547,orto_basemap,inside,,232.4,8.53,22.45,0.941,1214,1.0,0.9999,field,разметка подтверждена,2339185,g0176,1,,c0014,heldout,registered,4.720,1.00,,photo
base_pair_5ed8f4237939_00004_partial.npz,base,5ed8f423350cfa0006925547,orto_basemap,partial,,273.4,1.91,68.98,1.149,1623,0.847,0.853,field,разметка подтверждена,2057473,g0176,1,,c0014,heldout,registered,4.720,1.00,,photo
base_pair_5ed8f4237939_00005_inside.npz,base,5ed8f423350cfa0006925547,orto_basemap,inside,,265.0,2.15,300.8,1.132,1384,1.0,0.9996,field,разметка подтверждена,2026811,g0176,1,,c0014,heldout,registered,4.720,1.00,,photo
base_pair_5ed8f4237939_00007_inside.npz,base,5ed8f423350cfa0006925547,orto_basemap,inside,,175.7,1.06,94.5,0.983,1335,1.0,0.9999,field,разметка подтверждена,2006390,g0176,1,,c0014,heldout,registered,4.720,1.00,,photo
base_pair_5ed8f4237939_00008_partial.npz,base,5ed8f423350cfa0006925547,orto_basemap,partial,,243.0,2.43,70.67,0.876,1871,0.8047,0.8068,field,разметка подтверждена,2288871,g0176,1,,c0014,heldout,registered,4.720,1.00,,photo
base_pair_5ed8f4237939_00009_inside.npz,base,5ed8f423350cfa0006925547,orto_basemap,inside,,227.6,5.87,239.39,1.104,1801,1.0,0.9996,field,разметка подтверждена,1921919,g0176,1,,c0014,heldout,registered,4.720,1.00,,photo
base_pair_5ed8f4237939_00010_inside.npz,base,5ed8f423350cfa0006925547,orto_basemap,inside,,214.1,7.75,207.61,1.116,1612,1.0,1.0,field,разметка подтверждена,3029519,g0176,1,,c0014,heldout,registered,4.720,1.00,,photo
base_pair_5ed8f4237939_00011_inside.npz,base,5ed8f423350cfa0006925547,orto_basemap,inside,,191.6,2.95,182.18,1.034,1918,1.0,0.9999,field,разметка подтверждена,3073463,g0176,1,,c0014,heldout,registered,4.720,1.00,,photo
base_pair_5ad7a59946f1_00000_inside.npz,base,5ad7a59991b5310010e0d54c,orto_basemap,inside,,193.0,4.23,341.51,0.746,1104,1.0,1.0,field,разметка подтверждена,1640143,g0030,1,,c0023,heldout,registered,9.710,1.00,,photo
base_pair_5ad7a59946f1_00001_partial.npz,base,5ad7a59991b5310010e0d54c,orto_basemap,partial,,231.7,2.03,48.26,0.896,768,0.7239,0.7343,field,разметка подтверждена,1364892,g0030,1,,c0023,heldout,registered,9.710,1.00,,photo
base_pair_5ad7a59946f1_00002_partial.npz,base,5ad7a59991b5310010e0d54c,orto_basemap,partial,,209.6,5.16,57.83,0.81,855,0.8489,0.8419,global,разметка подтверждена,1990306,g0030,1,,c0023,heldout,approx,8.000,0.30,,photo
base_pair_5ad7a59946f1_00003_inside.npz,base,5ad7a59991b5310010e0d54c,orto_basemap,inside,,232.4,8.53,22.45,0.899,1159,1.0,0.9996,global,разметка подтверждена,2046804,g0030,1,,c0023,heldout,approx,8.000,0.30,,photo
base_pair_5ad7a59946f1_00004_partial.npz,base,5ad7a59991b5310010e0d54c,orto_basemap,partial,,273.4,1.91,68.98,1.057,1493,0.8471,0.853,field,разметка подтверждена,2119148,g0030,1,,c0023,heldout,registered,9.710,1.00,,photo
base_pair_5ad7a59946f1_00005_inside.npz,base,5ad7a59991b5310010e0d54c,orto_basemap,inside,,265.0,2.15,300.8,1.025,1253,1.0,0.9998,field,разметка подтверждена,1923223,g0030,1,,c0023,heldout,registered,9.710,1.00,,photo
base_pair_5ad7a59946f1_00007_inside.npz,base,5ad7a59991b5310010e0d54c,orto_basemap,inside,,175.7,1.06,94.5,0.679,923,1.0,0.9999,cell_refine,разметка подтверждена,1453617,g0030,1,,c0023,heldout,registered,9.710,1.00,,photo
base_pair_5bc701b39f0d_00000_inside.npz,base,5bc701b34d3b1b00050eeebc,orto_basemap,inside,,193.0,4.23,341.51,0.993,1469,1.0,0.9999,cell_refine,разметка подтверждена,2290304,g0080,1,,c0005,heldout,registered,2.490,1.00,,photo
base_pair_5bc701b39f0d_00001_partial.npz,base,5bc701b34d3b1b00050eeebc,orto_basemap,partial,,231.7,2.03,48.26,1.113,847,0.6782,0.6887,cell_refine,разметка подтверждена,1554575,g0080,1,,c0005,heldout,registered,2.490,1.00,,photo
base_pair_5bc701b39f0d_00002_partial.npz,base,5bc701b34d3b1b00050eeebc,orto_basemap,partial,,209.6,5.16,57.83,1.068,1127,0.8492,0.8412,global,разметка подтверждена,2406577,g0080,1,,c0005,heldout,approx,8.000,0.30,,photo
base_pair_5bc701b39f0d_00003_inside.npz,base,5bc701b34d3b1b00050eeebc,orto_basemap,inside,,232.4,8.53,22.45,0.941,1214,1.0,0.9991,global,разметка подтверждена,2460963,g0080,1,,c0005,heldout,approx,8.000,0.30,,photo
base_pair_5bc701b39f0d_00004_partial.npz,base,5bc701b34d3b1b00050eeebc,orto_basemap,partial,,273.4,1.91,68.98,1.149,1623,0.847,0.8493,field,разметка подтверждена,2781116,g0080,1,,c0005,heldout,registered,2.490,1.00,,photo
base_pair_5bc701b39f0d_00005_inside.npz,base,5bc701b34d3b1b00050eeebc,orto_basemap,inside,,265.0,2.15,300.8,1.132,1384,1.0,0.9999,field,разметка подтверждена,2386682,g0080,1,,c0005,heldout,registered,2.490,1.00,,photo
base_pair_5bc701b39f0d_00007_inside.npz,base,5bc701b34d3b1b00050eeebc,orto_basemap,inside,,175.7,1.06,94.5,0.983,1335,1.0,0.9998,field,разметка подтверждена,1953779,g0080,1,,c0005,heldout,registered,2.490,1.00,,photo
base_pair_5bc701b39f0d_00008_partial.npz,base,5bc701b34d3b1b00050eeebc,orto_basemap,partial,,243.0,2.43,70.67,0.876,1871,0.8047,0.8074,field,разметка подтверждена,2865787,g0080,1,,c0005,heldout,registered,2.490,1.00,,photo
base_pair_5bc701b39f0d_00009_inside.npz,base,5bc701b34d3b1b00050eeebc,orto_basemap,inside,,227.6,5.87,239.39,1.104,1801,1.0,0.9985,field,разметка подтверждена,2556633,g0080,1,,c0005,heldout,registered,2.490,1.00,,photo
base_pair_5ddfc4761a19_00000_inside.npz,base,5ddfc4760c04590006d33590,orto_basemap,inside,,193.0,4.23,341.51,0.993,1469,1.0,0.9995,field,разметка подтверждена,2444778,g0123,1,,c0097,train,registered,6.710,1.00,,photo
base_pair_5ddfc4761a19_00001_partial.npz,base,5ddfc4760c04590006d33590,orto_basemap,partial,,231.7,2.03,48.26,1.113,847,0.6782,0.6877,field,разметка подтверждена,1620545,g0123,1,,c0097,train,registered,6.710,1.00,,photo
base_pair_5ddfc4761a19_00002_partial.npz,base,5ddfc4760c04590006d33590,orto_basemap,partial,,209.6,5.16,57.83,1.068,1127,0.8492,0.841,field,разметка подтверждена,2475048,g0123,1,,c0097,train,registered,6.710,1.00,,photo
base_pair_5ddfc4761a19_00003_inside.npz,base,5ddfc4760c04590006d33590,orto_basemap,inside,,232.4,8.53,22.45,0.941,1214,1.0,0.9986,field,разметка подтверждена,2410755,g0123,1,,c0097,train,registered,6.710,1.00,,photo
base_pair_5ddfc4761a19_00004_partial.npz,base,5ddfc4760c04590006d33590,orto_basemap,partial,,273.4,1.91,68.98,1.149,1623,0.847,0.8519,field,разметка подтверждена,2729090,g0123,1,,c0097,train,registered,6.710,1.00,,photo
base_pair_5ddfc4761a19_00005_inside.npz,base,5ddfc4760c04590006d33590,orto_basemap,inside,,265.0,2.15,300.8,1.132,1384,1.0,0.9987,field,разметка подтверждена,2374747,g0123,1,,c0097,train,registered,6.710,1.00,,photo
base_pair_65b3d184e382_00000_inside.npz,base,65b3d18471b11e0001cea9a0,orto_basemap,inside,,193.0,4.23,341.51,0.993,1469,1.0,0.9898,field,разметка подтверждена,2311432,g0408,1,,c0179,train,registered,8.510,1.00,,photo
base_pair_65b3d184e382_00001_partial.npz,base,65b3d18471b11e0001cea9a0,orto_basemap,partial,,231.7,2.03,48.26,1.113,847,0.6782,0.6832,field,разметка подтверждена,1601194,g0408,1,,c0179,train,registered,8.510,1.00,,photo
base_pair_65b3d184e382_00002_partial.npz,base,65b3d18471b11e0001cea9a0,orto_basemap,partial,,209.6,5.16,57.83,1.068,1127,0.8492,0.8348,field,разметка подтверждена,2393085,g0408,1,,c0179,train,registered,8.510,1.00,,photo
base_pair_65b3d184e382_00003_inside.npz,base,65b3d18471b11e0001cea9a0,orto_basemap,inside,,232.4,8.53,22.45,0.941,1214,1.0,0.9963,field,разметка подтверждена,2438947,g0408,1,,c0179,train,registered,8.510,1.00,,photo
base_pair_65b3d184e382_00004_partial.npz,base,65b3d18471b11e0001cea9a0,orto_basemap,partial,,273.4,1.91,68.98,1.149,1623,0.847,0.8427,field,разметка подтверждена,2727954,g0408,1,,c0179,train,registered,8.510,1.00,,photo
base_pair_65b3d184e382_00005_inside.npz,base,65b3d18471b11e0001cea9a0,orto_basemap,inside,,265.0,2.15,300.8,1.132,1384,1.0,0.9901,field,разметка подтверждена,2359187,g0408,1,,c0179,train,registered,8.510,1.00,,photo
base_pair_65b3d184e382_00007_inside.npz,base,65b3d18471b11e0001cea9a0,orto_basemap,inside,,175.7,1.06,94.5,0.983,1335,1.0,0.9825,field,разметка подтверждена,1999939,g0408,1,,c0179,train,registered,8.510,1.00,,photo
base_pair_65b3d184e382_00008_partial.npz,base,65b3d18471b11e0001cea9a0,orto_basemap,partial,,243.0,2.43,70.67,0.876,1871,0.8047,0.8006,field,разметка подтверждена,2926608,g0408,1,,c0179,train,registered,8.510,1.00,,photo
base_pair_65b3d184e382_00009_inside.npz,base,65b3d18471b11e0001cea9a0,orto_basemap,inside,,227.6,5.87,239.39,1.104,1801,1.0,0.998,field,разметка подтверждена,2607620,g0408,1,,c0179,train,registered,8.510,1.00,,photo
base_pair_65b3d184e382_00010_inside.npz,base,65b3d18471b11e0001cea9a0,orto_basemap,inside,,214.1,7.75,207.61,1.116,1612,1.0,0.997,global,разметка подтверждена,3024940,g0408,1,,c0179,train,approx,8.000,0.30,,photo
base_pair_65b3d184e382_00011_inside.npz,base,65b3d18471b11e0001cea9a0,orto_basemap,inside,,191.6,2.95,182.18,1.034,1918,1.0,0.9976,global,разметка подтверждена,3093267,g0408,1,,c0179,train,approx,8.000,0.30,,photo
base_pair_5d897e4460a2_00000_inside.npz,base,5d897e44c54930000548a7bc,orto_basemap,inside,,193.0,4.23,341.51,0.993,1469,1.0,1.0,field,разметка подтверждена,2136496,g0115,1,,c0000,train,registered,3.870,1.00,,photo
base_pair_5d897e4460a2_00001_partial.npz,base,5d897e44c54930000548a7bc,orto_basemap,partial,,231.7,2.03,48.26,1.113,847,0.6782,0.6888,field,разметка подтверждена,1495381,g0115,1,,c0000,train,registered,3.870,1.00,,photo
base_pair_5d897e4460a2_00002_partial.npz,base,5d897e44c54930000548a7bc,orto_basemap,partial,,209.6,5.16,57.83,1.068,1127,0.8492,0.8422,field,разметка подтверждена,2258370,g0115,1,,c0000,train,registered,3.870,1.00,,photo
base_pair_5d897e4460a2_00003_inside.npz,base,5d897e44c54930000548a7bc,orto_basemap,inside,,232.4,8.53,22.45,0.941,1214,1.0,1.0,field,разметка подтверждена,2339555,g0115,1,,c0000,train,registered,3.870,1.00,,photo
base_pair_5d897e4460a2_00004_partial.npz,base,5d897e44c54930000548a7bc,orto_basemap,partial,,273.4,1.91,68.98,1.149,1623,0.847,0.8529,field,разметка подтверждена,2627351,g0115,1,,c0000,train,registered,3.870,1.00,,photo
base_pair_5d897e4460a2_00005_inside.npz,base,5d897e44c54930000548a7bc,orto_basemap,inside,,265.0,2.15,300.8,1.132,1384,1.0,1.0,field,разметка подтверждена,2286666,g0115,1,,c0000,train,registered,3.870,1.00,,photo
base_pair_5d897e4460a2_00007_inside.npz,base,5d897e44c54930000548a7bc,orto_basemap,inside,,175.7,1.06,94.5,0.983,1335,1.0,1.0,field,разметка подтверждена,1922177,g0115,1,,c0000,train,registered,3.870,1.00,,photo
base_pair_5d897e4460a2_00008_partial.npz,base,5d897e44c54930000548a7bc,orto_basemap,partial,,243.0,2.43,70.67,0.876,1871,0.8047,0.8073,field,разметка подтверждена,2699583,g0115,1,,c0000,train,registered,3.870,1.00,,photo
base_pair_5d897e4460a2_00009_inside.npz,base,5d897e44c54930000548a7bc,orto_basemap,inside,,227.6,5.87,239.39,1.104,1801,1.0,0.9999,field,разметка подтверждена,2475719,g0115,1,,c0000,train,registered,3.870,1.00,,photo
base_pair_5d897e4460a2_00010_inside.npz,base,5d897e44c54930000548a7bc,orto_basemap,inside,,214.1,7.75,207.61,1.116,1612,1.0,1.0,field,разметка подтверждена,2898539,g0115,1,,c0000,train,registered,3.870,1.00,,photo
base_pair_5d897e4460a2_00011_inside.npz,base,5d897e44c54930000548a7bc,orto_basemap,inside,,191.6,2.95,182.18,1.034,1918,1.0,1.0,field,разметка подтверждена,2980465,g0115,1,,c0000,train,registered,3.870,1.00,,photo
base_pair_663252371076_00000_inside.npz,base,663252376049ef00013b81e4,orto_basemap,inside,,193.0,4.23,341.51,0.993,1469,1.0,0.9994,cell_refine,разметка подтверждена,1996837,g0427,1,,c0029,heldout,registered,9.840,1.00,,photo
base_pair_663252371076_00001_partial.npz,base,663252376049ef00013b81e4,orto_basemap,partial,,231.7,2.03,48.26,1.113,847,0.6782,0.6871,cell_refine,разметка подтверждена,1402456,g0427,1,,c0029,heldout,registered,9.840,1.00,,photo
base_pair_663252371076_00002_partial.npz,base,663252376049ef00013b81e4,orto_basemap,partial,,209.6,5.16,57.83,1.068,1127,0.8492,0.8373,global,разметка подтверждена,2199510,g0427,1,,c0029,heldout,approx,8.000,0.30,,photo
base_pair_663252371076_00003_inside.npz,base,663252376049ef00013b81e4,orto_basemap,inside,,232.4,8.53,22.45,0.941,1214,1.0,0.9977,global,разметка подтверждена,2065686,g0427,1,,c0029,heldout,approx,8.000,0.30,,photo
base_pair_663252371076_00004_partial.npz,base,663252376049ef00013b81e4,orto_basemap,partial,,273.4,1.91,68.98,1.149,1623,0.847,0.8487,field,разметка подтверждена,2125874,g0427,1,,c0029,heldout,registered,9.840,1.00,,photo
base_pair_663252371076_00005_inside.npz,base,663252376049ef00013b81e4,orto_basemap,inside,,265.0,2.15,300.8,1.132,1384,1.0,0.9931,field,разметка подтверждена,1911169,g0427,1,,c0029,heldout,registered,9.840,1.00,,photo
base_pair_5e7f562c9324_00000_inside.npz,base,5e7f562c482b9c000617844c,orto_basemap,inside,,193.0,4.23,341.51,0.993,1469,1.0,1.0,field,разметка подтверждена,2159401,g0148,1,,c0000,train,registered,5.570,1.00,,photo
base_pair_5e7f562c9324_00001_partial.npz,base,5e7f562c482b9c000617844c,orto_basemap,partial,,231.7,2.03,48.26,1.113,847,0.6782,0.6888,field,разметка подтверждена,1487850,g0148,1,,c0000,train,registered,5.570,1.00,,photo
base_pair_5e7f562c9324_00002_partial.npz,base,5e7f562c482b9c000617844c,orto_basemap,partial,,209.6,5.16,57.83,1.068,1127,0.8492,0.8422,field,разметка подтверждена,2319471,g0148,1,,c0000,train,registered,5.570,1.00,,photo
base_pair_5e7f562c9324_00003_inside.npz,base,5e7f562c482b9c000617844c,orto_basemap,inside,,232.4,8.53,22.45,0.941,1214,1.0,0.9998,field,разметка подтверждена,2410127,g0148,1,,c0000,train,registered,5.570,1.00,,photo
base_pair_5e7f562c9324_00004_partial.npz,base,5e7f562c482b9c000617844c,orto_basemap,partial,,273.4,1.91,68.98,1.149,1623,0.847,0.853,field,разметка подтверждена,2667906,g0148,1,,c0000,train,registered,5.570,1.00,,photo
base_pair_5e7f562c9324_00005_inside.npz,base,5e7f562c482b9c000617844c,orto_basemap,inside,,265.0,2.15,300.8,1.132,1384,1.0,1.0,field,разметка подтверждена,2325492,g0148,1,,c0000,train,registered,5.570,1.00,,photo
base_pair_5e7f562c9324_00007_inside.npz,base,5e7f562c482b9c000617844c,orto_basemap,inside,,175.7,1.06,94.5,0.983,1335,1.0,1.0,field,разметка подтверждена,1932821,g0148,1,,c0000,train,registered,5.570,1.00,,photo
base_pair_69f986b6b0b8_00000_inside.npz,base,69f986b6cd7de8dda6f76eb6,orto_basemap,inside,,193.0,4.23,341.51,0.693,1025,1.0,1.0,field,разметка подтверждена,1740095,g0537,1,,c0002,heldout,registered,4.630,1.00,,photo
base_pair_69f986b6b0b8_00001_partial.npz,base,69f986b6cd7de8dda6f76eb6,orto_basemap,partial,,231.7,2.03,48.26,0.832,768,0.7425,0.7526,field,разметка подтверждена,1439012,g0537,1,,c0002,heldout,registered,4.630,1.00,,photo
base_pair_69f986b6b0b8_00002_partial.npz,base,69f986b6cd7de8dda6f76eb6,orto_basemap,partial,,209.6,5.16,57.83,0.753,794,0.8488,0.8328,field,разметка подтверждена,2030937,g0537,1,,c0002,heldout,registered,4.630,1.00,,photo
base_pair_69f986b6b0b8_00003_inside.npz,base,69f986b6cd7de8dda6f76eb6,orto_basemap,inside,,232.4,8.53,22.45,0.835,1077,1.0,0.9893,field,разметка подтверждена,2040729,g0537,1,,c0002,heldout,registered,4.630,1.00,,photo
base_pair_69f986b6b0b8_00004_partial.npz,base,69f986b6cd7de8dda6f76eb6,orto_basemap,partial,,273.4,1.91,68.98,0.982,1386,0.8469,0.8528,field,разметка подтверждена,2172241,g0537,1,,c0002,heldout,registered,4.630,1.00,,photo
base_pair_69f986b6b0b8_00005_inside.npz,base,69f986b6cd7de8dda6f76eb6,orto_basemap,inside,,265.0,2.15,300.8,0.952,1164,1.0,0.9939,field,разметка подтверждена,1877308,g0537,1,,c0002,heldout,registered,4.630,1.00,,photo
base_pair_5b603580d355_00000_inside.npz,base,5b603580c6768a08545216f6,orto_basemap,inside,,193.0,4.23,341.51,0.993,1469,1.0,0.9977,global,разметка подтверждена,2224144,g0041,1,,c0000,train,approx,8.000,0.30,,photo
base_pair_5b603580d355_00001_partial.npz,base,5b603580c6768a08545216f6,orto_basemap,partial,,231.7,2.03,48.26,1.113,847,0.6782,0.6873,global,разметка подтверждена,1542505,g0041,1,,c0000,train,approx,8.000,0.30,,photo
base_pair_5b603580d355_00002_partial.npz,base,5b603580c6768a08545216f6,orto_basemap,partial,,209.6,5.16,57.83,1.068,1127,0.8492,0.8421,global,разметка подтверждена,2331436,g0041,1,,c0000,train,approx,8.000,0.30,,photo
base_pair_5b603580d355_00003_inside.npz,base,5b603580c6768a08545216f6,orto_basemap,inside,,232.4,8.53,22.45,0.941,1214,1.0,1.0,global,разметка подтверждена,2412460,g0041,1,,c0000,train,approx,8.000,0.30,,photo
base_pair_5b603580d355_00004_partial.npz,base,5b603580c6768a08545216f6,orto_basemap,partial,,273.4,1.91,68.98,1.149,1623,0.847,0.8425,global,разметка подтверждена,2625893,g0041,1,,c0000,train,approx,8.000,0.30,,photo
base_pair_5b603580d355_00005_inside.npz,base,5b603580c6768a08545216f6,orto_basemap,inside,,265.0,2.15,300.8,1.132,1384,1.0,0.9893,global,разметка подтверждена,2288287,g0041,1,,c0000,train,approx,8.000,0.30,,photo
base_pair_5b603580d355_00007_inside.npz,base,5b603580c6768a08545216f6,orto_basemap,inside,,175.7,1.06,94.5,0.983,1335,1.0,0.9999,field,разметка подтверждена,1943834,g0041,1,,c0000,train,registered,1.990,1.00,,photo
base_pair_5b603580d355_00008_partial.npz,base,5b603580c6768a08545216f6,orto_basemap,partial,,243.0,2.43,70.67,0.876,1871,0.8047,0.7952,field,разметка подтверждена,2723040,g0041,1,,c0000,train,registered,1.990,1.00,,photo
base_pair_5b603580d355_00009_inside.npz,base,5b603580c6768a08545216f6,orto_basemap,inside,,227.6,5.87,239.39,1.104,1801,1.0,0.9999,field,разметка подтверждена,2587437,g0041,1,,c0000,train,registered,1.990,1.00,,photo
base_pair_5b603580d355_00010_inside.npz,base,5b603580c6768a08545216f6,orto_basemap,inside,,214.1,7.75,207.61,1.116,1612,1.0,0.9975,field,разметка подтверждена,2873613,g0041,1,,c0000,train,registered,1.990,1.00,,photo
base_pair_5b603580d355_00011_inside.npz,base,5b603580c6768a08545216f6,orto_basemap,inside,,191.6,2.95,182.18,1.034,1918,1.0,0.9978,field,разметка подтверждена,2897686,g0041,1,,c0000,train,registered,1.990,1.00,,photo
base_pair_609b53607d35_00000_inside.npz,base,609b53603ac764000718b29d,orto_basemap,inside,,193.0,4.23,341.51,0.993,1469,1.0,0.9984,field,разметка подтверждена,2466040,g0277,1,,c0138,val,registered,4.620,1.00,,photo
base_pair_609b53607d35_00001_partial.npz,base,609b53603ac764000718b29d,orto_basemap,partial,,231.7,2.03,48.26,1.113,847,0.6782,0.6886,field,разметка подтверждена,1533556,g0277,1,,c0138,val,registered,4.620,1.00,,photo
base_pair_609b53607d35_00002_partial.npz,base,609b53603ac764000718b29d,orto_basemap,partial,,209.6,5.16,57.83,1.068,1127,0.8492,0.8165,field,разметка подтверждена,2285499,g0277,1,,c0138,val,registered,4.620,1.00,,photo
base_pair_609b53607d35_00003_inside.npz,base,609b53603ac764000718b29d,orto_basemap,inside,,232.4,8.53,22.45,0.941,1214,1.0,0.9759,field,разметка подтверждена,2290586,g0277,1,,c0138,val,registered,4.620,1.00,,photo
base_pair_6a5d25a5307c_00000_inside.npz,base,6a5d25a5ac94857a6f4ab38d,orto_basemap,inside,,193.0,4.23,341.51,0.86,1272,1.0,0.9998,field,разметка подтверждена,1881779,g0549,1,,c0070,train,registered,1.230,1.00,,photo
base_pair_6a5d25a5307c_00001_partial.npz,base,6a5d25a5ac94857a6f4ab38d,orto_basemap,partial,,231.7,2.03,48.26,1.032,786,0.6782,0.6887,field,разметка подтверждена,1479867,g0549,1,,c0070,train,registered,1.230,1.00,,photo
base_pair_6a5d25a5307c_00002_partial.npz,base,6a5d25a5ac94857a6f4ab38d,orto_basemap,partial,,209.6,5.16,57.83,0.934,985,0.8489,0.8298,field,разметка подтверждена,2103492,g0549,1,,c0070,train,registered,1.230,1.00,,photo
base_pair_6a5d25a5307c_00003_inside.npz,base,6a5d25a5ac94857a6f4ab38d,orto_basemap,inside,,232.4,8.53,22.45,0.941,1214,1.0,0.9983,field,разметка подтверждена,2258631,g0549,1,,c0070,train,registered,1.230,1.00,,photo
base_pair_6a5d25a5307c_00004_partial.npz,base,6a5d25a5ac94857a6f4ab38d,orto_basemap,partial,,273.4,1.91,68.98,1.149,1623,0.847,0.8527,field,разметка подтверждена,2469270,g0549,1,,c0070,train,registered,1.230,1.00,,photo
base_pair_6a5d25a5307c_00005_inside.npz,base,6a5d25a5ac94857a6f4ab38d,orto_basemap,inside,,265.0,2.15,300.8,1.132,1384,1.0,0.9989,field,разметка подтверждена,2184465,g0549,1,,c0070,train,registered,1.230,1.00,,photo
base_pair_5b62344a319c_00000_inside.npz,base,5b62344acd6b8530f2171b71,orto_basemap,inside,,193.0,4.23,341.51,0.993,1469,1.0,0.9995,field,разметка подтверждена,2243639,g0042,1,,c0000,train,registered,8.210,1.00,,photo
base_pair_5b62344a319c_00001_partial.npz,base,5b62344acd6b8530f2171b71,orto_basemap,partial,,231.7,2.03,48.26,1.113,847,0.6782,0.6887,field,разметка подтверждена,1583871,g0042,1,,c0000,train,registered,8.210,1.00,,photo
base_pair_5b62344a319c_00002_partial.npz,base,5b62344acd6b8530f2171b71,orto_basemap,partial,,209.6,5.16,57.83,1.068,1127,0.8492,0.839,field,разметка подтверждена,2298337,g0042,1,,c0000,train,registered,8.210,1.00,,photo
base_pair_5b62344a319c_00003_inside.npz,base,5b62344acd6b8530f2171b71,orto_basemap,inside,,232.4,8.53,22.45,0.941,1214,1.0,0.9998,field,разметка подтверждена,2424436,g0042,1,,c0000,train,registered,8.210,1.00,,photo
base_pair_5b62344a319c_00004_partial.npz,base,5b62344acd6b8530f2171b71,orto_basemap,partial,,273.4,1.91,68.98,1.149,1623,0.847,0.8529,field,разметка подтверждена,2678180,g0042,1,,c0000,train,registered,8.210,1.00,,photo
base_pair_5b62344a319c_00005_inside.npz,base,5b62344acd6b8530f2171b71,orto_basemap,inside,,265.0,2.15,300.8,1.132,1384,1.0,0.9996,field,разметка подтверждена,2347178,g0042,1,,c0000,train,registered,8.210,1.00,,photo
base_pair_5b62344a319c_00007_inside.npz,base,5b62344acd6b8530f2171b71,orto_basemap,inside,,175.7,1.06,94.5,0.983,1335,1.0,1.0,field,разметка подтверждена,1975437,g0042,1,,c0000,train,registered,8.210,1.00,,photo
base_pair_5b62344a319c_00008_partial.npz,base,5b62344acd6b8530f2171b71,orto_basemap,partial,,243.0,2.43,70.67,0.876,1871,0.8047,0.8071,field,разметка подтверждена,2797081,g0042,1,,c0000,train,registered,8.210,1.00,,photo
base_pair_5b62344a319c_00009_inside.npz,base,5b62344acd6b8530f2171b71,orto_basemap,inside,,227.6,5.87,239.39,1.104,1801,1.0,0.9993,field,разметка подтверждена,2551414,g0042,1,,c0000,train,registered,8.210,1.00,,photo
base_pair_5ed8cb8e3f00_00000_inside.npz,base,5ed8cb8e350cfa0006925543,orto_basemap,inside,,193.0,4.23,341.51,0.993,1469,1.0,0.9962,field,разметка подтверждена,2238694,g0175,1,,c0014,heldout,registered,2.260,1.00,,photo
base_pair_5ed8cb8e3f00_00001_partial.npz,base,5ed8cb8e350cfa0006925543,orto_basemap,partial,,231.7,2.03,48.26,1.113,847,0.6782,0.6881,field,разметка подтверждена,1534349,g0175,1,,c0014,heldout,registered,2.260,1.00,,photo
base_pair_5ed8cb8e3f00_00002_partial.npz,base,5ed8cb8e350cfa0006925543,orto_basemap,partial,,209.6,5.16,57.83,1.068,1127,0.8492,0.8421,field,разметка подтверждена,2350231,g0175,1,,c0014,heldout,registered,2.260,1.00,,photo
base_pair_5ed8cb8e3f00_00003_inside.npz,base,5ed8cb8e350cfa0006925543,orto_basemap,inside,,232.4,8.53,22.45,0.941,1214,1.0,0.9992,field,разметка подтверждена,2395265,g0175,1,,c0014,heldout,registered,2.260,1.00,,photo
base_pair_5ed8cb8e3f00_00004_partial.npz,base,5ed8cb8e350cfa0006925543,orto_basemap,partial,,273.4,1.91,68.98,1.149,1623,0.847,0.8525,field,разметка подтверждена,2714756,g0175,1,,c0014,heldout,registered,2.260,1.00,,photo
base_pair_5ed8cb8e3f00_00005_inside.npz,base,5ed8cb8e350cfa0006925543,orto_basemap,inside,,265.0,2.15,300.8,1.132,1384,1.0,0.9996,field,разметка подтверждена,2364026,g0175,1,,c0014,heldout,registered,2.260,1.00,,photo
base_pair_5ed8cb8e3f00_00007_inside.npz,base,5ed8cb8e350cfa0006925543,orto_basemap,inside,,175.7,1.06,94.5,0.983,1335,1.0,0.9996,field,разметка подтверждена,1983383,g0175,1,,c0014,heldout,registered,2.260,1.00,,photo
base_pair_5ca3fd06ca89_00000_inside.npz,base,5ca3fd06e5635f000690af71,orto_basemap,inside,,193.0,4.23,341.51,0.993,1469,1.0,0.9996,field,разметка подтверждена,2211416,g0096,1,,c0000,train,registered,5.830,1.00,,photo
base_pair_5ca3fd06ca89_00001_partial.npz,base,5ca3fd06e5635f000690af71,orto_basemap,partial,,231.7,2.03,48.26,1.113,847,0.6782,0.6885,field,разметка подтверждена,1552425,g0096,1,,c0000,train,registered,5.830,1.00,,photo
base_pair_5ca3fd06ca89_00002_partial.npz,base,5ca3fd06e5635f000690af71,orto_basemap,partial,,209.6,5.16,57.83,1.068,1127,0.8492,0.8421,field,разметка подтверждена,2319794,g0096,1,,c0000,train,registered,5.830,1.00,,photo
base_pair_5ca3fd06ca89_00003_inside.npz,base,5ca3fd06e5635f000690af71,orto_basemap,inside,,232.4,8.53,22.45,0.941,1214,1.0,0.9998,field,разметка подтверждена,2363353,g0096,1,,c0000,train,registered,5.830,1.00,,photo
base_pair_5ca3fd06ca89_00004_partial.npz,base,5ca3fd06e5635f000690af71,orto_basemap,partial,,273.4,1.91,68.98,1.149,1623,0.847,0.853,field,разметка подтверждена,2573857,g0096,1,,c0000,train,registered,5.830,1.00,,photo
base_pair_5ca3fd06ca89_00005_inside.npz,base,5ca3fd06e5635f000690af71,orto_basemap,inside,,265.0,2.15,300.8,1.132,1384,1.0,1.0,field,разметка подтверждена,2293462,g0096,1,,c0000,train,registered,5.830,1.00,,photo
base_pair_5ca3fd06ca89_00007_inside.npz,base,5ca3fd06e5635f000690af71,orto_basemap,inside,,175.7,1.06,94.5,0.983,1335,1.0,0.9957,field,разметка подтверждена,1956514,g0096,1,,c0000,train,registered,5.830,1.00,,photo
base_pair_5d1745f91106_00000_inside.npz,base,5d1745f91d75e300053385e7,orto_basemap,inside,,193.0,4.23,341.51,0.993,1469,1.0,0.9719,global,разметка подтверждена,2434838,g0107,1,,c0000,train,approx,8.000,0.30,,photo
base_pair_5d1745f91106_00001_partial.npz,base,5d1745f91d75e300053385e7,orto_basemap,partial,,231.7,2.03,48.26,1.113,847,0.6782,0.6693,global,разметка подтверждена,1564469,g0107,1,,c0000,train,approx,8.000,0.30,,photo
base_pair_5d1745f91106_00002_partial.npz,base,5d1745f91d75e300053385e7,orto_basemap,partial,,209.6,5.16,57.83,1.068,1127,0.8492,0.8203,field,разметка подтверждена,2370805,g0107,1,,c0000,train,registered,5.220,1.00,,photo
base_pair_5d1745f91106_00003_inside.npz,base,5d1745f91d75e300053385e7,orto_basemap,inside,,232.4,8.53,22.45,0.941,1214,1.0,0.959,field,разметка подтверждена,2506357,g0107,1,,c0000,train,registered,5.220,1.00,,photo
base_pair_5d1745f91106_00004_partial.npz,base,5d1745f91d75e300053385e7,orto_basemap,partial,,273.4,1.91,68.98,1.149,1623,0.847,0.829,field,разметка подтверждена,2993273,g0107,1,,c0000,train,registered,5.220,1.00,,photo
base_pair_5d1745f91106_00005_inside.npz,base,5d1745f91d75e300053385e7,orto_basemap,inside,,265.0,2.15,300.8,1.132,1384,1.0,0.9722,field,разметка подтверждена,2536460,g0107,1,,c0000,train,registered,5.220,1.00,,photo
base_pair_5d1745f91106_00007_inside.npz,base,5d1745f91d75e300053385e7,orto_basemap,inside,,175.7,1.06,94.5,0.983,1335,1.0,0.9627,field,разметка подтверждена,2086896,g0107,1,,c0000,train,registered,5.220,1.00,,photo
base_pair_5d1745f91106_00008_partial.npz,base,5d1745f91d75e300053385e7,orto_basemap,partial,,243.0,2.43,70.67,0.876,1871,0.8047,0.7859,field,разметка подтверждена,3200898,g0107,1,,c0000,train,registered,5.220,1.00,,photo
base_pair_5d1745f91106_00009_inside.npz,base,5d1745f91d75e300053385e7,orto_basemap,inside,,227.6,5.87,239.39,1.104,1801,1.0,0.9569,field,разметка подтверждена,2831877,g0107,1,,c0000,train,registered,5.220,1.00,,photo
base_pair_5d1745f91106_00010_inside.npz,base,5d1745f91d75e300053385e7,orto_basemap,inside,,214.1,7.75,207.61,1.116,1612,1.0,0.9783,field,разметка подтверждена,3170054,g0107,1,,c0000,train,registered,5.220,1.00,,photo
base_pair_5d1745f91106_00011_inside.npz,base,5d1745f91d75e300053385e7,orto_basemap,inside,,191.6,2.95,182.18,1.034,1918,1.0,0.9857,field,разметка подтверждена,3340747,g0107,1,,c0000,train,registered,5.220,1.00,,photo
base_pair_5d9a7d1648cc_00000_inside.npz,base,5d9a7d160ca8d70007c491e5,orto_basemap,inside,,193.0,4.23,341.51,0.993,1469,1.0,0.9966,field,разметка подтверждена,2203614,g0118,1,,c0000,train,registered,4.490,1.00,,photo
base_pair_5d9a7d1648cc_00001_partial.npz,base,5d9a7d160ca8d70007c491e5,orto_basemap,partial,,231.7,2.03,48.26,1.113,847,0.6782,0.6885,field,разметка подтверждена,1508409,g0118,1,,c0000,train,registered,4.490,1.00,,photo
base_pair_5d9a7d1648cc_00002_partial.npz,base,5d9a7d160ca8d70007c491e5,orto_basemap,partial,,209.6,5.16,57.83,1.068,1127,0.8492,0.842,field,разметка подтверждена,2328399,g0118,1,,c0000,train,registered,4.490,1.00,,photo
base_pair_5d9a7d1648cc_00003_inside.npz,base,5d9a7d160ca8d70007c491e5,orto_basemap,inside,,232.4,8.53,22.45,0.941,1214,1.0,0.9998,field,разметка подтверждена,2387863,g0118,1,,c0000,train,registered,4.490,1.00,,photo
base_pair_62b72dfbea65_00000_inside.npz,base,62b72dfbdaddb8000523e92f(1),orto_basemap,inside,,193.0,4.23,341.51,0.759,1123,1.0,1.0,field,разметка подтверждена,1816416,g0343,1,,c0011,train,registered,1.550,1.00,,photo
base_pair_62b72dfbea65_00001_partial.npz,base,62b72dfbdaddb8000523e92f(1),orto_basemap,partial,,231.7,2.03,48.26,0.911,768,0.7189,0.7294,field,разметка подтверждена,1470868,g0343,1,,c0011,train,registered,1.550,1.00,,photo
base_pair_62b72dfbea65_00002_partial.npz,base,62b72dfbdaddb8000523e92f(1),orto_basemap,partial,,209.6,5.16,57.83,0.824,870,0.8491,0.8423,field,разметка подтверждена,2091254,g0343,1,,c0011,train,registered,1.550,1.00,,photo
base_pair_62b72dfbea65_00003_inside.npz,base,62b72dfbdaddb8000523e92f(1),orto_basemap,inside,,232.4,8.53,22.45,0.914,1179,1.0,0.9993,field,разметка подтверждена,2133533,g0343,1,,c0011,train,registered,1.550,1.00,,photo
base_pair_62b72dfbea65_00004_partial.npz,base,62b72dfbdaddb8000523e92f(1),orto_basemap,partial,,273.4,1.91,68.98,1.075,1518,0.8469,0.8509,field,разметка подтверждена,2347948,g0343,1,,c0011,train,registered,1.550,1.00,,photo
base_pair_62b72dfbea65_00005_inside.npz,base,62b72dfbdaddb8000523e92f(1),orto_basemap,inside,,265.0,2.15,300.8,1.042,1274,1.0,0.9999,field,разметка подтверждена,2104318,g0343,1,,c0011,train,registered,1.550,1.00,,photo
base_pair_68e0566e625e_00000_inside.npz,base,68e0566ea6f66607c17f166f,orto_basemap,inside,,193.0,4.23,341.51,0.693,1026,1.0,1.0,field,разметка подтверждена,1811498,g0516,1,,c0002,heldout,registered,7.580,1.00,,photo
base_pair_68e0566e625e_00001_partial.npz,base,68e0566ea6f66607c17f166f,orto_basemap,partial,,231.7,2.03,48.26,0.832,768,0.7424,0.7524,field,разметка подтверждена,1498428,g0516,1,,c0002,heldout,registered,7.580,1.00,,photo
base_pair_670593190e5b_00000_inside.npz,base,67059319327f3c00012b0f60,orto_basemap,inside,,193.0,4.23,341.51,0.993,1469,1.0,1.0,cell_refine,разметка подтверждена,2004389,g0462,1,,c0216,train,registered,1.410,1.00,,photo
base_pair_670593190e5b_00001_partial.npz,base,67059319327f3c00012b0f60,orto_basemap,partial,,231.7,2.03,48.26,1.113,847,0.6782,0.6888,cell_refine,разметка подтверждена,1375394,g0462,1,,c0216,train,registered,1.410,1.00,,photo
base_pair_670593190e5b_00002_partial.npz,base,67059319327f3c00012b0f60,orto_basemap,partial,,209.6,5.16,57.83,1.068,1127,0.8492,0.8421,cell_refine,разметка подтверждена,2303722,g0462,1,,c0216,train,registered,1.410,1.00,,photo
base_pair_670593190e5b_00003_inside.npz,base,67059319327f3c00012b0f60,orto_basemap,inside,,232.4,8.53,22.45,0.941,1214,1.0,1.0,cell_refine,разметка подтверждена,2221980,g0462,1,,c0216,train,registered,1.410,1.00,,photo
base_pair_670593190e5b_00004_partial.npz,base,67059319327f3c00012b0f60,orto_basemap,partial,,273.4,1.91,68.98,1.149,1623,0.847,0.853,cell_refine,разметка подтверждена,2440917,g0462,1,,c0216,train,registered,1.410,1.00,,photo
base_pair_670593190e5b_00005_inside.npz,base,67059319327f3c00012b0f60,orto_basemap,inside,,265.0,2.15,300.8,1.132,1384,1.0,1.0,cell_refine,разметка подтверждена,2093944,g0462,1,,c0216,train,registered,1.410,1.00,,photo
base_pair_670593190e5b_00007_inside.npz,base,67059319327f3c00012b0f60,orto_basemap,inside,,175.7,1.06,94.5,0.983,1335,1.0,1.0,global,разметка подтверждена,1864624,g0462,1,,c0216,train,approx,8.000,0.30,,photo
base_pair_670593190e5b_00008_partial.npz,base,67059319327f3c00012b0f60,orto_basemap,partial,,243.0,2.43,70.67,0.876,1871,0.8047,0.8074,cell_refine,разметка подтверждена,1866727,g0462,1,,c0216,train,registered,1.410,1.00,,photo
base_pair_670593190e5b_00009_inside.npz,base,67059319327f3c00012b0f60,orto_basemap,inside,,227.6,5.87,239.39,1.104,1801,1.0,1.0,cell_refine,разметка подтверждена,2076127,g0462,1,,c0216,train,registered,1.410,1.00,,photo
base_pair_670593190e5b_00010_inside.npz,base,67059319327f3c00012b0f60,orto_basemap,inside,,214.1,7.75,207.61,1.116,1612,1.0,1.0,global,разметка подтверждена,2595589,g0462,1,,c0216,train,approx,8.000,0.30,,photo
base_pair_670593190e5b_00011_inside.npz,base,67059319327f3c00012b0f60,orto_basemap,inside,,191.6,2.95,182.18,1.034,1918,1.0,1.0,global,разметка подтверждена,2556213,g0462,1,,c0216,train,approx,8.000,0.30,,photo
base_pair_5f75ec398075_00000_inside.npz,base,5f75ec39458b56000772bd5b,orto_basemap,inside,,193.0,4.23,341.51,0.993,1469,1.0,0.9995,global,разметка подтверждена,2160116,g0214,1,,c0000,train,approx,8.000,0.30,,photo
base_pair_5f75ec398075_00001_partial.npz,base,5f75ec39458b56000772bd5b,orto_basemap,partial,,231.7,2.03,48.26,1.113,847,0.6782,0.6881,global,разметка подтверждена,1533671,g0214,1,,c0000,train,approx,8.000,0.30,,photo
base_pair_5f75ec398075_00002_partial.npz,base,5f75ec39458b56000772bd5b,orto_basemap,partial,,209.6,5.16,57.83,1.068,1127,0.8492,0.8416,cell_refine,разметка подтверждена,2368446,g0214,1,,c0000,train,registered,9.310,1.00,,photo
base_pair_5f75ec398075_00003_inside.npz,base,5f75ec39458b56000772bd5b,orto_basemap,inside,,232.4,8.53,22.45,0.941,1214,1.0,0.9995,cell_refine,разметка подтверждена,2381054,g0214,1,,c0000,train,registered,9.310,1.00,,photo
base_pair_5f75ec398075_00004_partial.npz,base,5f75ec39458b56000772bd5b,orto_basemap,partial,,273.4,1.91,68.98,1.149,1623,0.847,0.853,global,разметка подтверждена,2762301,g0214,1,,c0000,train,approx,8.000,0.30,,photo
base_pair_5f75ec398075_00005_inside.npz,base,5f75ec39458b56000772bd5b,orto_basemap,inside,,265.0,2.15,300.8,1.132,1384,1.0,0.9998,global,разметка подтверждена,2436968,g0214,1,,c0000,train,approx,8.000,0.30,,photo
base_pair_5f75ec398075_00007_inside.npz,base,5f75ec39458b56000772bd5b,orto_basemap,inside,,175.7,1.06,94.5,0.983,1335,1.0,0.9998,global,разметка подтверждена,2031006,g0214,1,,c0000,train,approx,8.000,0.30,,photo
base_pair_5f75ec398075_00008_partial.npz,base,5f75ec39458b56000772bd5b,orto_basemap,partial,,243.0,2.43,70.67,0.876,1871,0.8047,0.8071,cell_refine,разметка подтверждена,2858511,g0214,1,,c0000,train,registered,9.310,1.00,,photo
base_pair_5f75ec398075_00009_inside.npz,base,5f75ec39458b56000772bd5b,orto_basemap,inside,,227.6,5.87,239.39,1.104,1801,1.0,0.9985,cell_refine,разметка подтверждена,2541257,g0214,1,,c0000,train,registered,9.310,1.00,,photo
base_pair_5f75ec398075_00010_inside.npz,base,5f75ec39458b56000772bd5b,orto_basemap,inside,,214.1,7.75,207.61,1.116,1612,1.0,0.9997,global,разметка подтверждена,2981245,g0214,1,,c0000,train,approx,8.000,0.30,,photo
base_pair_5f75ec398075_00011_inside.npz,base,5f75ec39458b56000772bd5b,orto_basemap,inside,,191.6,2.95,182.18,1.034,1918,1.0,0.9996,global,разметка подтверждена,3079281,g0214,1,,c0000,train,approx,8.000,0.30,,photo
base_pair_f776674df756_00000_inside.npz,base,f776674d-717d-48be-9d5f-41fb057bda41,orto_basemap,inside,,193.0,4.23,341.51,0.738,1091,1.0,0.9998,cell_refine,разметка подтверждена,1790266,g0591,1,,c0280,heldout,registered,3.280,1.00,,photo
base_pair_f776674df756_00001_partial.npz,base,f776674d-717d-48be-9d5f-41fb057bda41,orto_basemap,partial,,231.7,2.03,48.26,0.885,768,0.7269,0.7373,cell_refine,разметка подтверждена,1418030,g0591,1,,c0280,heldout,registered,3.280,1.00,,photo
base_pair_f776674df756_00002_partial.npz,base,f776674d-717d-48be-9d5f-41fb057bda41,orto_basemap,partial,,209.6,5.16,57.83,0.801,845,0.8489,0.8415,field,разметка подтверждена,2015442,g0591,1,,c0280,heldout,registered,3.280,1.00,,photo
base_pair_f776674df756_00003_inside.npz,base,f776674d-717d-48be-9d5f-41fb057bda41,orto_basemap,inside,,232.4,8.53,22.45,0.888,1146,1.0,0.9993,field,разметка подтверждена,2102615,g0591,1,,c0280,heldout,registered,3.280,1.00,,photo
base_pair_f776674df756_00004_partial.npz,base,f776674d-717d-48be-9d5f-41fb057bda41,orto_basemap,partial,,273.4,1.91,68.98,1.045,1475,0.8469,0.8528,global,разметка подтверждена,2084476,g0591,1,,c0280,heldout,approx,8.000,0.30,,photo
base_pair_f776674df756_00005_inside.npz,base,f776674d-717d-48be-9d5f-41fb057bda41,orto_basemap,inside,,265.0,2.15,300.8,1.013,1238,1.0,1.0,global,разметка подтверждена,1798113,g0591,1,,c0280,heldout,approx,8.000,0.30,,photo
base_pair_f776674df756_00007_inside.npz,base,f776674d-717d-48be-9d5f-41fb057bda41,orto_basemap,inside,,175.7,1.06,94.5,0.672,912,1.0,0.9992,field,разметка подтверждена,1487948,g0591,1,,c0280,heldout,registered,3.280,1.00,,photo
base_pair_f776674df756_00008_partial.npz,base,f776674d-717d-48be-9d5f-41fb057bda41,orto_basemap,partial,,243.0,2.43,70.67,0.876,1871,0.8047,0.8071,field,разметка подтверждена,2167163,g0591,1,,c0280,heldout,registered,3.280,1.00,,photo
base_pair_f776674df756_00009_inside.npz,base,f776674d-717d-48be-9d5f-41fb057bda41,orto_basemap,inside,,227.6,5.87,239.39,0.87,1419,1.0,0.9994,field,разметка подтверждена,1761570,g0591,1,,c0280,heldout,registered,3.280,1.00,,photo
base_pair_f776674df756_00010_inside.npz,base,f776674d-717d-48be-9d5f-41fb057bda41,orto_basemap,inside,,214.1,7.75,207.61,0.818,1182,1.0,0.9992,cell_refine,разметка подтверждена,2355396,g0591,1,,c0280,heldout,registered,3.280,1.00,,photo
base_pair_f776674df756_00011_inside.npz,base,f776674d-717d-48be-9d5f-41fb057bda41,orto_basemap,inside,,191.6,2.95,182.18,0.732,1358,1.0,0.9994,cell_refine,разметка подтверждена,2155039,g0591,1,,c0280,heldout,registered,3.280,1.00,,photo
base_pair_5b99f9d56ea2_00000_inside.npz,base,5b99f9d53d79420007c327a2,orto_basemap,inside,,193.0,4.23,341.51,0.993,1469,1.0,0.9806,cell_refine,разметка подтверждена,2125745,g0061,1,,c0006,train,registered,2.770,1.00,,photo
base_pair_5b99f9d56ea2_00001_partial.npz,base,5b99f9d53d79420007c327a2,orto_basemap,partial,,231.7,2.03,48.26,1.113,847,0.6782,0.6745,cell_refine,разметка подтверждена,1484340,g0061,1,,c0006,train,registered,2.770,1.00,,photo
base_pair_5b99f9d56ea2_00002_partial.npz,base,5b99f9d53d79420007c327a2,orto_basemap,partial,,209.6,5.16,57.83,1.068,1127,0.8492,0.8368,field,разметка подтверждена,2333062,g0061,1,,c0006,train,registered,2.770,1.00,,photo
base_pair_5b99f9d56ea2_00003_inside.npz,base,5b99f9d53d79420007c327a2,orto_basemap,inside,,232.4,8.53,22.45,0.941,1214,1.0,0.9921,field,разметка подтверждена,2399786,g0061,1,,c0006,train,registered,2.770,1.00,,photo
base_pair_5b99f9d56ea2_00004_partial.npz,base,5b99f9d53d79420007c327a2,orto_basemap,partial,,273.4,1.91,68.98,1.149,1623,0.847,0.8494,global,разметка подтверждена,2644436,g0061,1,,c0006,train,approx,8.000,0.30,,photo
base_pair_5b99f9d56ea2_00005_inside.npz,base,5b99f9d53d79420007c327a2,orto_basemap,inside,,265.0,2.15,300.8,1.132,1384,1.0,0.9934,global,разметка подтверждена,2308468,g0061,1,,c0006,train,approx,8.000,0.30,,photo
base_pair_5b99f9d56ea2_00007_inside.npz,base,5b99f9d53d79420007c327a2,orto_basemap,inside,,175.7,1.06,94.5,0.983,1335,1.0,0.9986,global,разметка подтверждена,2190585,g0061,1,,c0006,train,approx,8.000,0.30,,photo
base_pair_5b99f9d56ea2_00008_partial.npz,base,5b99f9d53d79420007c327a2,orto_basemap,partial,,243.0,2.43,70.67,0.876,1871,0.8047,0.7985,cell_refine,разметка подтверждена,2712452,g0061,1,,c0006,train,registered,2.770,1.00,,photo
base_pair_5b99f9d56ea2_00009_inside.npz,base,5b99f9d53d79420007c327a2,orto_basemap,inside,,227.6,5.87,239.39,1.104,1801,1.0,0.9941,cell_refine,разметка подтверждена,2405798,g0061,1,,c0006,train,registered,2.770,1.00,,photo
base_pair_5b99f9d56ea2_00010_inside.npz,base,5b99f9d53d79420007c327a2,orto_basemap,inside,,214.1,7.75,207.61,1.116,1612,1.0,0.977,global,разметка подтверждена,2954077,g0061,1,,c0006,train,approx,8.000,0.30,,photo
base_pair_5b99f9d56ea2_00011_inside.npz,base,5b99f9d53d79420007c327a2,orto_basemap,inside,,191.6,2.95,182.18,1.034,1918,1.0,0.975,global,разметка подтверждена,2956289,g0061,1,,c0006,train,approx,8.000,0.30,,photo
base_pair_60d5838e42ef_00000_inside.npz,base,60d5838ec700c600080d551a,orto_basemap,inside,,193.0,4.23,341.51,0.993,1469,1.0,0.969,cell_refine,разметка подтверждена,2428375,g0293,1,,c0042,train,registered,4.540,1.00,,photo
base_pair_60d5838e42ef_00001_partial.npz,base,60d5838ec700c600080d551a,orto_basemap,partial,,231.7,2.03,48.26,1.113,847,0.6782,0.6796,cell_refine,разметка подтверждена,1537683,g0293,1,,c0042,train,registered,4.540,1.00,,photo
base_pair_60d5838e42ef_00002_partial.npz,base,60d5838ec700c600080d551a,orto_basemap,partial,,209.6,5.16,57.83,1.068,1127,0.8492,0.8098,global,разметка подтверждена,2469419,g0293,1,,c0042,train,approx,8.000,0.30,,photo
base_pair_60d5838e42ef_00003_inside.npz,base,60d5838ec700c600080d551a,orto_basemap,inside,,232.4,8.53,22.45,0.941,1214,1.0,0.9686,global,разметка подтверждена,2449071,g0293,1,,c0042,train,approx,8.000,0.30,,photo
base_pair_60d5838e42ef_00004_partial.npz,base,60d5838ec700c600080d551a,orto_basemap,partial,,273.4,1.91,68.98,1.149,1623,0.847,0.8417,field,разметка подтверждена,2811678,g0293,1,,c0042,train,registered,4.540,1.00,,photo
base_pair_60d5838e42ef_00005_inside.npz,base,60d5838ec700c600080d551a,orto_basemap,inside,,265.0,2.15,300.8,1.132,1384,1.0,0.9823,field,разметка подтверждена,2437259,g0293,1,,c0042,train,registered,4.540,1.00,,photo
base_pair_60d5838e42ef_00007_inside.npz,base,60d5838ec700c600080d551a,orto_basemap,inside,,175.7,1.06,94.5,0.983,1335,1.0,0.9747,field,разметка подтверждена,2182079,g0293,1,,c0042,train,registered,4.540,1.00,,photo
base_pair_60d5838e42ef_00008_partial.npz,base,60d5838ec700c600080d551a,orto_basemap,partial,,243.0,2.43,70.67,0.876,1871,0.8047,0.7927,field,разметка подтверждена,2937355,g0293,1,,c0042,train,registered,4.540,1.00,,photo
base_pair_60d5838e42ef_00009_inside.npz,base,60d5838ec700c600080d551a,orto_basemap,inside,,227.6,5.87,239.39,1.104,1801,1.0,0.9848,field,разметка подтверждена,2662715,g0293,1,,c0042,train,registered,4.540,1.00,,photo
base_pair_60d5838e42ef_00010_inside.npz,base,60d5838ec700c600080d551a,orto_basemap,inside,,214.1,7.75,207.61,1.116,1612,1.0,0.9695,field,разметка подтверждена,3235231,g0293,1,,c0042,train,registered,4.540,1.00,,photo
base_pair_60d5838e42ef_00011_inside.npz,base,60d5838ec700c600080d551a,orto_basemap,inside,,191.6,2.95,182.18,1.034,1918,1.0,0.9469,field,разметка подтверждена,3338502,g0293,1,,c0042,train,registered,4.540,1.00,,photo
base_pair_5f76f8667ed9_00000_inside.npz,base,5f76f866458b56000772bd82,orto_basemap,inside,,193.0,4.23,341.51,0.993,1469,1.0,0.9997,field,разметка подтверждена,2030249,g0215,1,,c0000,train,registered,3.260,1.00,,photo
base_pair_5f76f8667ed9_00001_partial.npz,base,5f76f866458b56000772bd82,orto_basemap,partial,,231.7,2.03,48.26,1.113,847,0.6782,0.6885,field,разметка подтверждена,1420236,g0215,1,,c0000,train,registered,3.260,1.00,,photo
base_pair_5f76f8667ed9_00002_partial.npz,base,5f76f866458b56000772bd82,orto_basemap,partial,,209.6,5.16,57.83,1.068,1127,0.8492,0.8413,field,разметка подтверждена,2262407,g0215,1,,c0000,train,registered,3.260,1.00,,photo
base_pair_5f76f8667ed9_00003_inside.npz,base,5f76f866458b56000772bd82,orto_basemap,inside,,232.4,8.53,22.45,0.941,1214,1.0,0.9964,field,разметка подтверждена,2369642,g0215,1,,c0000,train,registered,3.260,1.00,,photo
base_pair_5f76f8667ed9_00004_partial.npz,base,5f76f866458b56000772bd82,orto_basemap,partial,,273.4,1.91,68.98,1.149,1623,0.847,0.8528,field,разметка подтверждена,2717030,g0215,1,,c0000,train,registered,3.260,1.00,,photo
base_pair_5f76f8667ed9_00005_inside.npz,base,5f76f866458b56000772bd82,orto_basemap,inside,,265.0,2.15,300.8,1.132,1384,1.0,0.9986,field,разметка подтверждена,2290501,g0215,1,,c0000,train,registered,3.260,1.00,,photo
base_pair_5f76f8667ed9_00007_inside.npz,base,5f76f866458b56000772bd82,orto_basemap,inside,,175.7,1.06,94.5,0.983,1335,1.0,0.9999,field,разметка подтверждена,1913749,g0215,1,,c0000,train,registered,3.260,1.00,,photo
base_pair_5f76f8667ed9_00008_partial.npz,base,5f76f866458b56000772bd82,orto_basemap,partial,,243.0,2.43,70.67,0.876,1871,0.8047,0.8072,field,разметка подтверждена,2755871,g0215,1,,c0000,train,registered,3.260,1.00,,photo
base_pair_5f76f8667ed9_00009_inside.npz,base,5f76f866458b56000772bd82,orto_basemap,inside,,227.6,5.87,239.39,1.104,1801,1.0,0.9999,field,разметка подтверждена,2522579,g0215,1,,c0000,train,registered,3.260,1.00,,photo
base_pair_5f76f8667ed9_00010_inside.npz,base,5f76f866458b56000772bd82,orto_basemap,inside,,214.1,7.75,207.61,1.116,1612,1.0,0.9995,field,разметка подтверждена,2995524,g0215,1,,c0000,train,registered,3.260,1.00,,photo
base_pair_5f76f8667ed9_00011_inside.npz,base,5f76f866458b56000772bd82,orto_basemap,inside,,191.6,2.95,182.18,1.034,1918,1.0,0.9991,field,разметка подтверждена,3050531,g0215,1,,c0000,train,registered,3.260,1.00,,photo
base_pair_60d6e7c66a31_00000_inside.npz,base,60d6e7c6c700c600080d5533,orto_basemap,inside,,193.0,4.23,341.51,0.993,1469,1.0,0.97,cell_refine,разметка подтверждена,2579675,g0295,1,,c0001,train,registered,2.820,1.00,,photo
base_pair_60d6e7c66a31_00001_partial.npz,base,60d6e7c6c700c600080d5533,orto_basemap,partial,,231.7,2.03,48.26,1.113,847,0.6782,0.674,cell_refine,разметка подтверждена,1604424,g0295,1,,c0001,train,registered,2.820,1.00,,photo
base_pair_60d6e7c66a31_00002_partial.npz,base,60d6e7c6c700c600080d5533,orto_basemap,partial,,209.6,5.16,57.83,1.068,1127,0.8492,0.7974,field,разметка подтверждена,2559212,g0295,1,,c0001,train,registered,2.820,1.00,,photo
base_pair_60d6e7c66a31_00003_inside.npz,base,60d6e7c6c700c600080d5533,orto_basemap,inside,,232.4,8.53,22.45,0.941,1214,1.0,0.9644,field,разметка подтверждена,2566226,g0295,1,,c0001,train,registered,2.820,1.00,,photo
base_pair_60d6e7c66a31_00004_partial.npz,base,60d6e7c6c700c600080d5533,orto_basemap,partial,,273.4,1.91,68.98,1.149,1623,0.847,0.7713,field,разметка подтверждена,2947807,g0295,1,,c0001,train,registered,2.820,1.00,,photo
base_pair_60d6e7c66a31_00005_inside.npz,base,60d6e7c6c700c600080d5533,orto_basemap,inside,,265.0,2.15,300.8,1.132,1384,1.0,0.9215,field,разметка подтверждена,2555694,g0295,1,,c0001,train,registered,2.820,1.00,,photo
base_pair_60d6e7c66a31_00007_inside.npz,base,60d6e7c6c700c600080d5533,orto_basemap,inside,,175.7,1.06,94.5,0.983,1335,1.0,0.9619,cell_refine,разметка подтверждена,2255918,g0295,1,,c0001,train,registered,2.820,1.00,,photo
base_pair_60d6e7c66a31_00008_partial.npz,base,60d6e7c6c700c600080d5533,orto_basemap,partial,,243.0,2.43,70.67,0.876,1871,0.8047,0.7637,field,разметка подтверждена,3276973,g0295,1,,c0001,train,registered,2.820,1.00,,photo
base_pair_60d6e7c66a31_00009_inside.npz,base,60d6e7c6c700c600080d5533,orto_basemap,inside,,227.6,5.87,239.39,1.104,1801,1.0,0.9111,field,разметка подтверждена,2940759,g0295,1,,c0001,train,registered,2.820,1.00,,photo
base_pair_60d6e7c66a31_00010_inside.npz,base,60d6e7c6c700c600080d5533,orto_basemap,inside,,214.1,7.75,207.61,1.116,1612,1.0,0.9605,field,разметка подтверждена,3410432,g0295,1,,c0001,train,registered,2.820,1.00,,photo
base_pair_60d6e7c66a31_00011_inside.npz,base,60d6e7c6c700c600080d5533,orto_basemap,inside,,191.6,2.95,182.18,1.034,1918,1.0,0.9579,field,разметка подтверждена,3676754,g0295,1,,c0001,train,registered,2.820,1.00,,photo
base_pair_6a5d4382adb4_00000_inside.npz,base,6a5d4382ac94857a6f4ac8a9,orto_basemap,inside,,193.0,4.23,341.51,0.86,1272,1.0,0.9988,cell_refine,разметка подтверждена,1838153,g0550,1,,c0070,train,registered,3.420,1.00,,photo
base_pair_6a5d4382adb4_00001_partial.npz,base,6a5d4382ac94857a6f4ac8a9,orto_basemap,partial,,231.7,2.03,48.26,1.032,786,0.6782,0.6887,cell_refine,разметка подтверждена,1419053,g0550,1,,c0070,train,registered,3.420,1.00,,photo
base_pair_6a5d4382adb4_00002_partial.npz,base,6a5d4382ac94857a6f4ac8a9,orto_basemap,partial,,209.6,5.16,57.83,0.934,985,0.8488,0.8415,field,разметка подтверждена,2163753,g0550,1,,c0070,train,registered,3.420,1.00,,photo
base_pair_6a5d4382adb4_00003_inside.npz,base,6a5d4382ac94857a6f4ac8a9,orto_basemap,inside,,232.4,8.53,22.45,0.941,1214,1.0,0.9995,field,разметка подтверждена,2191568,g0550,1,,c0070,train,registered,3.420,1.00,,photo
base_pair_6a5d4382adb4_00004_partial.npz,base,6a5d4382ac94857a6f4ac8a9,orto_basemap,partial,,273.4,1.91,68.98,1.149,1623,0.847,0.8507,field,разметка подтверждена,2456278,g0550,1,,c0070,train,registered,3.420,1.00,,photo
base_pair_6a5d4382adb4_00005_inside.npz,base,6a5d4382ac94857a6f4ac8a9,orto_basemap,inside,,265.0,2.15,300.8,1.132,1384,1.0,0.9976,field,разметка подтверждена,2068048,g0550,1,,c0070,train,registered,3.420,1.00,,photo
base_pair_6a5d4382adb4_00007_inside.npz,base,6a5d4382ac94857a6f4ac8a9,orto_basemap,inside,,175.7,1.06,94.5,0.783,1063,1.0,0.9999,field,разметка подтверждена,1580748,g0550,1,,c0070,train,registered,3.420,1.00,,photo
base_pair_6a5d4382adb4_00009_inside.npz,base,6a5d4382ac94857a6f4ac8a9,orto_basemap,inside,,210.5,5.77,113.09,0.938,1236,1.0,0.9873,field,разметка подтверждена,1898818,g0550,1,,c0070,train,registered,3.420,1.00,,photo
base_pair_6a5d4382adb4_00011_inside.npz,base,6a5d4382ac94857a6f4ac8a9,orto_basemap,inside,,190.6,3.92,264.09,0.849,1366,1.0,0.9979,field,разметка подтверждена,2076085,g0550,1,,c0070,train,registered,3.420,1.00,,photo
base_pair_60d10f02d5aa_00000_inside.npz,base,60d10f02eade0f00079b5893,orto_basemap,inside,,193.0,4.23,341.51,0.751,1110,1.0,0.9999,global,разметка подтверждена,1815762,g0292,1,,c0140,val,approx,8.000,0.30,,photo
base_pair_60d10f02d5aa_00001_partial.npz,base,60d10f02eade0f00079b5893,orto_basemap,partial,,231.7,2.03,48.26,0.901,768,0.7223,0.7327,global,разметка подтверждена,1569260,g0292,1,,c0140,val,approx,8.000,0.30,,photo
base_pair_60d10f02d5aa_00002_partial.npz,base,60d10f02eade0f00079b5893,orto_basemap,partial,,209.6,5.16,57.83,0.815,860,0.849,0.8422,field,разметка подтверждена,2120538,g0292,1,,c0140,val,registered,3.780,1.00,,photo
base_pair_60d10f02d5aa_00003_inside.npz,base,60d10f02eade0f00079b5893,orto_basemap,inside,,232.4,8.53,22.45,0.904,1166,1.0,1.0,field,разметка подтверждена,2200481,g0292,1,,c0140,val,registered,3.780,1.00,,photo
base_pair_60d10f02d5aa_00004_partial.npz,base,60d10f02eade0f00079b5893,orto_basemap,partial,,273.4,1.91,68.98,1.063,1501,0.8469,0.8526,field,разметка подтверждена,2246442,g0292,1,,c0140,val,registered,3.780,1.00,,photo
base_pair_60d10f02d5aa_00005_inside.npz,base,60d10f02eade0f00079b5893,orto_basemap,inside,,265.0,2.15,300.8,1.03,1260,1.0,0.9998,field,разметка подтверждена,2069346,g0292,1,,c0140,val,registered,3.780,1.00,,photo
base_pair_60d10f02d5aa_00007_inside.npz,base,60d10f02eade0f00079b5893,orto_basemap,inside,,175.7,1.06,94.5,0.683,928,1.0,0.9999,field,разметка подтверждена,1553301,g0292,1,,c0140,val,registered,3.780,1.00,,photo
base_pair_60d10f02d5aa_00008_partial.npz,base,60d10f02eade0f00079b5893,orto_basemap,partial,,243.0,2.43,70.67,0.876,1871,0.8047,0.8067,field,разметка подтверждена,2338022,g0292,1,,c0140,val,registered,3.780,1.00,,photo
base_pair_60d10f02d5aa_00009_inside.npz,base,60d10f02eade0f00079b5893,orto_basemap,inside,,227.6,5.87,239.39,0.885,1444,1.0,0.9998,field,разметка подтверждена,1933208,g0292,1,,c0140,val,registered,3.780,1.00,,photo
base_pair_60d10f02d5aa_00010_inside.npz,base,60d10f02eade0f00079b5893,orto_basemap,inside,,214.1,7.75,207.61,0.833,1203,1.0,1.0,cell_refine,разметка подтверждена,2332270,g0292,1,,c0140,val,registered,3.780,1.00,,photo
base_pair_60d10f02d5aa_00011_inside.npz,base,60d10f02eade0f00079b5893,orto_basemap,inside,,191.6,2.95,182.18,0.745,1382,1.0,1.0,cell_refine,разметка подтверждена,2132846,g0292,1,,c0140,val,registered,3.780,1.00,,photo
base_pair_5bc117f6cb95_00000_inside.npz,base,5bc117f6c7e1cf0008e45e24,orto_basemap,inside,,193.0,4.23,341.51,0.993,1469,1.0,0.9993,field,разметка подтверждена,2091333,g0077,1,,c0035,train,registered,3.050,1.00,,photo
base_pair_5bc117f6cb95_00001_partial.npz,base,5bc117f6c7e1cf0008e45e24,orto_basemap,partial,,231.7,2.03,48.26,1.113,847,0.6782,0.6883,field,разметка подтверждена,1488447,g0077,1,,c0035,train,registered,3.050,1.00,,photo
base_pair_5bc117f6cb95_00002_partial.npz,base,5bc117f6c7e1cf0008e45e24,orto_basemap,partial,,209.6,5.16,57.83,1.068,1127,0.8492,0.842,field,разметка подтверждена,2348446,g0077,1,,c0035,train,registered,3.050,1.00,,photo
base_pair_5bc117f6cb95_00003_inside.npz,base,5bc117f6c7e1cf0008e45e24,orto_basemap,inside,,232.4,8.53,22.45,0.941,1214,1.0,0.9997,field,разметка подтверждена,2380532,g0077,1,,c0035,train,registered,3.050,1.00,,photo
base_pair_5bc117f6cb95_00004_partial.npz,base,5bc117f6c7e1cf0008e45e24,orto_basemap,partial,,273.4,1.91,68.98,1.149,1623,0.847,0.853,field,разметка подтверждена,2727362,g0077,1,,c0035,train,registered,3.050,1.00,,photo
base_pair_5bc117f6cb95_00005_inside.npz,base,5bc117f6c7e1cf0008e45e24,orto_basemap,inside,,265.0,2.15,300.8,1.132,1384,1.0,1.0,field,разметка подтверждена,2377977,g0077,1,,c0035,train,registered,3.050,1.00,,photo
base_pair_5bc117f6cb95_00007_inside.npz,base,5bc117f6c7e1cf0008e45e24,orto_basemap,inside,,175.7,1.06,94.5,0.983,1335,1.0,0.9999,field,разметка подтверждена,1970349,g0077,1,,c0035,train,registered,3.050,1.00,,photo
base_pair_5bc117f6cb95_00008_partial.npz,base,5bc117f6c7e1cf0008e45e24,orto_basemap,partial,,243.0,2.43,70.67,0.876,1871,0.8047,0.8073,field,разметка подтверждена,2731650,g0077,1,,c0035,train,registered,3.050,1.00,,photo
base_pair_5bc117f6cb95_00009_inside.npz,base,5bc117f6c7e1cf0008e45e24,orto_basemap,inside,,227.6,5.87,239.39,1.104,1801,1.0,1.0,field,разметка подтверждена,2520477,g0077,1,,c0035,train,registered,3.050,1.00,,photo
base_pair_5bc117f6cb95_00010_inside.npz,base,5bc117f6c7e1cf0008e45e24,orto_basemap,inside,,214.1,7.75,207.61,1.116,1612,1.0,0.9999,field,разметка подтверждена,2917908,g0077,1,,c0035,train,registered,3.050,1.00,,photo
base_pair_5bc117f6cb95_00011_inside.npz,base,5bc117f6c7e1cf0008e45e24,orto_basemap,inside,,191.6,2.95,182.18,1.034,1918,1.0,0.9999,field,разметка подтверждена,2917300,g0077,1,,c0035,train,registered,3.050,1.00,,photo
base_pair_5ee8b758316a_00000_inside.npz,base,5ee8b7583665d400065957e6,orto_basemap,inside,,193.0,4.23,341.51,0.993,1469,1.0,0.9885,cell_refine,разметка подтверждена,2257349,g0178,1,,c0014,heldout,registered,1.770,1.00,,photo
base_pair_5ee8b758316a_00001_partial.npz,base,5ee8b7583665d400065957e6,orto_basemap,partial,,231.7,2.03,48.26,1.113,847,0.6782,0.6808,cell_refine,разметка подтверждена,1531838,g0178,1,,c0014,heldout,registered,1.770,1.00,,photo
base_pair_5ee8b758316a_00002_partial.npz,base,5ee8b7583665d400065957e6,orto_basemap,partial,,209.6,5.16,57.83,1.068,1127,0.8492,0.8315,global,разметка подтверждена,2247955,g0178,1,,c0014,heldout,approx,8.000,0.30,,photo
base_pair_5ee8b758316a_00003_inside.npz,base,5ee8b7583665d400065957e6,orto_basemap,inside,,232.4,8.53,22.45,0.941,1214,1.0,0.9671,global,разметка подтверждена,2172236,g0178,1,,c0014,heldout,approx,8.000,0.30,,photo
base_pair_5ee8b758316a_00004_partial.npz,base,5ee8b7583665d400065957e6,orto_basemap,partial,,273.4,1.91,68.98,1.149,1623,0.847,0.8518,cell_refine,разметка подтверждена,2632271,g0178,1,,c0014,heldout,registered,1.770,1.00,,photo
base_pair_5ee8b758316a_00005_inside.npz,base,5ee8b7583665d400065957e6,orto_basemap,inside,,265.0,2.15,300.8,1.132,1384,1.0,0.9975,cell_refine,разметка подтверждена,2329151,g0178,1,,c0014,heldout,registered,1.770,1.00,,photo
base_pair_5ee8b758316a_00007_inside.npz,base,5ee8b7583665d400065957e6,orto_basemap,inside,,175.7,1.06,94.5,0.983,1335,1.0,0.9999,field,разметка подтверждена,1949010,g0178,1,,c0014,heldout,registered,1.770,1.00,,photo
base_pair_5ee8b758316a_00008_partial.npz,base,5ee8b7583665d400065957e6,orto_basemap,partial,,243.0,2.43,70.67,0.876,1871,0.8047,0.8055,cell_refine,разметка подтверждена,2718989,g0178,1,,c0014,heldout,registered,1.770,1.00,,photo
base_pair_5ee8b758316a_00009_inside.npz,base,5ee8b7583665d400065957e6,orto_basemap,inside,,227.6,5.87,239.39,1.104,1801,1.0,0.9998,cell_refine,разметка подтверждена,2444014,g0178,1,,c0014,heldout,registered,1.770,1.00,,photo
base_pair_5ee8b758316a_00010_inside.npz,base,5ee8b7583665d400065957e6,orto_basemap,inside,,214.1,7.75,207.61,1.116,1612,1.0,0.9998,field,разметка подтверждена,2913030,g0178,1,,c0014,heldout,registered,1.770,1.00,,photo
base_pair_5ee8b758316a_00011_inside.npz,base,5ee8b7583665d400065957e6,orto_basemap,inside,,191.6,2.95,182.18,1.034,1918,1.0,0.9999,field,разметка подтверждена,2965765,g0178,1,,c0014,heldout,registered,1.770,1.00,,photo
base_pair_5b902ae0338f_00000_inside.npz,base,5b902ae08752bd000830171c,orto_basemap,inside,,193.0,4.23,341.51,0.993,1469,1.0,0.999,cell_refine,разметка подтверждена,1942602,g0050,1,,c0012,val,registered,7.340,1.00,,photo
base_pair_5b902ae0338f_00001_partial.npz,base,5b902ae08752bd000830171c,orto_basemap,partial,,231.7,2.03,48.26,1.113,847,0.6782,0.6878,cell_refine,разметка подтверждена,1391950,g0050,1,,c0012,val,registered,7.340,1.00,,photo
base_pair_5b902ae0338f_00002_partial.npz,base,5b902ae08752bd000830171c,orto_basemap,partial,,209.6,5.16,57.83,1.068,1127,0.8492,0.8413,cell_refine,разметка подтверждена,2144578,g0050,1,,c0012,val,registered,7.340,1.00,,photo
base_pair_5b902ae0338f_00003_inside.npz,base,5b902ae08752bd000830171c,orto_basemap,inside,,232.4,8.53,22.45,0.941,1214,1.0,0.9994,cell_refine,разметка подтверждена,2138599,g0050,1,,c0012,val,registered,7.340,1.00,,photo
base_pair_5b902ae0338f_00004_partial.npz,base,5b902ae08752bd000830171c,orto_basemap,partial,,273.4,1.91,68.98,1.149,1623,0.847,0.853,global,разметка подтверждена,2293330,g0050,1,,c0012,val,approx,8.000,0.30,,photo
base_pair_5b902ae0338f_00005_inside.npz,base,5b902ae08752bd000830171c,orto_basemap,inside,,265.0,2.15,300.8,1.132,1384,1.0,0.9999,global,разметка подтверждена,2045714,g0050,1,,c0012,val,approx,8.000,0.30,,photo
base_pair_5b902ae0338f_00007_inside.npz,base,5b902ae08752bd000830171c,orto_basemap,inside,,175.7,1.06,94.5,0.983,1335,1.0,0.9989,global,разметка подтверждена,1814085,g0050,1,,c0012,val,approx,8.000,0.30,,photo
base_pair_5b902ae0338f_00008_partial.npz,base,5b902ae08752bd000830171c,orto_basemap,partial,,243.0,2.43,70.67,0.876,1871,0.8047,0.8073,global,разметка подтверждена,2171940,g0050,1,,c0012,val,approx,8.000,0.30,,photo
base_pair_5b902ae0338f_00009_inside.npz,base,5b902ae08752bd000830171c,orto_basemap,inside,,227.6,5.87,239.39,1.104,1801,1.0,1.0,global,разметка подтверждена,2013061,g0050,1,,c0012,val,approx,8.000,0.30,,photo
base_pair_5b902ae0338f_00010_inside.npz,base,5b902ae08752bd000830171c,orto_basemap,inside,,214.1,7.75,207.61,1.116,1612,1.0,0.9997,global,разметка подтверждена,2606761,g0050,1,,c0012,val,approx,8.000,0.30,,photo
base_pair_5b902ae0338f_00011_inside.npz,base,5b902ae08752bd000830171c,orto_basemap,inside,,191.6,2.95,182.18,1.034,1918,1.0,0.9992,global,разметка подтверждена,2565483,g0050,1,,c0012,val,approx,8.000,0.30,,photo
base_pair_ea6e48e6227f_00000_inside.npz,base,ea6e48e6-4a1f-43d4-b7bd-c30d8ae60b43,orto_basemap,inside,,193.0,4.23,341.51,0.993,1469,1.0,1.0,global,разметка подтверждена,2189932,g0588,1,,c0006,train,approx,8.000,0.30,,photo
base_pair_ea6e48e6227f_00001_partial.npz,base,ea6e48e6-4a1f-43d4-b7bd-c30d8ae60b43,orto_basemap,partial,,231.7,2.03,48.26,1.113,847,0.6782,0.6888,global,разметка подтверждена,1515577,g0588,1,,c0006,train,approx,8.000,0.30,,photo
base_pair_ea6e48e6227f_00002_partial.npz,base,ea6e48e6-4a1f-43d4-b7bd-c30d8ae60b43,orto_basemap,partial,,209.6,5.16,57.83,1.068,1127,0.8492,0.8422,global,разметка подтверждена,2294863,g0588,1,,c0006,train,approx,8.000,0.30,,photo
base_pair_ea6e48e6227f_00003_inside.npz,base,ea6e48e6-4a1f-43d4-b7bd-c30d8ae60b43,orto_basemap,inside,,232.4,8.53,22.45,0.941,1214,1.0,0.9996,global,разметка подтверждена,2336912,g0588,1,,c0006,train,approx,8.000,0.30,,photo
base_pair_ea6e48e6227f_00004_partial.npz,base,ea6e48e6-4a1f-43d4-b7bd-c30d8ae60b43,orto_basemap,partial,,273.4,1.91,68.98,1.149,1623,0.847,0.8526,cell_refine,разметка подтверждена,2638553,g0588,1,,c0006,train,registered,5.700,1.00,,photo
base_pair_ea6e48e6227f_00005_inside.npz,base,ea6e48e6-4a1f-43d4-b7bd-c30d8ae60b43,orto_basemap,inside,,265.0,2.15,300.8,1.132,1384,1.0,0.9998,cell_refine,разметка подтверждена,2253778,g0588,1,,c0006,train,registered,5.700,1.00,,photo
base_pair_ea6e48e6227f_00007_inside.npz,base,ea6e48e6-4a1f-43d4-b7bd-c30d8ae60b43,orto_basemap,inside,,175.7,1.06,94.5,0.983,1335,1.0,0.9995,field,разметка подтверждена,2103801,g0588,1,,c0006,train,registered,5.700,1.00,,photo
base_pair_ea6e48e6227f_00008_partial.npz,base,ea6e48e6-4a1f-43d4-b7bd-c30d8ae60b43,orto_basemap,partial,,243.0,2.43,70.67,0.876,1871,0.8047,0.8067,cell_refine,разметка подтверждена,2683339,g0588,1,,c0006,train,registered,5.700,1.00,,photo
base_pair_ea6e48e6227f_00009_inside.npz,base,ea6e48e6-4a1f-43d4-b7bd-c30d8ae60b43,orto_basemap,inside,,227.6,5.87,239.39,1.104,1801,1.0,0.9964,cell_refine,разметка подтверждена,2457428,g0588,1,,c0006,train,registered,5.700,1.00,,photo
base_pair_ea6e48e6227f_00010_inside.npz,base,ea6e48e6-4a1f-43d4-b7bd-c30d8ae60b43,orto_basemap,inside,,214.1,7.75,207.61,1.116,1612,1.0,0.9999,field,разметка подтверждена,2862970,g0588,1,,c0006,train,registered,5.700,1.00,,photo
base_pair_ea6e48e6227f_00011_inside.npz,base,ea6e48e6-4a1f-43d4-b7bd-c30d8ae60b43,orto_basemap,inside,,191.6,2.95,182.18,1.034,1918,1.0,0.9998,field,разметка подтверждена,2866751,g0588,1,,c0006,train,registered,5.700,1.00,,photo
base_pair_b4883e780a36_00000_inside.npz,base,b4883e78-09d7-4631-a595-b5d5a6d46c76,orto_basemap,inside,,193.0,4.23,341.51,0.993,1469,1.0,0.9988,cell_refine,разметка подтверждена,2172058,g0576,1,,c0012,val,registered,10.130,1.00,,photo
base_pair_b4883e780a36_00001_partial.npz,base,b4883e78-09d7-4631-a595-b5d5a6d46c76,orto_basemap,partial,,231.7,2.03,48.26,1.113,847,0.6782,0.6878,cell_refine,разметка подтверждена,1481390,g0576,1,,c0012,val,registered,10.130,1.00,,photo
base_pair_b4883e780a36_00002_partial.npz,base,b4883e78-09d7-4631-a595-b5d5a6d46c76,orto_basemap,partial,,209.6,5.16,57.83,1.068,1127,0.8492,0.8415,global,разметка подтверждена,2292711,g0576,1,,c0012,val,approx,8.000,0.30,,photo
base_pair_b4883e780a36_00003_inside.npz,base,b4883e78-09d7-4631-a595-b5d5a6d46c76,orto_basemap,inside,,232.4,8.53,22.45,0.941,1214,1.0,0.9967,global,разметка подтверждена,2333511,g0576,1,,c0012,val,approx,8.000,0.30,,photo
base_pair_b4883e780a36_00004_partial.npz,base,b4883e78-09d7-4631-a595-b5d5a6d46c76,orto_basemap,partial,,273.4,1.91,68.98,1.149,1623,0.847,0.8529,cell_refine,разметка подтверждена,2466588,g0576,1,,c0012,val,registered,10.130,1.00,,photo
base_pair_b4883e780a36_00005_inside.npz,base,b4883e78-09d7-4631-a595-b5d5a6d46c76,orto_basemap,inside,,265.0,2.15,300.8,1.132,1384,1.0,0.9983,cell_refine,разметка подтверждена,2210812,g0576,1,,c0012,val,registered,10.130,1.00,,photo
base_pair_b4883e780a36_00007_inside.npz,base,b4883e78-09d7-4631-a595-b5d5a6d46c76,orto_basemap,inside,,175.7,1.06,94.5,0.983,1335,1.0,0.997,field,разметка подтверждена,1877843,g0576,1,,c0012,val,registered,10.130,1.00,,photo
base_pair_b4883e780a36_00008_partial.npz,base,b4883e78-09d7-4631-a595-b5d5a6d46c76,orto_basemap,partial,,243.0,2.43,70.67,0.876,1871,0.8047,0.7965,field,разметка подтверждена,2285973,g0576,1,,c0012,val,registered,10.130,1.00,,photo
base_pair_b4883e780a36_00009_inside.npz,base,b4883e78-09d7-4631-a595-b5d5a6d46c76,orto_basemap,inside,,227.6,5.87,239.39,1.104,1801,1.0,0.9982,field,разметка подтверждена,2126961,g0576,1,,c0012,val,registered,10.130,1.00,,photo
base_pair_b4883e780a36_00010_inside.npz,base,b4883e78-09d7-4631-a595-b5d5a6d46c76,orto_basemap,inside,,214.1,7.75,207.61,1.116,1612,1.0,0.9994,cell_refine,разметка подтверждена,2651329,g0576,1,,c0012,val,registered,10.130,1.00,,photo
base_pair_b4883e780a36_00011_inside.npz,base,b4883e78-09d7-4631-a595-b5d5a6d46c76,orto_basemap,inside,,191.6,2.95,182.18,1.034,1918,1.0,0.9998,cell_refine,разметка подтверждена,2537268,g0576,1,,c0012,val,registered,10.130,1.00,,photo
base_pair_625193c4e68f_00000_inside.npz,base,625193c4fe1b5d0006ae8cf5,orto_basemap,inside,,193.0,4.23,341.51,0.752,1112,1.0,1.0,field,разметка подтверждена,1803971,g0334,1,,c0151,train,registered,2.500,1.00,,photo
base_pair_625193c4e68f_00001_partial.npz,base,625193c4fe1b5d0006ae8cf5,orto_basemap,partial,,231.7,2.03,48.26,0.902,768,0.7219,0.7324,field,разметка подтверждена,1505830,g0334,1,,c0151,train,registered,2.500,1.00,,photo
base_pair_625193c4e68f_00002_partial.npz,base,625193c4fe1b5d0006ae8cf5,orto_basemap,partial,,209.6,5.16,57.83,0.816,861,0.8489,0.8421,field,разметка подтверждена,1983252,g0334,1,,c0151,train,registered,2.500,1.00,,photo
base_pair_625193c4e68f_00003_inside.npz,base,625193c4fe1b5d0006ae8cf5,orto_basemap,inside,,232.4,8.53,22.45,0.905,1168,1.0,1.0,field,разметка подтверждена,2041274,g0334,1,,c0151,train,registered,2.500,1.00,,photo
base_pair_625193c4e68f_00004_partial.npz,base,625193c4fe1b5d0006ae8cf5,orto_basemap,partial,,273.4,1.91,68.98,1.065,1503,0.8469,0.8529,field,разметка подтверждена,2345513,g0334,1,,c0151,train,registered,2.500,1.00,,photo
base_pair_625193c4e68f_00005_inside.npz,base,625193c4fe1b5d0006ae8cf5,orto_basemap,inside,,265.0,2.15,300.8,1.032,1262,1.0,1.0,field,разметка подтверждена,1978641,g0334,1,,c0151,train,registered,2.500,1.00,,photo
base_pair_625193c4e68f_00007_inside.npz,base,625193c4fe1b5d0006ae8cf5,orto_basemap,inside,,175.7,1.06,94.5,0.684,929,1.0,1.0,field,разметка подтверждена,1549243,g0334,1,,c0151,train,registered,2.500,1.00,,photo
base_pair_625193c4e68f_00008_partial.npz,base,625193c4fe1b5d0006ae8cf5,orto_basemap,partial,,243.0,2.43,70.67,0.876,1871,0.8047,0.8074,field,разметка подтверждена,2177668,g0334,1,,c0151,train,registered,2.500,1.00,,photo
base_pair_625193c4e68f_00009_inside.npz,base,625193c4fe1b5d0006ae8cf5,orto_basemap,inside,,227.6,5.87,239.39,0.886,1446,1.0,1.0,field,разметка подтверждена,1822753,g0334,1,,c0151,train,registered,2.500,1.00,,photo
base_pair_625193c4e68f_00010_inside.npz,base,625193c4fe1b5d0006ae8cf5,orto_basemap,inside,,214.1,7.75,207.61,0.834,1205,1.0,1.0,field,разметка подтверждена,2364450,g0334,1,,c0151,train,registered,2.500,1.00,,photo
base_pair_625193c4e68f_00011_inside.npz,base,625193c4fe1b5d0006ae8cf5,orto_basemap,inside,,191.6,2.95,182.18,0.746,1384,1.0,1.0,field,разметка подтверждена,2146517,g0334,1,,c0151,train,registered,2.500,1.00,,photo
base_pair_5bd7743b3f5e_00000_inside.npz,base,5bd7743b40de3f0005f2152c,orto_basemap,inside,,193.0,4.23,341.51,0.993,1469,1.0,1.0,field,разметка подтверждена,2257728,g0085,1,,c0005,heldout,registered,5.270,1.00,,photo
base_pair_5bd7743b3f5e_00001_partial.npz,base,5bd7743b40de3f0005f2152c,orto_basemap,partial,,231.7,2.03,48.26,1.113,847,0.6782,0.6888,field,разметка подтверждена,1533456,g0085,1,,c0005,heldout,registered,5.270,1.00,,photo
base_pair_5bd7743b3f5e_00002_partial.npz,base,5bd7743b40de3f0005f2152c,orto_basemap,partial,,209.6,5.16,57.83,1.068,1127,0.8492,0.8424,field,разметка подтверждена,2335454,g0085,1,,c0005,heldout,registered,5.270,1.00,,photo
base_pair_5bd7743b3f5e_00003_inside.npz,base,5bd7743b40de3f0005f2152c,orto_basemap,inside,,232.4,8.53,22.45,0.941,1214,1.0,1.0,field,разметка подтверждена,2382181,g0085,1,,c0005,heldout,registered,5.270,1.00,,photo
base_pair_5bd7743b3f5e_00004_partial.npz,base,5bd7743b40de3f0005f2152c,orto_basemap,partial,,273.4,1.91,68.98,1.149,1623,0.847,0.8527,field,разметка подтверждена,2733306,g0085,1,,c0005,heldout,registered,5.270,1.00,,photo
base_pair_5bd7743b3f5e_00005_inside.npz,base,5bd7743b40de3f0005f2152c,orto_basemap,inside,,265.0,2.15,300.8,1.132,1384,1.0,0.9998,field,разметка подтверждена,2336906,g0085,1,,c0005,heldout,registered,5.270,1.00,,photo
base_pair_5bd7743b3f5e_00007_inside.npz,base,5bd7743b40de3f0005f2152c,orto_basemap,inside,,175.7,1.06,94.5,0.983,1335,1.0,0.9986,global,разметка подтверждена,1937022,g0085,1,,c0005,heldout,approx,8.000,0.30,,photo
base_pair_5bd7743b3f5e_00008_partial.npz,base,5bd7743b40de3f0005f2152c,orto_basemap,partial,,243.0,2.43,70.67,0.876,1871,0.8047,0.8066,field,разметка подтверждена,2884120,g0085,1,,c0005,heldout,registered,5.270,1.00,,photo
base_pair_5bd7743b3f5e_00009_inside.npz,base,5bd7743b40de3f0005f2152c,orto_basemap,inside,,227.6,5.87,239.39,1.104,1801,1.0,0.9984,field,разметка подтверждена,2632183,g0085,1,,c0005,heldout,registered,5.270,1.00,,photo
base_pair_5bd7743b3f5e_00010_inside.npz,base,5bd7743b40de3f0005f2152c,orto_basemap,inside,,214.1,7.75,207.61,1.116,1612,1.0,0.9979,field,разметка подтверждена,3164520,g0085,1,,c0005,heldout,registered,5.270,1.00,,photo
base_pair_5bd7743b3f5e_00011_inside.npz,base,5bd7743b40de3f0005f2152c,orto_basemap,inside,,191.6,2.95,182.18,1.034,1918,1.0,0.9976,field,разметка подтверждена,3269461,g0085,1,,c0005,heldout,registered,5.270,1.00,,photo
base_pair_5e789398ca5e_00000_inside.npz,base,5e789398ea363b0005373f2a,orto_basemap,inside,,193.0,4.23,341.51,0.993,1469,1.0,1.0,field,разметка подтверждена,1769394,g0144,1,,c0000,train,registered,3.660,1.00,,photo
base_pair_5e789398ca5e_00001_partial.npz,base,5e789398ea363b0005373f2a,orto_basemap,partial,,231.7,2.03,48.26,1.113,847,0.6782,0.6888,field,разметка подтверждена,1297182,g0144,1,,c0000,train,registered,3.660,1.00,,photo
base_pair_5e789398ca5e_00002_partial.npz,base,5e789398ea363b0005373f2a,orto_basemap,partial,,209.6,5.16,57.83,1.068,1127,0.8492,0.8422,field,разметка подтверждена,2200804,g0144,1,,c0000,train,registered,3.660,1.00,,photo
base_pair_5e789398ca5e_00003_inside.npz,base,5e789398ea363b0005373f2a,orto_basemap,inside,,232.4,8.53,22.45,0.941,1214,1.0,1.0,field,разметка подтверждена,2090552,g0144,1,,c0000,train,registered,3.660,1.00,,photo
base_pair_5e789398ca5e_00004_partial.npz,base,5e789398ea363b0005373f2a,orto_basemap,partial,,273.4,1.91,68.98,1.149,1623,0.847,0.853,field,разметка подтверждена,2593120,g0144,1,,c0000,train,registered,3.660,1.00,,photo
base_pair_5e789398ca5e_00005_inside.npz,base,5e789398ea363b0005373f2a,orto_basemap,inside,,265.0,2.15,300.8,1.132,1384,1.0,0.9996,field,разметка подтверждена,2268976,g0144,1,,c0000,train,registered,3.660,1.00,,photo
base_pair_5e789398ca5e_00007_inside.npz,base,5e789398ea363b0005373f2a,orto_basemap,inside,,175.7,1.06,94.5,0.983,1335,1.0,0.9999,field,разметка подтверждена,1910134,g0144,1,,c0000,train,registered,3.660,1.00,,photo
base_pair_5e789398ca5e_00008_partial.npz,base,5e789398ea363b0005373f2a,orto_basemap,partial,,243.0,2.43,70.67,0.876,1871,0.8047,0.8074,field,разметка подтверждена,2444053,g0144,1,,c0000,train,registered,3.660,1.00,,photo
base_pair_5e789398ca5e_00009_inside.npz,base,5e789398ea363b0005373f2a,orto_basemap,inside,,227.6,5.87,239.39,1.104,1801,1.0,1.0,field,разметка подтверждена,2189789,g0144,1,,c0000,train,registered,3.660,1.00,,photo
base_pair_5e789398ca5e_00010_inside.npz,base,5e789398ea363b0005373f2a,orto_basemap,inside,,214.1,7.75,207.61,1.116,1612,1.0,1.0,field,разметка подтверждена,2886559,g0144,1,,c0000,train,registered,3.660,1.00,,photo
base_pair_5e789398ca5e_00011_inside.npz,base,5e789398ea363b0005373f2a,orto_basemap,inside,,191.6,2.95,182.18,1.034,1918,1.0,1.0,field,разметка подтверждена,2836442,g0144,1,,c0000,train,registered,3.660,1.00,,photo
base_pair_5ddb9e3bcb37_00000_inside.npz,base,5ddb9e3baff195000554e7e6,orto_basemap,inside,,193.0,4.23,341.51,0.993,1469,1.0,1.0,global,разметка подтверждена,2131086,g0121,1,,c0000,train,approx,8.000,0.30,,photo
base_pair_5ddb9e3bcb37_00001_partial.npz,base,5ddb9e3baff195000554e7e6,orto_basemap,partial,,231.7,2.03,48.26,1.113,847,0.6782,0.6888,global,разметка подтверждена,1463929,g0121,1,,c0000,train,approx,8.000,0.30,,photo
base_pair_5ddb9e3bcb37_00002_partial.npz,base,5ddb9e3baff195000554e7e6,orto_basemap,partial,,209.6,5.16,57.83,1.068,1127,0.8492,0.8422,global,разметка подтверждена,2251995,g0121,1,,c0000,train,approx,8.000,0.30,,photo
base_pair_5ddb9e3bcb37_00003_inside.npz,base,5ddb9e3baff195000554e7e6,orto_basemap,inside,,232.4,8.53,22.45,0.941,1214,1.0,1.0,global,разметка подтверждена,2309034,g0121,1,,c0000,train,approx,8.000,0.30,,photo
base_pair_5ddb9e3bcb37_00004_partial.npz,base,5ddb9e3baff195000554e7e6,orto_basemap,partial,,273.4,1.91,68.98,1.149,1623,0.847,0.8529,field,разметка подтверждена,2588278,g0121,1,,c0000,train,registered,8.310,1.00,,photo
base_pair_5ddb9e3bcb37_00005_inside.npz,base,5ddb9e3baff195000554e7e6,orto_basemap,inside,,265.0,2.15,300.8,1.132,1384,1.0,0.9998,field,разметка подтверждена,2217824,g0121,1,,c0000,train,registered,8.310,1.00,,photo
base_pair_5ddb9e3bcb37_00007_inside.npz,base,5ddb9e3baff195000554e7e6,orto_basemap,inside,,175.7,1.06,94.5,0.983,1335,1.0,1.0,field,разметка подтверждена,1877605,g0121,1,,c0000,train,registered,8.310,1.00,,photo
base_pair_5ddb9e3bcb37_00008_partial.npz,base,5ddb9e3baff195000554e7e6,orto_basemap,partial,,243.0,2.43,70.67,0.876,1871,0.8047,0.8073,field,разметка подтверждена,2637821,g0121,1,,c0000,train,registered,8.310,1.00,,photo
base_pair_5ddb9e3bcb37_00009_inside.npz,base,5ddb9e3baff195000554e7e6,orto_basemap,inside,,227.6,5.87,239.39,1.104,1801,1.0,1.0,field,разметка подтверждена,2352677,g0121,1,,c0000,train,registered,8.310,1.00,,photo
base_pair_5ddb9e3bcb37_00010_inside.npz,base,5ddb9e3baff195000554e7e6,orto_basemap,inside,,214.1,7.75,207.61,1.116,1612,1.0,0.9985,field,разметка подтверждена,2774040,g0121,1,,c0000,train,registered,8.310,1.00,,photo
base_pair_5ddb9e3bcb37_00011_inside.npz,base,5ddb9e3baff195000554e7e6,orto_basemap,inside,,191.6,2.95,182.18,1.034,1918,1.0,1.0,field,разметка подтверждена,2807322,g0121,1,,c0000,train,registered,8.310,1.00,,photo
base_pair_5f84b7a26f0d_00000_inside.npz,base,5f84b7a27d446d0005fa816c,orto_basemap,inside,,193.0,4.23,341.51,0.993,1469,1.0,0.999,field,разметка подтверждена,2334170,g0223,1,,c0017,train,registered,4.240,1.00,,photo
base_pair_5f84b7a26f0d_00001_partial.npz,base,5f84b7a27d446d0005fa816c,orto_basemap,partial,,231.7,2.03,48.26,1.113,847,0.6782,0.6885,field,разметка подтверждена,1581008,g0223,1,,c0017,train,registered,4.240,1.00,,photo
base_pair_5f84b7a26f0d_00002_partial.npz,base,5f84b7a27d446d0005fa816c,orto_basemap,partial,,209.6,5.16,57.83,1.068,1127,0.8492,0.8418,field,разметка подтверждена,2377877,g0223,1,,c0017,train,registered,4.240,1.00,,photo
base_pair_5f84b7a26f0d_00003_inside.npz,base,5f84b7a27d446d0005fa816c,orto_basemap,inside,,232.4,8.53,22.45,0.941,1214,1.0,0.9996,field,разметка подтверждена,2403243,g0223,1,,c0017,train,registered,4.240,1.00,,photo
base_pair_5f84b7a26f0d_00004_partial.npz,base,5f84b7a27d446d0005fa816c,orto_basemap,partial,,273.4,1.91,68.98,1.149,1623,0.847,0.8527,field,разметка подтверждена,2721373,g0223,1,,c0017,train,registered,4.240,1.00,,photo
base_pair_5f84b7a26f0d_00005_inside.npz,base,5f84b7a27d446d0005fa816c,orto_basemap,inside,,265.0,2.15,300.8,1.132,1384,1.0,1.0,field,разметка подтверждена,2336659,g0223,1,,c0017,train,registered,4.240,1.00,,photo
base_pair_5f84b7a26f0d_00007_inside.npz,base,5f84b7a27d446d0005fa816c,orto_basemap,inside,,175.7,1.06,94.5,0.983,1335,1.0,0.9992,field,разметка подтверждена,2235198,g0223,1,,c0017,train,registered,4.240,1.00,,photo
base_pair_6dbd8ba8c4cb_00000_inside.npz,base,6dbd8ba8-a161-46d8-83cc-d3ccc4b032bf,orto_basemap,inside,,193.0,4.23,341.51,0.993,1469,1.0,0.998,field,разметка подтверждена,2116746,g0559,1,,c0012,val,registered,3.150,1.00,,photo
base_pair_6dbd8ba8c4cb_00001_partial.npz,base,6dbd8ba8-a161-46d8-83cc-d3ccc4b032bf,orto_basemap,partial,,231.7,2.03,48.26,1.113,847,0.6782,0.6883,field,разметка подтверждена,1442138,g0559,1,,c0012,val,registered,3.150,1.00,,photo
base_pair_6dbd8ba8c4cb_00002_partial.npz,base,6dbd8ba8-a161-46d8-83cc-d3ccc4b032bf,orto_basemap,partial,,209.6,5.16,57.83,1.068,1127,0.8492,0.8421,cell_refine,разметка подтверждена,2218358,g0559,1,,c0012,val,registered,3.150,1.00,,photo
base_pair_6dbd8ba8c4cb_00003_inside.npz,base,6dbd8ba8-a161-46d8-83cc-d3ccc4b032bf,orto_basemap,inside,,232.4,8.53,22.45,0.941,1214,1.0,0.9993,cell_refine,разметка подтверждена,2268646,g0559,1,,c0012,val,registered,3.150,1.00,,photo
base_pair_6dbd8ba8c4cb_00004_partial.npz,base,6dbd8ba8-a161-46d8-83cc-d3ccc4b032bf,orto_basemap,partial,,273.4,1.91,68.98,1.149,1623,0.847,0.8527,global,разметка подтверждена,2562901,g0559,1,,c0012,val,approx,8.000,0.30,,photo
base_pair_6dbd8ba8c4cb_00005_inside.npz,base,6dbd8ba8-a161-46d8-83cc-d3ccc4b032bf,orto_basemap,inside,,265.0,2.15,300.8,1.132,1384,1.0,0.9999,global,разметка подтверждена,2151749,g0559,1,,c0012,val,approx,8.000,0.30,,photo
base_pair_6dbd8ba8c4cb_00007_inside.npz,base,6dbd8ba8-a161-46d8-83cc-d3ccc4b032bf,orto_basemap,inside,,175.7,1.06,94.5,0.983,1335,1.0,0.9994,field,разметка подтверждена,2048673,g0559,1,,c0012,val,registered,3.150,1.00,,photo
base_pair_6dbd8ba8c4cb_00008_partial.npz,base,6dbd8ba8-a161-46d8-83cc-d3ccc4b032bf,orto_basemap,partial,,243.0,2.43,70.67,0.876,1871,0.8047,0.807,field,разметка подтверждена,2527648,g0559,1,,c0012,val,registered,3.150,1.00,,photo
base_pair_6dbd8ba8c4cb_00009_inside.npz,base,6dbd8ba8-a161-46d8-83cc-d3ccc4b032bf,orto_basemap,inside,,227.6,5.87,239.39,1.104,1801,1.0,0.9998,field,разметка подтверждена,2337895,g0559,1,,c0012,val,registered,3.150,1.00,,photo
base_pair_71000fb355b0_00000_inside.npz,base,71000fb3-0299-4960-93b8-04a5518b5816,orto_basemap,inside,,193.0,4.23,341.51,0.993,1469,1.0,0.9999,field,разметка подтверждена,2014259,g0560,1,,c0009,heldout,registered,9.220,1.00,,photo
base_pair_71000fb355b0_00001_partial.npz,base,71000fb3-0299-4960-93b8-04a5518b5816,orto_basemap,partial,,231.7,2.03,48.26,1.113,847,0.6782,0.6888,field,разметка подтверждена,1376983,g0560,1,,c0009,heldout,registered,9.220,1.00,,photo
base_pair_71000fb355b0_00002_partial.npz,base,71000fb3-0299-4960-93b8-04a5518b5816,orto_basemap,partial,,209.6,5.16,57.83,1.068,1127,0.8492,0.8408,global,разметка подтверждена,2222910,g0560,1,,c0009,heldout,approx,8.000,0.30,,photo
base_pair_71000fb355b0_00003_inside.npz,base,71000fb3-0299-4960-93b8-04a5518b5816,orto_basemap,inside,,232.4,8.53,22.45,0.941,1214,1.0,0.9998,global,разметка подтверждена,2259608,g0560,1,,c0009,heldout,approx,8.000,0.30,,photo
base_pair_71000fb355b0_00004_partial.npz,base,71000fb3-0299-4960-93b8-04a5518b5816,orto_basemap,partial,,273.4,1.91,68.98,1.149,1623,0.847,0.8529,field,разметка подтверждена,2541395,g0560,1,,c0009,heldout,registered,9.220,1.00,,photo
base_pair_71000fb355b0_00005_inside.npz,base,71000fb3-0299-4960-93b8-04a5518b5816,orto_basemap,inside,,265.0,2.15,300.8,1.132,1384,1.0,1.0,field,разметка подтверждена,2203657,g0560,1,,c0009,heldout,registered,9.220,1.00,,photo
base_pair_71000fb355b0_00007_inside.npz,base,71000fb3-0299-4960-93b8-04a5518b5816,orto_basemap,inside,,175.7,1.06,94.5,0.983,1335,1.0,1.0,global,разметка подтверждена,1946940,g0560,1,,c0009,heldout,approx,8.000,0.30,,photo
base_pair_71000fb355b0_00008_partial.npz,base,71000fb3-0299-4960-93b8-04a5518b5816,orto_basemap,partial,,243.0,2.43,70.67,0.876,1871,0.8047,0.8074,cell_refine,разметка подтверждена,2533391,g0560,1,,c0009,heldout,registered,9.220,1.00,,photo
base_pair_71000fb355b0_00009_inside.npz,base,71000fb3-0299-4960-93b8-04a5518b5816,orto_basemap,inside,,227.6,5.87,239.39,1.104,1801,1.0,0.9988,cell_refine,разметка подтверждена,2296823,g0560,1,,c0009,heldout,registered,9.220,1.00,,photo
base_pair_71000fb355b0_00010_inside.npz,base,71000fb3-0299-4960-93b8-04a5518b5816,orto_basemap,inside,,214.1,7.75,207.61,1.116,1612,1.0,1.0,field,разметка подтверждена,2641019,g0560,1,,c0009,heldout,registered,9.220,1.00,,photo
base_pair_71000fb355b0_00011_inside.npz,base,71000fb3-0299-4960-93b8-04a5518b5816,orto_basemap,inside,,191.6,2.95,182.18,1.034,1918,1.0,1.0,field,разметка подтверждена,2629011,g0560,1,,c0009,heldout,registered,9.220,1.00,,photo
base_pair_5b794c376a29_00000_inside.npz,base,5b794c3769e53f7a40915180,orto_basemap,inside,,193.0,4.23,341.51,0.993,1469,1.0,0.9998,field,разметка подтверждена,2206359,g0047,1,,c0000,train,registered,1.960,1.00,,photo
base_pair_5b794c376a29_00001_partial.npz,base,5b794c3769e53f7a40915180,orto_basemap,partial,,231.7,2.03,48.26,1.113,847,0.6782,0.6887,field,разметка подтверждена,1542149,g0047,1,,c0000,train,registered,1.960,1.00,,photo
base_pair_5b794c376a29_00002_partial.npz,base,5b794c3769e53f7a40915180,orto_basemap,partial,,209.6,5.16,57.83,1.068,1127,0.8492,0.8421,field,разметка подтверждена,2330164,g0047,1,,c0000,train,registered,1.960,1.00,,photo
base_pair_5b794c376a29_00003_inside.npz,base,5b794c3769e53f7a40915180,orto_basemap,inside,,232.4,8.53,22.45,0.941,1214,1.0,0.9996,field,разметка подтверждена,2429532,g0047,1,,c0000,train,registered,1.960,1.00,,photo
base_pair_5b794c376a29_00004_partial.npz,base,5b794c3769e53f7a40915180,orto_basemap,partial,,273.4,1.91,68.98,1.149,1623,0.847,0.853,field,разметка подтверждена,2682677,g0047,1,,c0000,train,registered,1.960,1.00,,photo
base_pair_5b794c376a29_00005_inside.npz,base,5b794c3769e53f7a40915180,orto_basemap,inside,,265.0,2.15,300.8,1.132,1384,1.0,1.0,field,разметка подтверждена,2371098,g0047,1,,c0000,train,registered,1.960,1.00,,photo
base_pair_5b794c376a29_00007_inside.npz,base,5b794c3769e53f7a40915180,orto_basemap,inside,,175.7,1.06,94.5,0.983,1335,1.0,0.999,field,разметка подтверждена,1987299,g0047,1,,c0000,train,registered,1.960,1.00,,photo
base_pair_5b794c376a29_00008_partial.npz,base,5b794c3769e53f7a40915180,orto_basemap,partial,,243.0,2.43,70.67,0.876,1871,0.8047,0.8073,field,разметка подтверждена,2848124,g0047,1,,c0000,train,registered,1.960,1.00,,photo
base_pair_5b794c376a29_00009_inside.npz,base,5b794c3769e53f7a40915180,orto_basemap,inside,,227.6,5.87,239.39,1.104,1801,1.0,1.0,field,разметка подтверждена,2463115,g0047,1,,c0000,train,registered,1.960,1.00,,photo
base_pair_5b91cc2b8cb4_00000_inside.npz,base,5b91cc2bc4be300007b23c71,orto_basemap,inside,,193.0,4.23,341.51,0.993,1469,1.0,0.9999,field,разметка подтверждена,2261662,g0055,1,,c0000,train,registered,9.250,1.00,,photo
base_pair_5b91cc2b8cb4_00001_partial.npz,base,5b91cc2bc4be300007b23c71,orto_basemap,partial,,231.7,2.03,48.26,1.113,847,0.6782,0.6887,field,разметка подтверждена,1528931,g0055,1,,c0000,train,registered,9.250,1.00,,photo
base_pair_5b91cc2b8cb4_00002_partial.npz,base,5b91cc2bc4be300007b23c71,orto_basemap,partial,,209.6,5.16,57.83,1.068,1127,0.8492,0.8415,field,разметка подтверждена,2347738,g0055,1,,c0000,train,registered,9.250,1.00,,photo
base_pair_5b91cc2b8cb4_00003_inside.npz,base,5b91cc2bc4be300007b23c71,orto_basemap,inside,,232.4,8.53,22.45,0.941,1214,1.0,0.9997,field,разметка подтверждена,2423777,g0055,1,,c0000,train,registered,9.250,1.00,,photo
base_pair_5b91cc2b8cb4_00004_partial.npz,base,5b91cc2bc4be300007b23c71,orto_basemap,partial,,273.4,1.91,68.98,1.149,1623,0.847,0.8529,field,разметка подтверждена,2417425,g0055,1,,c0000,train,registered,9.250,1.00,,photo
base_pair_5b91cc2b8cb4_00005_inside.npz,base,5b91cc2bc4be300007b23c71,orto_basemap,inside,,265.0,2.15,300.8,1.132,1384,1.0,0.9999,field,разметка подтверждена,2184811,g0055,1,,c0000,train,registered,9.250,1.00,,photo
base_pair_5b91cc2b8cb4_00007_inside.npz,base,5b91cc2bc4be300007b23c71,orto_basemap,inside,,175.7,1.06,94.5,0.983,1335,1.0,0.9998,field,разметка подтверждена,1957222,g0055,1,,c0000,train,registered,9.250,1.00,,photo
base_pair_5b91cc2b8cb4_00008_partial.npz,base,5b91cc2bc4be300007b23c71,orto_basemap,partial,,243.0,2.43,70.67,0.876,1871,0.8047,0.8073,field,разметка подтверждена,2632498,g0055,1,,c0000,train,registered,9.250,1.00,,photo
base_pair_5b91cc2b8cb4_00009_inside.npz,base,5b91cc2bc4be300007b23c71,orto_basemap,inside,,227.6,5.87,239.39,1.104,1801,1.0,0.9935,field,разметка подтверждена,2360886,g0055,1,,c0000,train,registered,9.250,1.00,,photo
base_pair_5b91cc2b8cb4_00010_inside.npz,base,5b91cc2bc4be300007b23c71,orto_basemap,inside,,214.1,7.75,207.61,1.116,1612,1.0,0.9987,global,разметка подтверждена,2854412,g0055,1,,c0000,train,approx,8.000,0.30,,photo
base_pair_5b91cc2b8cb4_00011_inside.npz,base,5b91cc2bc4be300007b23c71,orto_basemap,inside,,191.6,2.95,182.18,1.034,1918,1.0,0.9966,global,разметка подтверждена,2812863,g0055,1,,c0000,train,approx,8.000,0.30,,photo
base_pair_5ec3c88c8589_00000_inside.npz,base,5ec3c88caff5010005865c50,orto_basemap,inside,,193.0,4.23,341.51,0.993,1469,1.0,0.9995,field,разметка подтверждена,2241479,g0169,1,,c0000,train,registered,2.450,1.00,,photo
base_pair_5ec3c88c8589_00001_partial.npz,base,5ec3c88caff5010005865c50,orto_basemap,partial,,231.7,2.03,48.26,1.113,847,0.6782,0.6886,field,разметка подтверждена,1582480,g0169,1,,c0000,train,registered,2.450,1.00,,photo
base_pair_5ec3c88c8589_00002_partial.npz,base,5ec3c88caff5010005865c50,orto_basemap,partial,,209.6,5.16,57.83,1.068,1127,0.8492,0.8226,field,разметка подтверждена,2311452,g0169,1,,c0000,train,registered,2.450,1.00,,photo
base_pair_5ec3c88c8589_00003_inside.npz,base,5ec3c88caff5010005865c50,orto_basemap,inside,,232.4,8.53,22.45,0.941,1214,1.0,0.9812,field,разметка подтверждена,2393401,g0169,1,,c0000,train,registered,2.450,1.00,,photo
base_pair_5ec3c88c8589_00004_partial.npz,base,5ec3c88caff5010005865c50,orto_basemap,partial,,273.4,1.91,68.98,1.149,1623,0.847,0.8521,field,разметка подтверждена,2665386,g0169,1,,c0000,train,registered,2.450,1.00,,photo
base_pair_5ec3c88c8589_00005_inside.npz,base,5ec3c88caff5010005865c50,orto_basemap,inside,,265.0,2.15,300.8,1.132,1384,1.0,0.9972,field,разметка подтверждена,2291558,g0169,1,,c0000,train,registered,2.450,1.00,,photo
base_pair_5ec3c88c8589_00007_inside.npz,base,5ec3c88caff5010005865c50,orto_basemap,inside,,175.7,1.06,94.5,0.983,1335,1.0,0.9999,global,разметка подтверждена,1987469,g0169,1,,c0000,train,approx,8.000,0.30,,photo
base_pair_e7c1f268c8dd_00000_inside.npz,base,e7c1f268-cb44-4c51-8b62-3752f84001f5,orto_basemap,inside,,193.0,4.23,341.51,0.993,1469,1.0,1.0,global,разметка подтверждена,2311940,g0586,1,,c0277,train,approx,8.000,0.30,,photo
base_pair_e7c1f268c8dd_00001_partial.npz,base,e7c1f268-cb44-4c51-8b62-3752f84001f5,orto_basemap,partial,,231.7,2.03,48.26,1.113,847,0.6782,0.6888,global,разметка подтверждена,1550566,g0586,1,,c0277,train,approx,8.000,0.30,,photo
base_pair_e7c1f268c8dd_00002_partial.npz,base,e7c1f268-cb44-4c51-8b62-3752f84001f5,orto_basemap,partial,,209.6,5.16,57.83,1.068,1127,0.8492,0.8423,field,разметка подтверждена,2403572,g0586,1,,c0277,train,registered,8.650,1.00,,photo
base_pair_e7c1f268c8dd_00003_inside.npz,base,e7c1f268-cb44-4c51-8b62-3752f84001f5,orto_basemap,inside,,232.4,8.53,22.45,0.941,1214,1.0,1.0,field,разметка подтверждена,2238453,g0586,1,,c0277,train,registered,8.650,1.00,,photo
base_pair_e7c1f268c8dd_00004_partial.npz,base,e7c1f268-cb44-4c51-8b62-3752f84001f5,orto_basemap,partial,,273.4,1.91,68.98,1.149,1623,0.847,0.846,field,разметка подтверждена,2610085,g0586,1,,c0277,train,registered,8.650,1.00,,photo
base_pair_e7c1f268c8dd_00005_inside.npz,base,e7c1f268-cb44-4c51-8b62-3752f84001f5,orto_basemap,inside,,265.0,2.15,300.8,1.132,1384,1.0,0.9926,field,разметка подтверждена,2260264,g0586,1,,c0277,train,registered,8.650,1.00,,photo
base_pair_e7c1f268c8dd_00007_inside.npz,base,e7c1f268-cb44-4c51-8b62-3752f84001f5,orto_basemap,inside,,175.7,1.06,94.5,0.983,1335,1.0,0.9999,field,разметка подтверждена,2075156,g0586,1,,c0277,train,registered,8.650,1.00,,photo
base_pair_e7c1f268c8dd_00008_partial.npz,base,e7c1f268-cb44-4c51-8b62-3752f84001f5,orto_basemap,partial,,243.0,2.43,70.67,0.876,1871,0.8047,0.8072,field,разметка подтверждена,2646078,g0586,1,,c0277,train,registered,8.650,1.00,,photo
base_pair_e7c1f268c8dd_00009_inside.npz,base,e7c1f268-cb44-4c51-8b62-3752f84001f5,orto_basemap,inside,,227.6,5.87,239.39,1.104,1801,1.0,0.9949,field,разметка подтверждена,2751372,g0586,1,,c0277,train,registered,8.650,1.00,,photo
base_pair_e7c1f268c8dd_00010_inside.npz,base,e7c1f268-cb44-4c51-8b62-3752f84001f5,orto_basemap,inside,,214.1,7.75,207.61,1.116,1612,1.0,0.9999,field,разметка подтверждена,3118782,g0586,1,,c0277,train,registered,8.650,1.00,,photo
base_pair_e7c1f268c8dd_00011_inside.npz,base,e7c1f268-cb44-4c51-8b62-3752f84001f5,orto_basemap,inside,,191.6,2.95,182.18,1.034,1918,1.0,0.9999,field,разметка подтверждена,3219890,g0586,1,,c0277,train,registered,8.650,1.00,,photo
base_pair_5e90754a7802_00000_inside.npz,base,5e90754ac6bbac0005e30fb0,orto_basemap,inside,,193.0,4.23,341.51,0.993,1469,1.0,0.9995,field,разметка подтверждена,2114638,g0153,1,,c0000,train,registered,8.950,1.00,,photo
base_pair_5e90754a7802_00001_partial.npz,base,5e90754ac6bbac0005e30fb0,orto_basemap,partial,,231.7,2.03,48.26,1.113,847,0.6782,0.6886,field,разметка подтверждена,1484528,g0153,1,,c0000,train,registered,8.950,1.00,,photo
base_pair_5e90754a7802_00002_partial.npz,base,5e90754ac6bbac0005e30fb0,orto_basemap,partial,,209.6,5.16,57.83,1.068,1127,0.8492,0.8418,field,разметка подтверждена,2304302,g0153,1,,c0000,train,registered,8.950,1.00,,photo
base_pair_5e90754a7802_00003_inside.npz,base,5e90754ac6bbac0005e30fb0,orto_basemap,inside,,232.4,8.53,22.45,0.941,1214,1.0,1.0,field,разметка подтверждена,2422468,g0153,1,,c0000,train,registered,8.950,1.00,,photo
base_pair_5e90754a7802_00004_partial.npz,base,5e90754ac6bbac0005e30fb0,orto_basemap,partial,,273.4,1.91,68.98,1.149,1623,0.847,0.8524,field,разметка подтверждена,2473012,g0153,1,,c0000,train,registered,8.950,1.00,,photo
base_pair_5e90754a7802_00005_inside.npz,base,5e90754ac6bbac0005e30fb0,orto_basemap,inside,,265.0,2.15,300.8,1.132,1384,1.0,0.9999,field,разметка подтверждена,2145979,g0153,1,,c0000,train,registered,8.950,1.00,,photo
base_pair_5e90754a7802_00007_inside.npz,base,5e90754ac6bbac0005e30fb0,orto_basemap,inside,,175.7,1.06,94.5,0.983,1335,1.0,0.9999,field,разметка подтверждена,1972409,g0153,1,,c0000,train,registered,8.950,1.00,,photo
base_pair_5e90754a7802_00008_partial.npz,base,5e90754ac6bbac0005e30fb0,orto_basemap,partial,,243.0,2.43,70.67,0.876,1871,0.8047,0.8074,field,разметка подтверждена,2748625,g0153,1,,c0000,train,registered,8.950,1.00,,photo
base_pair_5e90754a7802_00009_inside.npz,base,5e90754ac6bbac0005e30fb0,orto_basemap,inside,,227.6,5.87,239.39,1.104,1801,1.0,0.9995,field,разметка подтверждена,2426531,g0153,1,,c0000,train,registered,8.950,1.00,,photo
base_pair_60c8f4fcd22f_00000_inside.npz,base,60c8f4fc338cc80005cfdd5a,orto_basemap,inside,,193.0,4.23,341.51,0.993,1469,1.0,0.961,cell_refine,разметка подтверждена,2586013,g0289,1,,c0001,train,registered,5.560,1.00,,photo
base_pair_60c8f4fcd22f_00001_partial.npz,base,60c8f4fc338cc80005cfdd5a,orto_basemap,partial,,231.7,2.03,48.26,1.113,847,0.6782,0.6639,cell_refine,разметка подтверждена,1595075,g0289,1,,c0001,train,registered,5.560,1.00,,photo
base_pair_60c8f4fcd22f_00002_partial.npz,base,60c8f4fc338cc80005cfdd5a,orto_basemap,partial,,209.6,5.16,57.83,1.068,1127,0.8492,0.8372,field,разметка подтверждена,2552166,g0289,1,,c0001,train,registered,5.560,1.00,,photo
base_pair_60c8f4fcd22f_00003_inside.npz,base,60c8f4fc338cc80005cfdd5a,orto_basemap,inside,,232.4,8.53,22.45,0.941,1214,1.0,0.9798,field,разметка подтверждена,2547073,g0289,1,,c0001,train,registered,5.560,1.00,,photo
base_pair_60c8f4fcd22f_00004_partial.npz,base,60c8f4fc338cc80005cfdd5a,orto_basemap,partial,,273.4,1.91,68.98,1.149,1623,0.847,0.8359,field,разметка подтверждена,2980790,g0289,1,,c0001,train,registered,5.560,1.00,,photo
base_pair_60c8f4fcd22f_00005_inside.npz,base,60c8f4fc338cc80005cfdd5a,orto_basemap,inside,,265.0,2.15,300.8,1.132,1384,1.0,0.9833,field,разметка подтверждена,2528138,g0289,1,,c0001,train,registered,5.560,1.00,,photo
base_pair_60c8f4fcd22f_00007_inside.npz,base,60c8f4fc338cc80005cfdd5a,orto_basemap,inside,,175.7,1.06,94.5,0.983,1335,1.0,0.9837,field,разметка подтверждена,2228675,g0289,1,,c0001,train,registered,5.560,1.00,,photo
base_pair_608324da1112_00000_inside.npz,base,608324da2e77e600076c9b84,orto_basemap,inside,,193.0,4.23,341.51,0.993,1469,1.0,0.9985,field,разметка подтверждена,2413396,g0271,1,,c0001,train,registered,1.500,1.00,,photo
base_pair_608324da1112_00001_partial.npz,base,608324da2e77e600076c9b84,orto_basemap,partial,,231.7,2.03,48.26,1.113,847,0.6782,0.6878,field,разметка подтверждена,1525805,g0271,1,,c0001,train,registered,1.500,1.00,,photo
base_pair_608324da1112_00002_partial.npz,base,608324da2e77e600076c9b84,orto_basemap,partial,,209.6,5.16,57.83,1.068,1127,0.8492,0.8362,field,разметка подтверждена,2530162,g0271,1,,c0001,train,registered,1.500,1.00,,photo
base_pair_608324da1112_00003_inside.npz,base,608324da2e77e600076c9b84,orto_basemap,inside,,232.4,8.53,22.45,0.941,1214,1.0,0.9636,field,разметка подтверждена,2478395,g0271,1,,c0001,train,registered,1.500,1.00,,photo
base_pair_608324da1112_00004_partial.npz,base,608324da2e77e600076c9b84,orto_basemap,partial,,273.4,1.91,68.98,1.149,1623,0.847,0.8489,field,разметка подтверждена,2679589,g0271,1,,c0001,train,registered,1.500,1.00,,photo
base_pair_608324da1112_00005_inside.npz,base,608324da2e77e600076c9b84,orto_basemap,inside,,265.0,2.15,300.8,1.132,1384,1.0,0.995,field,разметка подтверждена,2352502,g0271,1,,c0001,train,registered,1.500,1.00,,photo
base_pair_608324da1112_00007_inside.npz,base,608324da2e77e600076c9b84,orto_basemap,inside,,175.7,1.06,94.5,0.983,1335,1.0,0.9996,field,разметка подтверждена,2096444,g0271,1,,c0001,train,registered,1.500,1.00,,photo
base_pair_608324da1112_00008_partial.npz,base,608324da2e77e600076c9b84,orto_basemap,partial,,243.0,2.43,70.67,0.876,1871,0.8047,0.8069,field,разметка подтверждена,2863643,g0271,1,,c0001,train,registered,1.500,1.00,,photo
base_pair_608324da1112_00009_inside.npz,base,608324da2e77e600076c9b84,orto_basemap,inside,,227.6,5.87,239.39,1.104,1801,1.0,0.9677,field,разметка подтверждена,2701153,g0271,1,,c0001,train,registered,1.500,1.00,,photo
base_pair_68f07bb533a6_00000_inside.npz,base,68f07bb5e33d981a421a09a6,orto_basemap,inside,,193.0,4.23,341.51,0.709,1048,1.0,0.9989,field,разметка подтверждена,1769143,g0521,1,,c0250,train,registered,5.960,1.00,,photo
base_pair_68f07bb533a6_00001_partial.npz,base,68f07bb5e33d981a421a09a6,orto_basemap,partial,,231.7,2.03,48.26,0.851,768,0.7368,0.747,field,разметка подтверждена,1511945,g0521,1,,c0250,train,registered,5.960,1.00,,photo
base_pair_68f07bb533a6_00002_partial.npz,base,68f07bb5e33d981a421a09a6,orto_basemap,partial,,209.6,5.16,57.83,0.77,812,0.8489,0.836,field,разметка подтверждена,2118324,g0521,1,,c0250,train,registered,5.960,1.00,,photo
base_pair_68f07bb533a6_00003_inside.npz,base,68f07bb5e33d981a421a09a6,orto_basemap,inside,,232.4,8.53,22.45,0.853,1101,1.0,0.9961,field,разметка подтверждена,2134042,g0521,1,,c0250,train,registered,5.960,1.00,,photo
base_pair_68f07bb533a6_00004_partial.npz,base,68f07bb5e33d981a421a09a6,orto_basemap,partial,,273.4,1.91,68.98,1.004,1418,0.847,0.8518,field,разметка подтверждена,2213728,g0521,1,,c0250,train,registered,5.960,1.00,,photo
base_pair_68f07bb533a6_00005_inside.npz,base,68f07bb5e33d981a421a09a6,orto_basemap,inside,,265.0,2.15,300.8,0.973,1190,1.0,0.9993,field,разметка подтверждена,2000471,g0521,1,,c0250,train,registered,5.960,1.00,,photo
base_pair_68f07bb533a6_00007_inside.npz,base,68f07bb5e33d981a421a09a6,orto_basemap,inside,,175.7,1.06,94.5,0.645,876,1.0,0.9999,cell_refine,разметка подтверждена,1556723,g0521,1,,c0250,train,registered,5.960,1.00,,photo
base_pair_6183057f546a_00000_inside.npz,base,6183057f4dc8f300062cb5c1,orto_basemap,inside,,193.0,4.23,341.51,0.751,1110,1.0,1.0,global,проверено частично,1691232,g0320,1,,c0149,val,approx,8.000,0.30,,photo
base_pair_6183057f546a_00001_partial.npz,base,6183057f4dc8f300062cb5c1,orto_basemap,partial,,231.7,2.03,48.26,0.901,768,0.7222,0.7327,global,проверено частично,1411158,g0320,1,,c0149,val,approx,8.000,0.30,,photo
base_pair_6183057f546a_00002_partial.npz,base,6183057f4dc8f300062cb5c1,orto_basemap,partial,,209.6,5.16,57.83,0.815,860,0.8488,0.8421,field,проверено частично,2097460,g0320,1,,c0149,val,approx,8.000,0.30,,photo
base_pair_6183057f546a_00003_inside.npz,base,6183057f4dc8f300062cb5c1,orto_basemap,inside,,232.4,8.53,22.45,0.904,1166,1.0,1.0,field,проверено частично,2131964,g0320,1,,c0149,val,approx,8.000,0.30,,photo
base_pair_6183057f546a_00004_partial.npz,base,6183057f4dc8f300062cb5c1,orto_basemap,partial,,273.4,1.91,68.98,1.063,1502,0.8471,0.8531,global,проверено частично,2227169,g0320,1,,c0149,val,approx,8.000,0.30,,photo
base_pair_6183057f546a_00005_inside.npz,base,6183057f4dc8f300062cb5c1,orto_basemap,inside,,265.0,2.15,300.8,1.031,1260,1.0,1.0,global,проверено частично,1965443,g0320,1,,c0149,val,approx,8.000,0.30,,photo
base_pair_6183057f546a_00007_inside.npz,base,6183057f4dc8f300062cb5c1,orto_basemap,inside,,175.7,1.06,94.5,0.684,928,1.0,1.0,field,проверено частично,1544616,g0320,1,,c0149,val,approx,8.000,0.30,,photo
base_pair_6183057f546a_00008_partial.npz,base,6183057f4dc8f300062cb5c1,orto_basemap,partial,,243.0,2.43,70.67,0.876,1871,0.8047,0.8074,field,проверено частично,2313985,g0320,1,,c0149,val,approx,8.000,0.30,,photo
base_pair_6183057f546a_00009_inside.npz,base,6183057f4dc8f300062cb5c1,orto_basemap,inside,,227.6,5.87,239.39,0.885,1444,1.0,1.0,field,проверено частично,1901068,g0320,1,,c0149,val,approx,8.000,0.30,,photo
base_pair_5f79e8409345_00000_inside.npz,base,5f79e840458b56000772bef8,orto_basemap,inside,,193.0,4.23,341.51,0.993,1469,1.0,1.0,field,разметка подтверждена,2231728,g0218,1,,c0017,train,registered,2.260,1.00,,photo
base_pair_5f79e8409345_00001_partial.npz,base,5f79e840458b56000772bef8,orto_basemap,partial,,231.7,2.03,48.26,1.113,847,0.6782,0.6887,field,разметка подтверждена,1543708,g0218,1,,c0017,train,registered,2.260,1.00,,photo
base_pair_5f79e8409345_00002_partial.npz,base,5f79e840458b56000772bef8,orto_basemap,partial,,209.6,5.16,57.83,1.068,1127,0.8492,0.8417,field,разметка подтверждена,2357502,g0218,1,,c0017,train,registered,2.260,1.00,,photo
base_pair_5f79e8409345_00003_inside.npz,base,5f79e840458b56000772bef8,orto_basemap,inside,,232.4,8.53,22.45,0.941,1214,1.0,0.9993,field,разметка подтверждена,2434514,g0218,1,,c0017,train,registered,2.260,1.00,,photo
base_pair_5f79e8409345_00004_partial.npz,base,5f79e840458b56000772bef8,orto_basemap,partial,,273.4,1.91,68.98,1.149,1623,0.847,0.8519,field,разметка подтверждена,2680145,g0218,1,,c0017,train,registered,2.260,1.00,,photo
base_pair_5f79e8409345_00005_inside.npz,base,5f79e840458b56000772bef8,orto_basemap,inside,,265.0,2.15,300.8,1.132,1384,1.0,1.0,field,разметка подтверждена,2329775,g0218,1,,c0017,train,registered,2.260,1.00,,photo
base_pair_670592dd82f2_00000_inside.npz,base,670592dd327f3c00012b0f18,orto_basemap,inside,,193.0,4.23,341.51,0.993,1469,1.0,0.9913,field,разметка подтверждена,1966075,g0459,1,,c0214,train,registered,1.490,1.00,,photo
base_pair_670592dd82f2_00001_partial.npz,base,670592dd327f3c00012b0f18,orto_basemap,partial,,231.7,2.03,48.26,1.113,847,0.6782,0.6829,field,разметка подтверждена,1327404,g0459,1,,c0214,train,registered,1.490,1.00,,photo
base_pair_670592dd82f2_00002_partial.npz,base,670592dd327f3c00012b0f18,orto_basemap,partial,,209.6,5.16,57.83,1.068,1127,0.8492,0.8423,field,разметка подтверждена,2541571,g0459,1,,c0214,train,registered,1.490,1.00,,photo
base_pair_670592dd82f2_00003_inside.npz,base,670592dd327f3c00012b0f18,orto_basemap,inside,,232.4,8.53,22.45,0.941,1214,1.0,1.0,field,разметка подтверждена,2456874,g0459,1,,c0214,train,registered,1.490,1.00,,photo
base_pair_670592dd82f2_00004_partial.npz,base,670592dd327f3c00012b0f18,orto_basemap,partial,,273.4,1.91,68.98,1.149,1623,0.847,0.853,field,разметка подтверждена,2252575,g0459,1,,c0214,train,registered,1.490,1.00,,photo
base_pair_670592dd82f2_00005_inside.npz,base,670592dd327f3c00012b0f18,orto_basemap,inside,,265.0,2.15,300.8,1.132,1384,1.0,1.0,field,разметка подтверждена,1968194,g0459,1,,c0214,train,registered,1.490,1.00,,photo
base_pair_670592dd82f2_00007_inside.npz,base,670592dd327f3c00012b0f18,orto_basemap,inside,,175.7,1.06,94.5,0.983,1335,1.0,0.9765,field,разметка подтверждена,2081627,g0459,1,,c0214,train,registered,1.490,1.00,,photo
base_pair_670592dd82f2_00008_partial.npz,base,670592dd327f3c00012b0f18,orto_basemap,partial,,243.0,2.43,70.67,0.876,1871,0.8047,0.8046,field,разметка подтверждена,2512802,g0459,1,,c0214,train,registered,1.490,1.00,,photo
base_pair_670592dd82f2_00009_inside.npz,base,670592dd327f3c00012b0f18,orto_basemap,inside,,227.6,5.87,239.39,1.104,1801,1.0,0.9967,field,разметка подтверждена,2418169,g0459,1,,c0214,train,registered,1.490,1.00,,photo
base_pair_670592dd82f2_00010_inside.npz,base,670592dd327f3c00012b0f18,orto_basemap,inside,,214.1,7.75,207.61,1.116,1612,1.0,1.0,field,разметка подтверждена,2949439,g0459,1,,c0214,train,registered,1.490,1.00,,photo
base_pair_670592dd82f2_00011_inside.npz,base,670592dd327f3c00012b0f18,orto_basemap,inside,,191.6,2.95,182.18,1.034,1918,1.0,1.0,field,разметка подтверждена,2971400,g0459,1,,c0214,train,registered,1.490,1.00,,photo
base_pair_67059310eaf9_00000_inside.npz,base,67059310327f3c00012b0f2e,orto_basemap,inside,,193.0,4.23,341.51,0.993,1469,1.0,0.9983,field,разметка подтверждена,2362303,g0460,1,,c0215,val,registered,1.850,1.00,,photo
base_pair_67059310eaf9_00001_partial.npz,base,67059310327f3c00012b0f2e,orto_basemap,partial,,231.7,2.03,48.26,1.113,847,0.6782,0.6831,field,разметка подтверждена,1499064,g0460,1,,c0215,val,registered,1.850,1.00,,photo
base_pair_67059310eaf9_00002_partial.npz,base,67059310327f3c00012b0f2e,orto_basemap,partial,,209.6,5.16,57.83,1.068,1127,0.8492,0.8397,cell_refine,разметка подтверждена,2398598,g0460,1,,c0215,val,registered,1.850,1.00,,photo
base_pair_67059310eaf9_00003_inside.npz,base,67059310327f3c00012b0f2e,orto_basemap,inside,,232.4,8.53,22.45,0.941,1214,1.0,0.9985,cell_refine,разметка подтверждена,2313240,g0460,1,,c0215,val,registered,1.850,1.00,,photo
base_pair_67059310eaf9_00004_partial.npz,base,67059310327f3c00012b0f2e,orto_basemap,partial,,273.4,1.91,68.98,1.149,1623,0.847,0.85,field,разметка подтверждена,2546877,g0460,1,,c0215,val,registered,1.850,1.00,,photo
base_pair_67059310eaf9_00005_inside.npz,base,67059310327f3c00012b0f2e,orto_basemap,inside,,265.0,2.15,300.8,1.132,1384,1.0,0.9982,field,разметка подтверждена,2250914,g0460,1,,c0215,val,registered,1.850,1.00,,photo
base_pair_67059310eaf9_00007_inside.npz,base,67059310327f3c00012b0f2e,orto_basemap,inside,,175.7,1.06,94.5,0.983,1335,1.0,1.0,cell_refine,разметка подтверждена,2041480,g0460,1,,c0215,val,registered,1.850,1.00,,photo
base_pair_67059310eaf9_00008_partial.npz,base,67059310327f3c00012b0f2e,orto_basemap,partial,,243.0,2.43,70.67,0.876,1871,0.8047,0.8074,cell_refine,разметка подтверждена,2523622,g0460,1,,c0215,val,registered,1.850,1.00,,photo
base_pair_67059310eaf9_00009_inside.npz,base,67059310327f3c00012b0f2e,orto_basemap,inside,,227.6,5.87,239.39,1.104,1801,1.0,1.0,cell_refine,разметка подтверждена,2969780,g0460,1,,c0215,val,registered,1.850,1.00,,photo
base_pair_67059310eaf9_00010_inside.npz,base,67059310327f3c00012b0f2e,orto_basemap,inside,,214.1,7.75,207.61,1.116,1612,1.0,0.9991,cell_refine,разметка подтверждена,3198579,g0460,1,,c0215,val,registered,1.850,1.00,,photo
base_pair_67059310eaf9_00011_inside.npz,base,67059310327f3c00012b0f2e,orto_basemap,inside,,191.6,2.95,182.18,1.034,1918,1.0,0.9994,cell_refine,разметка подтверждена,3363270,g0460,1,,c0215,val,registered,1.850,1.00,,photo
base_pair_5f7c839779ba_00000_inside.npz,base,5f7c839768aff80007e79865,orto_basemap,inside,,193.0,4.23,341.51,0.993,1469,1.0,0.9996,field,разметка подтверждена,2359425,g0220,1,,c0000,train,registered,4.490,1.00,,photo
base_pair_5f7c839779ba_00001_partial.npz,base,5f7c839768aff80007e79865,orto_basemap,partial,,231.7,2.03,48.26,1.113,847,0.6782,0.6865,field,разметка подтверждена,1638610,g0220,1,,c0000,train,registered,4.490,1.00,,photo
base_pair_5f7c839779ba_00002_partial.npz,base,5f7c839768aff80007e79865,orto_basemap,partial,,209.6,5.16,57.83,1.068,1127,0.8492,0.8406,field,разметка подтверждена,2490480,g0220,1,,c0000,train,registered,4.490,1.00,,photo
base_pair_5f7c839779ba_00003_inside.npz,base,5f7c839768aff80007e79865,orto_basemap,inside,,232.4,8.53,22.45,0.941,1214,1.0,0.9983,field,разметка подтверждена,2563944,g0220,1,,c0000,train,registered,4.490,1.00,,photo
base_pair_5f7c839779ba_00004_partial.npz,base,5f7c839768aff80007e79865,orto_basemap,partial,,273.4,1.91,68.98,1.149,1623,0.847,0.8507,cell_refine,разметка подтверждена,2790817,g0220,1,,c0000,train,registered,4.490,1.00,,photo
base_pair_5f7c839779ba_00005_inside.npz,base,5f7c839768aff80007e79865,orto_basemap,inside,,265.0,2.15,300.8,1.132,1384,1.0,0.9987,cell_refine,разметка подтверждена,2391870,g0220,1,,c0000,train,registered,4.490,1.00,,photo
base_pair_5f7c839779ba_00007_inside.npz,base,5f7c839768aff80007e79865,orto_basemap,inside,,175.7,1.06,94.5,0.983,1335,1.0,0.9986,field,разметка подтверждена,2112680,g0220,1,,c0000,train,registered,4.490,1.00,,photo
base_pair_5f7c839779ba_00008_partial.npz,base,5f7c839768aff80007e79865,orto_basemap,partial,,243.0,2.43,70.67,0.876,1871,0.8047,0.8041,global,разметка подтверждена,3124327,g0220,1,,c0000,train,approx,8.000,0.30,,photo
base_pair_5f7c839779ba_00009_inside.npz,base,5f7c839768aff80007e79865,orto_basemap,inside,,227.6,5.87,239.39,1.104,1801,1.0,0.9989,global,разметка подтверждена,2798033,g0220,1,,c0000,train,approx,8.000,0.30,,photo
base_pair_5f7c839779ba_00010_inside.npz,base,5f7c839768aff80007e79865,orto_basemap,inside,,214.1,7.75,207.61,1.116,1612,1.0,0.9997,cell_refine,разметка подтверждена,3183318,g0220,1,,c0000,train,registered,4.490,1.00,,photo
base_pair_5f7c839779ba_00011_inside.npz,base,5f7c839768aff80007e79865,orto_basemap,inside,,191.6,2.95,182.18,1.034,1918,1.0,0.9997,cell_refine,разметка подтверждена,3353138,g0220,1,,c0000,train,registered,4.490,1.00,,photo
base_pair_6101115d7f41_00000_inside.npz,base,6101115d5a90f10006fd3034,orto_basemap,inside,,193.0,4.23,341.51,0.993,1469,1.0,1.0,global,разметка подтверждена,2269645,g0303,1,,c0010,val,approx,8.000,0.30,,photo
base_pair_6101115d7f41_00001_partial.npz,base,6101115d5a90f10006fd3034,orto_basemap,partial,,231.7,2.03,48.26,1.113,847,0.6782,0.6888,global,разметка подтверждена,1547811,g0303,1,,c0010,val,approx,8.000,0.30,,photo
base_pair_6101115d7f41_00002_partial.npz,base,6101115d5a90f10006fd3034,orto_basemap,partial,,209.6,5.16,57.83,1.068,1127,0.8492,0.8422,field,разметка подтверждена,2352177,g0303,1,,c0010,val,registered,7.640,1.00,,photo
base_pair_6101115d7f41_00003_inside.npz,base,6101115d5a90f10006fd3034,orto_basemap,inside,,232.4,8.53,22.45,0.941,1214,1.0,0.9995,field,разметка подтверждена,2409235,g0303,1,,c0010,val,registered,7.640,1.00,,photo
base_pair_6101115d7f41_00004_partial.npz,base,6101115d5a90f10006fd3034,orto_basemap,partial,,273.4,1.91,68.98,1.149,1623,0.847,0.853,cell_refine,разметка подтверждена,2766278,g0303,1,,c0010,val,registered,7.640,1.00,,photo
base_pair_6101115d7f41_00005_inside.npz,base,6101115d5a90f10006fd3034,orto_basemap,inside,,265.0,2.15,300.8,1.132,1384,1.0,0.9998,cell_refine,разметка подтверждена,2398029,g0303,1,,c0010,val,registered,7.640,1.00,,photo
base_pair_6101115d7f41_00007_inside.npz,base,6101115d5a90f10006fd3034,orto_basemap,inside,,175.7,1.06,94.5,0.983,1335,1.0,1.0,global,разметка подтверждена,1980035,g0303,1,,c0010,val,approx,8.000,0.30,,photo
base_pair_6101115d7f41_00008_partial.npz,base,6101115d5a90f10006fd3034,orto_basemap,partial,,243.0,2.43,70.67,0.876,1871,0.8047,0.8074,global,разметка подтверждена,2654217,g0303,1,,c0010,val,approx,8.000,0.30,,photo
base_pair_6101115d7f41_00009_inside.npz,base,6101115d5a90f10006fd3034,orto_basemap,inside,,227.6,5.87,239.39,1.104,1801,1.0,0.9999,global,разметка подтверждена,2268601,g0303,1,,c0010,val,approx,8.000,0.30,,photo
base_pair_6101115d7f41_00010_inside.npz,base,6101115d5a90f10006fd3034,orto_basemap,inside,,214.1,7.75,207.61,1.116,1612,1.0,0.9996,field,разметка подтверждена,2906754,g0303,1,,c0010,val,registered,7.640,1.00,,photo
base_pair_6101115d7f41_00011_inside.npz,base,6101115d5a90f10006fd3034,orto_basemap,inside,,191.6,2.95,182.18,1.034,1918,1.0,0.9996,field,разметка подтверждена,2962696,g0303,1,,c0010,val,registered,7.640,1.00,,photo
base_pair_670592dc17a7_00000_inside.npz,base,670592dc327f3c00012b0f12,orto_basemap,inside,,193.0,4.23,341.51,0.993,1469,1.0,0.9841,global,разметка подтверждена,2152624,g0457,1,,c0212,heldout,approx,8.000,0.30,,photo
base_pair_670592dc17a7_00001_partial.npz,base,670592dc327f3c00012b0f12,orto_basemap,partial,,231.7,2.03,48.26,1.113,847,0.6782,0.675,global,разметка подтверждена,1491808,g0457,1,,c0212,heldout,approx,8.000,0.30,,photo
base_pair_670592dc17a7_00002_partial.npz,base,670592dc327f3c00012b0f12,orto_basemap,partial,,209.6,5.16,57.83,1.068,1127,0.8492,0.8424,global,разметка подтверждена,2313192,g0457,1,,c0212,heldout,approx,8.000,0.30,,photo
base_pair_670592dc17a7_00003_inside.npz,base,670592dc327f3c00012b0f12,orto_basemap,inside,,232.4,8.53,22.45,0.941,1214,1.0,1.0,global,разметка подтверждена,2166753,g0457,1,,c0212,heldout,approx,8.000,0.30,,photo
base_pair_670592dc17a7_00004_partial.npz,base,670592dc327f3c00012b0f12,orto_basemap,partial,,273.4,1.91,68.98,1.149,1623,0.847,0.853,field,разметка подтверждена,2264592,g0457,1,,c0212,heldout,registered,4.460,1.00,,photo
base_pair_670592dc17a7_00005_inside.npz,base,670592dc327f3c00012b0f12,orto_basemap,inside,,265.0,2.15,300.8,1.132,1384,1.0,1.0,field,разметка подтверждена,1970315,g0457,1,,c0212,heldout,registered,4.460,1.00,,photo
base_pair_670592dc17a7_00007_inside.npz,base,670592dc327f3c00012b0f12,orto_basemap,inside,,175.7,1.06,94.5,0.983,1335,1.0,0.9861,field,разметка подтверждена,1960941,g0457,1,,c0212,heldout,registered,4.460,1.00,,photo
base_pair_670592dc17a7_00008_partial.npz,base,670592dc327f3c00012b0f12,orto_basemap,partial,,243.0,2.43,70.67,0.876,1871,0.8047,0.8069,global,разметка подтверждена,2436392,g0457,1,,c0212,heldout,approx,8.000,0.30,,photo
base_pair_670592dc17a7_00009_inside.npz,base,670592dc327f3c00012b0f12,orto_basemap,inside,,227.6,5.87,239.39,1.104,1801,1.0,0.9997,global,разметка подтверждена,2488075,g0457,1,,c0212,heldout,approx,8.000,0.30,,photo
base_pair_670592dc17a7_00010_inside.npz,base,670592dc327f3c00012b0f12,orto_basemap,inside,,214.1,7.75,207.61,1.116,1612,1.0,0.9993,field,разметка подтверждена,2892237,g0457,1,,c0212,heldout,registered,4.460,1.00,,photo
base_pair_670592dc17a7_00011_inside.npz,base,670592dc327f3c00012b0f12,orto_basemap,inside,,191.6,2.95,182.18,1.034,1918,1.0,1.0,field,разметка подтверждена,2964987,g0457,1,,c0212,heldout,registered,4.460,1.00,,photo
base_pair_5f7c83698071_00000_inside.npz,base,5f7c836968aff80007e79863,orto_basemap,inside,,193.0,4.23,341.51,0.993,1469,1.0,1.0,field,разметка подтверждена,2268397,g0219,1,,c0000,train,registered,3.220,1.00,,photo
base_pair_5f7c83698071_00001_partial.npz,base,5f7c836968aff80007e79863,orto_basemap,partial,,231.7,2.03,48.26,1.113,847,0.6782,0.6888,field,разметка подтверждена,1536348,g0219,1,,c0000,train,registered,3.220,1.00,,photo
base_pair_5f7c83698071_00002_partial.npz,base,5f7c836968aff80007e79863,orto_basemap,partial,,209.6,5.16,57.83,1.068,1127,0.8492,0.8393,field,разметка подтверждена,2376950,g0219,1,,c0000,train,registered,3.220,1.00,,photo
base_pair_5f7c83698071_00003_inside.npz,base,5f7c836968aff80007e79863,orto_basemap,inside,,232.4,8.53,22.45,0.941,1214,1.0,0.9959,field,разметка подтверждена,2444727,g0219,1,,c0000,train,registered,3.220,1.00,,photo
base_pair_5f7c83698071_00004_partial.npz,base,5f7c836968aff80007e79863,orto_basemap,partial,,273.4,1.91,68.98,1.149,1623,0.847,0.8511,cell_refine,разметка подтверждена,2679792,g0219,1,,c0000,train,registered,3.220,1.00,,photo
base_pair_5f7c83698071_00005_inside.npz,base,5f7c836968aff80007e79863,orto_basemap,inside,,265.0,2.15,300.8,1.132,1384,1.0,1.0,cell_refine,разметка подтверждена,2292592,g0219,1,,c0000,train,registered,3.220,1.00,,photo
base_pair_5f7c83698071_00007_inside.npz,base,5f7c836968aff80007e79863,orto_basemap,inside,,175.7,1.06,94.5,0.983,1335,1.0,0.9911,field,разметка подтверждена,2009878,g0219,1,,c0000,train,registered,3.220,1.00,,photo
base_pair_5f7c83698071_00008_partial.npz,base,5f7c836968aff80007e79863,orto_basemap,partial,,243.0,2.43,70.67,0.876,1871,0.8047,0.8074,global,разметка подтверждена,2991937,g0219,1,,c0000,train,approx,8.000,0.30,,photo
base_pair_5f7c83698071_00009_inside.npz,base,5f7c836968aff80007e79863,orto_basemap,inside,,227.6,5.87,239.39,1.104,1801,1.0,0.9999,global,разметка подтверждена,2697912,g0219,1,,c0000,train,approx,8.000,0.30,,photo
base_pair_5f7c83698071_00010_inside.npz,base,5f7c836968aff80007e79863,orto_basemap,inside,,214.1,7.75,207.61,1.116,1612,1.0,0.9897,field,разметка подтверждена,3050296,g0219,1,,c0000,train,registered,3.220,1.00,,photo
base_pair_5f7c83698071_00011_inside.npz,base,5f7c836968aff80007e79863,orto_basemap,inside,,191.6,2.95,182.18,1.034,1918,1.0,0.9905,field,разметка подтверждена,3203731,g0219,1,,c0000,train,registered,3.220,1.00,,photo
base_pair_5f79a2f777e8_00000_inside.npz,base,5f79a2f7458b56000772beef,orto_basemap,inside,,193.0,4.23,341.51,0.993,1469,1.0,1.0,field,разметка подтверждена,2231244,g0217,1,,c0000,train,registered,10.840,1.00,,photo
base_pair_5f79a2f777e8_00001_partial.npz,base,5f79a2f7458b56000772beef,orto_basemap,partial,,231.7,2.03,48.26,1.113,847,0.6782,0.6885,field,разметка подтверждена,1541511,g0217,1,,c0000,train,registered,10.840,1.00,,photo
base_pair_5f79a2f777e8_00002_partial.npz,base,5f79a2f7458b56000772beef,orto_basemap,partial,,209.6,5.16,57.83,1.068,1127,0.8492,0.8419,field,разметка подтверждена,2301584,g0217,1,,c0000,train,registered,10.840,1.00,,photo
base_pair_5f79a2f777e8_00003_inside.npz,base,5f79a2f7458b56000772beef,orto_basemap,inside,,232.4,8.53,22.45,0.941,1214,1.0,0.9985,field,разметка подтверждена,2357218,g0217,1,,c0000,train,registered,10.840,1.00,,photo
base_pair_5f79a2f777e8_00004_partial.npz,base,5f79a2f7458b56000772beef,orto_basemap,partial,,273.4,1.91,68.98,1.149,1623,0.847,0.853,field,разметка подтверждена,2748121,g0217,1,,c0000,train,registered,10.840,1.00,,photo
base_pair_5f79a2f777e8_00005_inside.npz,base,5f79a2f7458b56000772beef,orto_basemap,inside,,265.0,2.15,300.8,1.132,1384,1.0,1.0,field,разметка подтверждена,2404043,g0217,1,,c0000,train,registered,10.840,1.00,,photo
base_pair_5f79a2f777e8_00007_inside.npz,base,5f79a2f7458b56000772beef,orto_basemap,inside,,175.7,1.06,94.5,0.983,1335,1.0,1.0,field,разметка подтверждена,1877441,g0217,1,,c0000,train,registered,10.840,1.00,,photo
base_pair_5f79a2f777e8_00008_partial.npz,base,5f79a2f7458b56000772beef,orto_basemap,partial,,243.0,2.43,70.67,0.876,1871,0.8047,0.807,field,разметка подтверждена,2755316,g0217,1,,c0000,train,registered,10.840,1.00,,photo
base_pair_5f79a2f777e8_00009_inside.npz,base,5f79a2f7458b56000772beef,orto_basemap,inside,,227.6,5.87,239.39,1.104,1801,1.0,0.9998,field,разметка подтверждена,2504491,g0217,1,,c0000,train,registered,10.840,1.00,,photo
base_pair_5f79a2f777e8_00010_inside.npz,base,5f79a2f7458b56000772beef,orto_basemap,inside,,214.1,7.75,207.61,1.116,1612,1.0,0.9998,field,разметка подтверждена,2959515,g0217,1,,c0000,train,registered,10.840,1.00,,photo
base_pair_5f79a2f777e8_00011_inside.npz,base,5f79a2f7458b56000772beef,orto_basemap,inside,,191.6,2.95,182.18,1.034,1918,1.0,0.9996,field,разметка подтверждена,2962233,g0217,1,,c0000,train,registered,10.840,1.00,,photo
base_pair_60d058a22900_00000_inside.npz,base,60d058a2eade0f00079b5878,orto_basemap,inside,,193.0,4.23,341.51,0.993,1469,1.0,0.9971,global,разметка подтверждена,2208228,g0291,1,,c0010,val,approx,8.000,0.30,,photo
base_pair_60d058a22900_00001_partial.npz,base,60d058a2eade0f00079b5878,orto_basemap,partial,,231.7,2.03,48.26,1.113,847,0.6782,0.6887,global,разметка подтверждена,1517768,g0291,1,,c0010,val,approx,8.000,0.30,,photo
base_pair_60d058a22900_00002_partial.npz,base,60d058a2eade0f00079b5878,orto_basemap,partial,,209.6,5.16,57.83,1.068,1127,0.8492,0.8422,global,разметка подтверждена,2242681,g0291,1,,c0010,val,approx,8.000,0.30,,photo
base_pair_60d058a22900_00003_inside.npz,base,60d058a2eade0f00079b5878,orto_basemap,inside,,232.4,8.53,22.45,0.941,1214,1.0,1.0,global,разметка подтверждена,2330497,g0291,1,,c0010,val,approx,8.000,0.30,,photo
base_pair_60d058a22900_00004_partial.npz,base,60d058a2eade0f00079b5878,orto_basemap,partial,,273.4,1.91,68.98,1.149,1623,0.847,0.853,global,разметка подтверждена,2630042,g0291,1,,c0010,val,approx,8.000,0.30,,photo
base_pair_60d058a22900_00005_inside.npz,base,60d058a2eade0f00079b5878,orto_basemap,inside,,265.0,2.15,300.8,1.132,1384,1.0,0.9997,global,разметка подтверждена,2314062,g0291,1,,c0010,val,approx,8.000,0.30,,photo
base_pair_60d058a22900_00007_inside.npz,base,60d058a2eade0f00079b5878,orto_basemap,inside,,175.7,1.06,94.5,0.983,1335,1.0,0.9983,field,разметка подтверждена,2045516,g0291,1,,c0010,val,registered,8.530,1.00,,photo
base_pair_60d058a22900_00008_partial.npz,base,60d058a2eade0f00079b5878,orto_basemap,partial,,243.0,2.43,70.67,0.876,1871,0.8047,0.8073,field,разметка подтверждена,2853996,g0291,1,,c0010,val,registered,8.530,1.00,,photo
base_pair_60d058a22900_00009_inside.npz,base,60d058a2eade0f00079b5878,orto_basemap,inside,,227.6,5.87,239.39,1.104,1801,1.0,0.9998,field,разметка подтверждена,2566171,g0291,1,,c0010,val,registered,8.530,1.00,,photo
base_pair_60d058a22900_00010_inside.npz,base,60d058a2eade0f00079b5878,orto_basemap,inside,,214.1,7.75,207.61,1.116,1612,1.0,0.9982,field,разметка подтверждена,3023592,g0291,1,,c0010,val,registered,8.530,1.00,,photo
base_pair_60d058a22900_00011_inside.npz,base,60d058a2eade0f00079b5878,orto_basemap,inside,,191.6,2.95,182.18,1.034,1918,1.0,0.9971,field,разметка подтверждена,3120770,g0291,1,,c0010,val,registered,8.530,1.00,,photo
base_pair_5ef9c736ec8c_00000_inside.npz,base,5ef9c7368aefa4000535449f,orto_basemap,inside,,193.0,4.23,341.51,0.993,1469,1.0,0.9936,global,разметка подтверждена,2220774,g0182,1,,c0000,train,approx,8.000,0.30,,photo
base_pair_5ef9c736ec8c_00001_partial.npz,base,5ef9c7368aefa4000535449f,orto_basemap,partial,,231.7,2.03,48.26,1.113,847,0.6782,0.6879,global,разметка подтверждена,1505081,g0182,1,,c0000,train,approx,8.000,0.30,,photo
base_pair_5ef9c736ec8c_00002_partial.npz,base,5ef9c7368aefa4000535449f,orto_basemap,partial,,209.6,5.16,57.83,1.068,1127,0.8492,0.8406,cell_refine,разметка подтверждена,2123883,g0182,1,,c0000,train,registered,4.940,1.00,,photo
base_pair_5ef9c736ec8c_00003_inside.npz,base,5ef9c7368aefa4000535449f,orto_basemap,inside,,232.4,8.53,22.45,0.941,1214,1.0,0.9955,cell_refine,разметка подтверждена,2201721,g0182,1,,c0000,train,registered,4.940,1.00,,photo
base_pair_5ef9c736ec8c_00004_partial.npz,base,5ef9c7368aefa4000535449f,orto_basemap,partial,,273.4,1.91,68.98,1.149,1623,0.847,0.8526,field,разметка подтверждена,2788954,g0182,1,,c0000,train,registered,4.940,1.00,,photo
base_pair_5ef9c736ec8c_00005_inside.npz,base,5ef9c7368aefa4000535449f,orto_basemap,inside,,265.0,2.15,300.8,1.132,1384,1.0,0.9995,field,разметка подтверждена,2302615,g0182,1,,c0000,train,registered,4.940,1.00,,photo
base_pair_5ef9c736ec8c_00007_inside.npz,base,5ef9c7368aefa4000535449f,orto_basemap,inside,,175.7,1.06,94.5,0.983,1335,1.0,0.9989,field,разметка подтверждена,1991460,g0182,1,,c0000,train,registered,4.940,1.00,,photo
base_pair_5ef9c736ec8c_00008_partial.npz,base,5ef9c7368aefa4000535449f,orto_basemap,partial,,243.0,2.43,70.67,0.876,1871,0.8047,0.8016,field,разметка подтверждена,2736568,g0182,1,,c0000,train,registered,4.940,1.00,,photo
base_pair_5ef9c736ec8c_00009_inside.npz,base,5ef9c7368aefa4000535449f,orto_basemap,inside,,227.6,5.87,239.39,1.104,1801,1.0,0.9994,field,разметка подтверждена,2574948,g0182,1,,c0000,train,registered,4.940,1.00,,photo
base_pair_5ef9c736ec8c_00010_inside.npz,base,5ef9c7368aefa4000535449f,orto_basemap,inside,,214.1,7.75,207.61,1.116,1612,1.0,0.9999,field,разметка подтверждена,2978067,g0182,1,,c0000,train,registered,4.940,1.00,,photo
base_pair_5ef9c736ec8c_00011_inside.npz,base,5ef9c7368aefa4000535449f,orto_basemap,inside,,191.6,2.95,182.18,1.034,1918,1.0,0.9999,field,разметка подтверждена,3141692,g0182,1,,c0000,train,registered,4.940,1.00,,photo
base_pair_6a274bb5ac42_00000_inside.npz,base,6a274bb55ce57183089f33e1,orto_basemap,inside,,193.0,4.23,341.51,0.993,1469,1.0,1.0,global,разметка подтверждена,2352279,g0543,1,,c0068,heldout,approx,8.000,0.30,,photo
base_pair_6a274bb5ac42_00001_partial.npz,base,6a274bb55ce57183089f33e1,orto_basemap,partial,,231.7,2.03,48.26,1.113,847,0.6782,0.6888,global,разметка подтверждена,1542452,g0543,1,,c0068,heldout,approx,8.000,0.30,,photo
base_pair_6a274bb5ac42_00002_partial.npz,base,6a274bb55ce57183089f33e1,orto_basemap,partial,,209.6,5.16,57.83,1.068,1127,0.8492,0.8424,field,разметка подтверждена,2300912,g0543,1,,c0068,heldout,registered,6.040,1.00,,photo
base_pair_6a274bb5ac42_00003_inside.npz,base,6a274bb55ce57183089f33e1,orto_basemap,inside,,232.4,8.53,22.45,0.941,1214,1.0,1.0,field,разметка подтверждена,2192785,g0543,1,,c0068,heldout,registered,6.040,1.00,,photo
base_pair_6a274bb5ac42_00004_partial.npz,base,6a274bb55ce57183089f33e1,orto_basemap,partial,,273.4,1.91,68.98,1.149,1623,0.847,0.853,field,разметка подтверждена,2275124,g0543,1,,c0068,heldout,registered,6.040,1.00,,photo
base_pair_6a274bb5ac42_00005_inside.npz,base,6a274bb55ce57183089f33e1,orto_basemap,inside,,265.0,2.15,300.8,1.132,1384,1.0,1.0,field,разметка подтверждена,1996911,g0543,1,,c0068,heldout,registered,6.040,1.00,,photo
base_pair_6a274bb5ac42_00007_inside.npz,base,6a274bb55ce57183089f33e1,orto_basemap,inside,,175.7,1.06,94.5,0.983,1335,1.0,1.0,field,разметка подтверждена,2052470,g0543,1,,c0068,heldout,registered,6.040,1.00,,photo
base_pair_6a274bb5ac42_00008_partial.npz,base,6a274bb55ce57183089f33e1,orto_basemap,partial,,243.0,2.43,70.67,0.876,1871,0.8047,0.8074,field,разметка подтверждена,2328708,g0543,1,,c0068,heldout,registered,6.040,1.00,,photo
base_pair_6a274bb5ac42_00009_inside.npz,base,6a274bb55ce57183089f33e1,orto_basemap,inside,,227.6,5.87,239.39,1.104,1801,1.0,1.0,field,разметка подтверждена,2456652,g0543,1,,c0068,heldout,registered,6.040,1.00,,photo
base_pair_6a274bb5ac42_00010_inside.npz,base,6a274bb55ce57183089f33e1,orto_basemap,inside,,214.1,7.75,207.61,1.116,1612,1.0,1.0,field,разметка подтверждена,3014440,g0543,1,,c0068,heldout,registered,6.040,1.00,,photo
base_pair_6a274bb5ac42_00011_inside.npz,base,6a274bb55ce57183089f33e1,orto_basemap,inside,,191.6,2.95,182.18,1.034,1918,1.0,1.0,field,разметка подтверждена,3091797,g0543,1,,c0068,heldout,registered,6.040,1.00,,photo
base_pair_6234231a28c7_00000_inside.npz,base,6234231a-6b93-4202-9bc1-36a7e305ab5e,orto_basemap,inside,,193.0,4.23,341.51,0.993,1469,1.0,0.9993,cell_refine,разметка подтверждена,2050674,g0332,1,,c0009,heldout,registered,9.260,1.00,,photo
base_pair_6234231a28c7_00001_partial.npz,base,6234231a-6b93-4202-9bc1-36a7e305ab5e,orto_basemap,partial,,231.7,2.03,48.26,1.113,847,0.6782,0.6887,cell_refine,разметка подтверждена,1394336,g0332,1,,c0009,heldout,registered,9.260,1.00,,photo
base_pair_6234231a28c7_00002_partial.npz,base,6234231a-6b93-4202-9bc1-36a7e305ab5e,orto_basemap,partial,,209.6,5.16,57.83,1.068,1127,0.8492,0.842,global,разметка подтверждена,2296202,g0332,1,,c0009,heldout,approx,8.000,0.30,,photo
base_pair_6234231a28c7_00003_inside.npz,base,6234231a-6b93-4202-9bc1-36a7e305ab5e,orto_basemap,inside,,232.4,8.53,22.45,0.941,1214,1.0,0.9996,global,разметка подтверждена,2299549,g0332,1,,c0009,heldout,approx,8.000,0.30,,photo
base_pair_6234231a28c7_00004_partial.npz,base,6234231a-6b93-4202-9bc1-36a7e305ab5e,orto_basemap,partial,,273.4,1.91,68.98,1.149,1623,0.847,0.8518,field,разметка подтверждена,2485134,g0332,1,,c0009,heldout,registered,9.260,1.00,,photo
base_pair_6234231a28c7_00005_inside.npz,base,6234231a-6b93-4202-9bc1-36a7e305ab5e,orto_basemap,inside,,265.0,2.15,300.8,1.132,1384,1.0,0.9998,field,разметка подтверждена,2074863,g0332,1,,c0009,heldout,registered,9.260,1.00,,photo
base_pair_6234231a28c7_00007_inside.npz,base,6234231a-6b93-4202-9bc1-36a7e305ab5e,orto_basemap,inside,,175.7,1.06,94.5,0.983,1335,1.0,0.9995,field,разметка подтверждена,2041319,g0332,1,,c0009,heldout,registered,9.260,1.00,,photo
base_pair_6234231a28c7_00008_partial.npz,base,6234231a-6b93-4202-9bc1-36a7e305ab5e,orto_basemap,partial,,243.0,2.43,70.67,0.876,1871,0.8047,0.8073,global,разметка подтверждена,2553923,g0332,1,,c0009,heldout,approx,8.000,0.30,,photo
base_pair_6234231a28c7_00009_inside.npz,base,6234231a-6b93-4202-9bc1-36a7e305ab5e,orto_basemap,inside,,227.6,5.87,239.39,1.104,1801,1.0,0.9997,global,разметка подтверждена,2440372,g0332,1,,c0009,heldout,approx,8.000,0.30,,photo
base_pair_6234231a28c7_00010_inside.npz,base,6234231a-6b93-4202-9bc1-36a7e305ab5e,orto_basemap,inside,,214.1,7.75,207.61,1.116,1612,1.0,0.9995,field,разметка подтверждена,2912298,g0332,1,,c0009,heldout,registered,9.260,1.00,,photo
base_pair_6234231a28c7_00011_inside.npz,base,6234231a-6b93-4202-9bc1-36a7e305ab5e,orto_basemap,inside,,191.6,2.95,182.18,1.034,1918,1.0,0.9995,field,разметка подтверждена,2916000,g0332,1,,c0009,heldout,registered,9.260,1.00,,photo
base_pair_78e8bdfb36f0_00000_inside.npz,base,78e8bdfb-4143-4050-a4b6-2022d49b7dcc,orto_basemap,inside,,193.0,4.23,341.51,0.993,1469,1.0,0.9999,cell_refine,разметка подтверждена,2103137,g0561,1,,c0009,heldout,registered,10.450,1.00,,photo
base_pair_78e8bdfb36f0_00001_partial.npz,base,78e8bdfb-4143-4050-a4b6-2022d49b7dcc,orto_basemap,partial,,231.7,2.03,48.26,1.113,847,0.6782,0.6887,cell_refine,разметка подтверждена,1467561,g0561,1,,c0009,heldout,registered,10.450,1.00,,photo
base_pair_78e8bdfb36f0_00002_partial.npz,base,78e8bdfb-4143-4050-a4b6-2022d49b7dcc,orto_basemap,partial,,209.6,5.16,57.83,1.068,1127,0.8492,0.8418,cell_refine,разметка подтверждена,2236144,g0561,1,,c0009,heldout,registered,10.450,1.00,,photo
base_pair_78e8bdfb36f0_00003_inside.npz,base,78e8bdfb-4143-4050-a4b6-2022d49b7dcc,orto_basemap,inside,,232.4,8.53,22.45,0.941,1214,1.0,0.9995,cell_refine,разметка подтверждена,2279580,g0561,1,,c0009,heldout,registered,10.450,1.00,,photo
base_pair_78e8bdfb36f0_00004_partial.npz,base,78e8bdfb-4143-4050-a4b6-2022d49b7dcc,orto_basemap,partial,,273.4,1.91,68.98,1.149,1623,0.847,0.8521,cell_refine,разметка подтверждена,2504784,g0561,1,,c0009,heldout,registered,10.450,1.00,,photo
base_pair_78e8bdfb36f0_00005_inside.npz,base,78e8bdfb-4143-4050-a4b6-2022d49b7dcc,orto_basemap,inside,,265.0,2.15,300.8,1.132,1384,1.0,0.9989,cell_refine,разметка подтверждена,2228699,g0561,1,,c0009,heldout,registered,10.450,1.00,,photo
base_pair_78e8bdfb36f0_00007_inside.npz,base,78e8bdfb-4143-4050-a4b6-2022d49b7dcc,orto_basemap,inside,,175.7,1.06,94.5,0.983,1335,1.0,0.9993,cell_refine,разметка подтверждена,1960022,g0561,1,,c0009,heldout,registered,10.450,1.00,,photo
base_pair_78e8bdfb36f0_00008_partial.npz,base,78e8bdfb-4143-4050-a4b6-2022d49b7dcc,orto_basemap,partial,,243.0,2.43,70.67,0.876,1871,0.8047,0.8074,field,разметка подтверждена,2543991,g0561,1,,c0009,heldout,registered,10.450,1.00,,photo
base_pair_78e8bdfb36f0_00009_inside.npz,base,78e8bdfb-4143-4050-a4b6-2022d49b7dcc,orto_basemap,inside,,227.6,5.87,239.39,1.104,1801,1.0,1.0,field,разметка подтверждена,2285228,g0561,1,,c0009,heldout,registered,10.450,1.00,,photo
base_pair_78e8bdfb36f0_00010_inside.npz,base,78e8bdfb-4143-4050-a4b6-2022d49b7dcc,orto_basemap,inside,,214.1,7.75,207.61,1.116,1612,1.0,0.9958,field,разметка подтверждена,2859794,g0561,1,,c0009,heldout,registered,10.450,1.00,,photo
base_pair_78e8bdfb36f0_00011_inside.npz,base,78e8bdfb-4143-4050-a4b6-2022d49b7dcc,orto_basemap,inside,,191.6,2.95,182.18,1.034,1918,1.0,0.997,field,разметка подтверждена,2830320,g0561,1,,c0009,heldout,registered,10.450,1.00,,photo
base_pair_c8bfaa3f29b9_00000_inside.npz,base,c8bfaa3f-4172-4e35-a86a-981c9f21dee4,orto_basemap,inside,,193.0,4.23,341.51,0.993,1469,1.0,1.0,cell_refine,разметка подтверждена,1989891,g0582,1,,c0073,train,registered,2.450,1.00,,photo
base_pair_c8bfaa3f29b9_00001_partial.npz,base,c8bfaa3f-4172-4e35-a86a-981c9f21dee4,orto_basemap,partial,,231.7,2.03,48.26,1.113,847,0.6782,0.6888,cell_refine,разметка подтверждена,1435437,g0582,1,,c0073,train,registered,2.450,1.00,,photo
base_pair_c8bfaa3f29b9_00002_partial.npz,base,c8bfaa3f-4172-4e35-a86a-981c9f21dee4,orto_basemap,partial,,209.6,5.16,57.83,1.068,1127,0.8492,0.8394,field,разметка подтверждена,2149181,g0582,1,,c0073,train,registered,2.450,1.00,,photo
base_pair_c8bfaa3f29b9_00003_inside.npz,base,c8bfaa3f-4172-4e35-a86a-981c9f21dee4,orto_basemap,inside,,232.4,8.53,22.45,0.941,1214,1.0,0.9998,field,разметка подтверждена,2192163,g0582,1,,c0073,train,registered,2.450,1.00,,photo
base_pair_c8bfaa3f29b9_00004_partial.npz,base,c8bfaa3f-4172-4e35-a86a-981c9f21dee4,orto_basemap,partial,,273.4,1.91,68.98,1.149,1623,0.847,0.7592,field,разметка подтверждена,2272818,g0582,1,,c0073,train,registered,2.450,1.00,,photo
base_pair_c8bfaa3f29b9_00005_inside.npz,base,c8bfaa3f-4172-4e35-a86a-981c9f21dee4,orto_basemap,inside,,265.0,2.15,300.8,1.132,1384,1.0,1.0,field,разметка подтверждена,2215505,g0582,1,,c0073,train,registered,2.450,1.00,,photo
base_pair_5c450aa7ba49_00000_inside.npz,base,5c450aa780fb36000543e2e6,orto_basemap,inside,,193.0,4.23,341.51,0.993,1469,1.0,0.9997,global,разметка подтверждена,2259724,g0091,1,,c0000,train,approx,8.000,0.30,,photo
base_pair_5c450aa7ba49_00001_partial.npz,base,5c450aa780fb36000543e2e6,orto_basemap,partial,,231.7,2.03,48.26,1.113,847,0.6782,0.6885,global,разметка подтверждена,1540255,g0091,1,,c0000,train,approx,8.000,0.30,,photo
base_pair_5c450aa7ba49_00002_partial.npz,base,5c450aa780fb36000543e2e6,orto_basemap,partial,,209.6,5.16,57.83,1.068,1127,0.8492,0.8392,global,разметка подтверждена,2343217,g0091,1,,c0000,train,approx,8.000,0.30,,photo
base_pair_5c450aa7ba49_00003_inside.npz,base,5c450aa780fb36000543e2e6,orto_basemap,inside,,232.4,8.53,22.45,0.941,1214,1.0,1.0,global,разметка подтверждена,2453820,g0091,1,,c0000,train,approx,8.000,0.30,,photo
base_pair_5c450aa7ba49_00004_partial.npz,base,5c450aa780fb36000543e2e6,orto_basemap,partial,,273.4,1.91,68.98,1.149,1623,0.847,0.853,field,разметка подтверждена,2672898,g0091,1,,c0000,train,registered,2.760,1.00,,photo
base_pair_5c450aa7ba49_00005_inside.npz,base,5c450aa780fb36000543e2e6,orto_basemap,inside,,265.0,2.15,300.8,1.132,1384,1.0,0.9997,field,разметка подтверждена,2315641,g0091,1,,c0000,train,registered,2.760,1.00,,photo
base_pair_5c450aa7ba49_00007_inside.npz,base,5c450aa780fb36000543e2e6,orto_basemap,inside,,175.7,1.06,94.5,0.983,1335,1.0,0.9999,field,разметка подтверждена,1996518,g0091,1,,c0000,train,registered,2.760,1.00,,photo
base_pair_5c450aa7ba49_00008_partial.npz,base,5c450aa780fb36000543e2e6,orto_basemap,partial,,243.0,2.43,70.67,0.876,1871,0.8047,0.8074,global,разметка подтверждена,2829490,g0091,1,,c0000,train,approx,8.000,0.30,,photo
base_pair_5c450aa7ba49_00009_inside.npz,base,5c450aa780fb36000543e2e6,orto_basemap,inside,,227.6,5.87,239.39,1.104,1801,1.0,0.9996,global,разметка подтверждена,2518987,g0091,1,,c0000,train,approx,8.000,0.30,,photo
base_pair_5c450aa7ba49_00010_inside.npz,base,5c450aa780fb36000543e2e6,orto_basemap,inside,,214.1,7.75,207.61,1.116,1612,1.0,0.9998,cell_refine,разметка подтверждена,2954807,g0091,1,,c0000,train,registered,2.760,1.00,,photo
base_pair_5c450aa7ba49_00011_inside.npz,base,5c450aa780fb36000543e2e6,orto_basemap,inside,,191.6,2.95,182.18,1.034,1918,1.0,0.9998,cell_refine,разметка подтверждена,3044641,g0091,1,,c0000,train,registered,2.760,1.00,,photo
base_pair_607b60498444_00000_inside.npz,base,607b6049bfb5350008e6658e,orto_basemap,inside,,193.0,4.23,341.51,0.993,1469,1.0,0.9995,field,разметка подтверждена,2341003,g0265,1,,c0001,train,registered,1.730,1.00,,photo
base_pair_607b60498444_00001_partial.npz,base,607b6049bfb5350008e6658e,orto_basemap,partial,,231.7,2.03,48.26,1.113,847,0.6782,0.6885,field,разметка подтверждена,1494189,g0265,1,,c0001,train,registered,1.730,1.00,,photo
base_pair_607b60498444_00002_partial.npz,base,607b6049bfb5350008e6658e,orto_basemap,partial,,209.6,5.16,57.83,1.068,1127,0.8492,0.8384,field,разметка подтверждена,2414876,g0265,1,,c0001,train,registered,1.730,1.00,,photo
base_pair_607b60498444_00003_inside.npz,base,607b6049bfb5350008e6658e,orto_basemap,inside,,232.4,8.53,22.45,0.941,1214,1.0,0.9982,field,разметка подтверждена,2334695,g0265,1,,c0001,train,registered,1.730,1.00,,photo
base_pair_607b60498444_00004_partial.npz,base,607b6049bfb5350008e6658e,orto_basemap,partial,,273.4,1.91,68.98,1.149,1623,0.847,0.8522,field,разметка подтверждена,2534065,g0265,1,,c0001,train,registered,1.730,1.00,,photo
base_pair_607b60498444_00005_inside.npz,base,607b6049bfb5350008e6658e,orto_basemap,inside,,265.0,2.15,300.8,1.132,1384,1.0,0.9985,field,разметка подтверждена,2225120,g0265,1,,c0001,train,registered,1.730,1.00,,photo
base_pair_5bcef0902953_00000_inside.npz,base,5bcef090b9e5f20005f7da52,orto_basemap,inside,,193.0,4.23,341.51,0.993,1469,1.0,0.9999,global,разметка подтверждена,2203440,g0081,1,,c0000,train,approx,8.000,0.30,,photo
base_pair_5bcef0902953_00001_partial.npz,base,5bcef090b9e5f20005f7da52,orto_basemap,partial,,231.7,2.03,48.26,1.113,847,0.6782,0.6888,global,разметка подтверждена,1504468,g0081,1,,c0000,train,approx,8.000,0.30,,photo
base_pair_5bcef0902953_00002_partial.npz,base,5bcef090b9e5f20005f7da52,orto_basemap,partial,,209.6,5.16,57.83,1.068,1127,0.8492,0.8422,field,разметка подтверждена,2338906,g0081,1,,c0000,train,registered,1.890,1.00,,photo
base_pair_5bcef0902953_00003_inside.npz,base,5bcef090b9e5f20005f7da52,orto_basemap,inside,,232.4,8.53,22.45,0.941,1214,1.0,1.0,field,разметка подтверждена,2363799,g0081,1,,c0000,train,registered,1.890,1.00,,photo
base_pair_5bcef0902953_00004_partial.npz,base,5bcef090b9e5f20005f7da52,orto_basemap,partial,,273.4,1.91,68.98,1.149,1623,0.847,0.853,global,разметка подтверждена,2688966,g0081,1,,c0000,train,approx,8.000,0.30,,photo
base_pair_5bcef0902953_00005_inside.npz,base,5bcef090b9e5f20005f7da52,orto_basemap,inside,,265.0,2.15,300.8,1.132,1384,1.0,1.0,global,разметка подтверждена,2372697,g0081,1,,c0000,train,approx,8.000,0.30,,photo
base_pair_5bcef0902953_00007_inside.npz,base,5bcef090b9e5f20005f7da52,orto_basemap,inside,,175.7,1.06,94.5,0.983,1335,1.0,1.0,field,разметка подтверждена,1987841,g0081,1,,c0000,train,registered,1.890,1.00,,photo
base_pair_5bcef0902953_00008_partial.npz,base,5bcef090b9e5f20005f7da52,orto_basemap,partial,,243.0,2.43,70.67,0.876,1871,0.8047,0.8074,field,разметка подтверждена,2863710,g0081,1,,c0000,train,registered,1.890,1.00,,photo
base_pair_5bcef0902953_00009_inside.npz,base,5bcef090b9e5f20005f7da52,orto_basemap,inside,,227.6,5.87,239.39,1.104,1801,1.0,1.0,field,разметка подтверждена,2584331,g0081,1,,c0000,train,registered,1.890,1.00,,photo
base_pair_5bfd016c198c_00000_inside.npz,base,5bfd016cd000e50005adbbbb,orto_basemap,inside,,193.0,4.23,341.51,0.993,1469,1.0,0.9992,field,разметка подтверждена,2244718,g0089,1,,c0000,train,registered,4.970,1.00,,photo
base_pair_5bfd016c198c_00001_partial.npz,base,5bfd016cd000e50005adbbbb,orto_basemap,partial,,231.7,2.03,48.26,1.113,847,0.6782,0.6887,field,разметка подтверждена,1546877,g0089,1,,c0000,train,registered,4.970,1.00,,photo
base_pair_5bfd016c198c_00002_partial.npz,base,5bfd016cd000e50005adbbbb,orto_basemap,partial,,209.6,5.16,57.83,1.068,1127,0.8492,0.8421,field,разметка подтверждена,2371761,g0089,1,,c0000,train,registered,4.970,1.00,,photo
base_pair_5bfd016c198c_00003_inside.npz,base,5bfd016cd000e50005adbbbb,orto_basemap,inside,,232.4,8.53,22.45,0.941,1214,1.0,1.0,field,разметка подтверждена,2439541,g0089,1,,c0000,train,registered,4.970,1.00,,photo
base_pair_5bfd016c198c_00004_partial.npz,base,5bfd016cd000e50005adbbbb,orto_basemap,partial,,273.4,1.91,68.98,1.149,1623,0.847,0.8528,field,разметка подтверждена,2718562,g0089,1,,c0000,train,registered,4.970,1.00,,photo
base_pair_5bfd016c198c_00005_inside.npz,base,5bfd016cd000e50005adbbbb,orto_basemap,inside,,265.0,2.15,300.8,1.132,1384,1.0,0.9997,field,разметка подтверждена,2365933,g0089,1,,c0000,train,registered,4.970,1.00,,photo
base_pair_5bfd016c198c_00007_inside.npz,base,5bfd016cd000e50005adbbbb,orto_basemap,inside,,175.7,1.06,94.5,0.983,1335,1.0,1.0,field,разметка подтверждена,1922432,g0089,1,,c0000,train,registered,4.970,1.00,,photo
base_pair_5bfd016c198c_00008_partial.npz,base,5bfd016cd000e50005adbbbb,orto_basemap,partial,,243.0,2.43,70.67,0.876,1871,0.8047,0.8073,field,разметка подтверждена,2791115,g0089,1,,c0000,train,registered,4.970,1.00,,photo
base_pair_5bfd016c198c_00009_inside.npz,base,5bfd016cd000e50005adbbbb,orto_basemap,inside,,227.6,5.87,239.39,1.104,1801,1.0,1.0,field,разметка подтверждена,2463297,g0089,1,,c0000,train,registered,4.970,1.00,,photo
base_pair_5bfd016c198c_00010_inside.npz,base,5bfd016cd000e50005adbbbb,orto_basemap,inside,,214.1,7.75,207.61,1.116,1612,1.0,1.0,field,разметка подтверждена,2952645,g0089,1,,c0000,train,registered,4.970,1.00,,photo
base_pair_5bfd016c198c_00011_inside.npz,base,5bfd016cd000e50005adbbbb,orto_basemap,inside,,191.6,2.95,182.18,1.034,1918,1.0,1.0,field,разметка подтверждена,3001644,g0089,1,,c0000,train,registered,4.970,1.00,,photo
base_pair_5ec6fcd710df_00000_inside.npz,base,5ec6fcd7f62f370006df340d,orto_basemap,inside,,193.0,4.23,341.51,0.993,1469,1.0,0.9997,field,разметка подтверждена,2261836,g0171,1,,c0005,heldout,registered,3.920,1.00,,photo
base_pair_5ec6fcd710df_00001_partial.npz,base,5ec6fcd7f62f370006df340d,orto_basemap,partial,,231.7,2.03,48.26,1.113,847,0.6782,0.6887,field,разметка подтверждена,1540159,g0171,1,,c0005,heldout,registered,3.920,1.00,,photo
base_pair_5ec6fcd710df_00002_partial.npz,base,5ec6fcd7f62f370006df340d,orto_basemap,partial,,209.6,5.16,57.83,1.068,1127,0.8492,0.8422,cell_refine,разметка подтверждена,2491389,g0171,1,,c0005,heldout,registered,3.920,1.00,,photo
base_pair_5ec6fcd710df_00003_inside.npz,base,5ec6fcd7f62f370006df340d,orto_basemap,inside,,232.4,8.53,22.45,0.941,1214,1.0,0.9993,cell_refine,разметка подтверждена,2521836,g0171,1,,c0005,heldout,registered,3.920,1.00,,photo
base_pair_5ec6fcd710df_00004_partial.npz,base,5ec6fcd7f62f370006df340d,orto_basemap,partial,,273.4,1.91,68.98,1.149,1623,0.847,0.8526,field,разметка подтверждена,2764010,g0171,1,,c0005,heldout,registered,3.920,1.00,,photo
base_pair_5ec6fcd710df_00005_inside.npz,base,5ec6fcd7f62f370006df340d,orto_basemap,inside,,265.0,2.15,300.8,1.132,1384,1.0,0.9998,field,разметка подтверждена,2489711,g0171,1,,c0005,heldout,registered,3.920,1.00,,photo
base_pair_5ec6fcd710df_00007_inside.npz,base,5ec6fcd7f62f370006df340d,orto_basemap,inside,,175.7,1.06,94.5,0.983,1335,1.0,0.9995,field,разметка подтверждена,2034638,g0171,1,,c0005,heldout,registered,3.920,1.00,,photo
base_pair_5ec6fcd710df_00008_partial.npz,base,5ec6fcd7f62f370006df340d,orto_basemap,partial,,243.0,2.43,70.67,0.876,1871,0.8047,0.8073,global,разметка подтверждена,2758124,g0171,1,,c0005,heldout,approx,8.000,0.30,,photo
base_pair_5ec6fcd710df_00009_inside.npz,base,5ec6fcd7f62f370006df340d,orto_basemap,inside,,227.6,5.87,239.39,1.104,1801,1.0,0.9999,global,разметка подтверждена,2501089,g0171,1,,c0005,heldout,approx,8.000,0.30,,photo
base_pair_628f7cf6c5d9_00000_inside.npz,base,628f7cf69a80b30006a5c065,orto_basemap,inside,,193.0,4.23,341.51,0.83,1227,1.0,1.0,field,разметка подтверждена,1909005,g0339,1,,c0013,train,registered,2.220,1.00,,photo
base_pair_628f7cf6c5d9_00001_partial.npz,base,628f7cf69a80b30006a5c065,orto_basemap,partial,,231.7,2.03,48.26,0.996,768,0.6843,0.6949,field,разметка подтверждена,1446694,g0339,1,,c0013,train,registered,2.220,1.00,,photo
base_pair_628f7cf6c5d9_00002_partial.npz,base,628f7cf69a80b30006a5c065,orto_basemap,partial,,209.6,5.16,57.83,0.901,950,0.8488,0.842,field,разметка подтверждена,2157212,g0339,1,,c0013,train,registered,2.220,1.00,,photo
base_pair_628f7cf6c5d9_00003_inside.npz,base,628f7cf69a80b30006a5c065,orto_basemap,inside,,232.4,8.53,22.45,0.941,1214,1.0,0.9999,field,разметка подтверждена,2277598,g0339,1,,c0013,train,registered,2.220,1.00,,photo
base_pair_628f7cf6c5d9_00004_partial.npz,base,628f7cf69a80b30006a5c065,orto_basemap,partial,,273.4,1.91,68.98,1.149,1623,0.847,0.853,field,разметка подтверждена,2380366,g0339,1,,c0013,train,registered,2.220,1.00,,photo
base_pair_628f7cf6c5d9_00005_inside.npz,base,628f7cf69a80b30006a5c065,orto_basemap,inside,,265.0,2.15,300.8,1.132,1384,1.0,1.0,field,разметка подтверждена,2036473,g0339,1,,c0013,train,registered,2.220,1.00,,photo
base_pair_628f7cf6c5d9_00007_inside.npz,base,628f7cf69a80b30006a5c065,orto_basemap,inside,,175.7,1.06,94.5,0.755,1026,1.0,0.9999,field,разметка подтверждена,1697586,g0339,1,,c0013,train,registered,2.220,1.00,,photo
base_pair_628f7cf6c5d9_00008_partial.npz,base,628f7cf69a80b30006a5c065,orto_basemap,partial,,243.0,2.43,70.67,0.876,1871,0.8047,0.8074,field,разметка подтверждена,2375282,g0339,1,,c0013,train,registered,2.220,1.00,,photo
base_pair_628f7cf6c5d9_00009_inside.npz,base,628f7cf69a80b30006a5c065,orto_basemap,inside,,227.6,5.87,239.39,0.978,1595,1.0,1.0,field,разметка подтверждена,2060698,g0339,1,,c0013,train,registered,2.220,1.00,,photo
base_pair_5bbe661ae5fa_00000_inside.npz,base,5bbe661afb2814000612341d,orto_basemap,inside,,193.0,4.23,341.51,0.993,1469,1.0,0.9997,field,разметка подтверждена,2204815,g0075,1,,c0091,heldout,registered,5.110,1.00,,photo
base_pair_5bbe661ae5fa_00001_partial.npz,base,5bbe661afb2814000612341d,orto_basemap,partial,,231.7,2.03,48.26,1.113,847,0.6782,0.6887,field,разметка подтверждена,1511613,g0075,1,,c0091,heldout,registered,5.110,1.00,,photo
base_pair_5bbe661ae5fa_00002_partial.npz,base,5bbe661afb2814000612341d,orto_basemap,partial,,209.6,5.16,57.83,1.068,1127,0.8492,0.8417,field,разметка подтверждена,2365658,g0075,1,,c0091,heldout,registered,5.110,1.00,,photo
base_pair_5bbe661ae5fa_00003_inside.npz,base,5bbe661afb2814000612341d,orto_basemap,inside,,232.4,8.53,22.45,0.941,1214,1.0,0.9996,field,разметка подтверждена,2381704,g0075,1,,c0091,heldout,registered,5.110,1.00,,photo
base_pair_5bbe661ae5fa_00004_partial.npz,base,5bbe661afb2814000612341d,orto_basemap,partial,,273.4,1.91,68.98,1.149,1623,0.847,0.853,field,разметка подтверждена,2673508,g0075,1,,c0091,heldout,registered,5.110,1.00,,photo
base_pair_5bbe661ae5fa_00005_inside.npz,base,5bbe661afb2814000612341d,orto_basemap,inside,,265.0,2.15,300.8,1.132,1384,1.0,0.9999,field,разметка подтверждена,2335375,g0075,1,,c0091,heldout,registered,5.110,1.00,,photo
base_pair_5bbe661ae5fa_00007_inside.npz,base,5bbe661afb2814000612341d,orto_basemap,inside,,175.7,1.06,94.5,0.983,1335,1.0,0.9999,field,разметка подтверждена,1954594,g0075,1,,c0091,heldout,registered,5.110,1.00,,photo
base_pair_5d6936a73195_00000_inside.npz,base,5d6936a72103c90007707f98,orto_basemap,inside,,193.0,4.23,341.51,0.993,1469,1.0,1.0,field,разметка подтверждена,1999698,g0113,1,,c0000,train,registered,2.850,1.00,,photo
base_pair_5d6936a73195_00001_partial.npz,base,5d6936a72103c90007707f98,orto_basemap,partial,,231.7,2.03,48.26,1.113,847,0.6782,0.6888,field,разметка подтверждена,1558440,g0113,1,,c0000,train,registered,2.850,1.00,,photo
base_pair_5d6936a73195_00002_partial.npz,base,5d6936a72103c90007707f98,orto_basemap,partial,,209.6,5.16,57.83,1.068,1127,0.8492,0.8422,field,разметка подтверждена,2170934,g0113,1,,c0000,train,registered,2.850,1.00,,photo
base_pair_5d6936a73195_00003_inside.npz,base,5d6936a72103c90007707f98,orto_basemap,inside,,232.4,8.53,22.45,0.941,1214,1.0,1.0,field,разметка подтверждена,2209426,g0113,1,,c0000,train,registered,2.850,1.00,,photo
base_pair_5d6936a73195_00004_partial.npz,base,5d6936a72103c90007707f98,orto_basemap,partial,,273.4,1.91,68.98,1.149,1623,0.847,0.853,field,разметка подтверждена,2525793,g0113,1,,c0000,train,registered,2.850,1.00,,photo
base_pair_5d6936a73195_00005_inside.npz,base,5d6936a72103c90007707f98,orto_basemap,inside,,265.0,2.15,300.8,1.132,1384,1.0,1.0,field,разметка подтверждена,2212352,g0113,1,,c0000,train,registered,2.850,1.00,,photo
base_pair_5d6936a73195_00007_inside.npz,base,5d6936a72103c90007707f98,orto_basemap,inside,,175.7,1.06,94.5,0.983,1335,1.0,1.0,field,разметка подтверждена,1966018,g0113,1,,c0000,train,registered,2.850,1.00,,photo
base_pair_5d6936a73195_00008_partial.npz,base,5d6936a72103c90007707f98,orto_basemap,partial,,243.0,2.43,70.67,0.876,1871,0.8047,0.8074,field,разметка подтверждена,2566879,g0113,1,,c0000,train,registered,2.850,1.00,,photo
base_pair_5d6936a73195_00009_inside.npz,base,5d6936a72103c90007707f98,orto_basemap,inside,,227.6,5.87,239.39,1.104,1801,1.0,1.0,field,разметка подтверждена,2427282,g0113,1,,c0000,train,registered,2.850,1.00,,photo
base_pair_5b2790b7e942_00000_inside.npz,base,5b2790b72b6a08001185f822,orto_basemap,inside,,193.0,4.23,341.51,0.993,1469,1.0,1.0,global,разметка подтверждена,2044254,g0035,1,,c0000,train,approx,8.000,0.30,,photo
base_pair_5b2790b7e942_00001_partial.npz,base,5b2790b72b6a08001185f822,orto_basemap,partial,,231.7,2.03,48.26,1.113,847,0.6782,0.6888,global,разметка подтверждена,1436829,g0035,1,,c0000,train,approx,8.000,0.30,,photo
base_pair_5b2790b7e942_00002_partial.npz,base,5b2790b72b6a08001185f822,orto_basemap,partial,,209.6,5.16,57.83,1.068,1127,0.8492,0.8422,field,разметка подтверждена,2293268,g0035,1,,c0000,train,registered,4.420,1.00,,photo
base_pair_5b2790b7e942_00003_inside.npz,base,5b2790b72b6a08001185f822,orto_basemap,inside,,232.4,8.53,22.45,0.941,1214,1.0,1.0,field,разметка подтверждена,2322548,g0035,1,,c0000,train,registered,4.420,1.00,,photo
base_pair_5b2790b7e942_00004_partial.npz,base,5b2790b72b6a08001185f822,orto_basemap,partial,,273.4,1.91,68.98,1.149,1623,0.847,0.8526,field,разметка подтверждена,2627049,g0035,1,,c0000,train,registered,4.420,1.00,,photo
base_pair_5b2790b7e942_00005_inside.npz,base,5b2790b72b6a08001185f822,orto_basemap,inside,,265.0,2.15,300.8,1.132,1384,1.0,0.9998,field,разметка подтверждена,2299632,g0035,1,,c0000,train,registered,4.420,1.00,,photo
base_pair_5b2790b7e942_00007_inside.npz,base,5b2790b72b6a08001185f822,orto_basemap,inside,,175.7,1.06,94.5,0.983,1335,1.0,0.9765,field,разметка подтверждена,1810667,g0035,1,,c0000,train,registered,4.420,1.00,,photo
base_pair_5b2790b7e942_00008_partial.npz,base,5b2790b72b6a08001185f822,orto_basemap,partial,,243.0,2.43,70.67,0.876,1871,0.8047,0.7735,field,разметка подтверждена,2613822,g0035,1,,c0000,train,registered,4.420,1.00,,photo
base_pair_5b2790b7e942_00009_inside.npz,base,5b2790b72b6a08001185f822,orto_basemap,inside,,227.6,5.87,239.39,1.104,1801,1.0,0.9959,field,разметка подтверждена,2399878,g0035,1,,c0000,train,registered,4.420,1.00,,photo
base_pair_5b2790b7e942_00010_inside.npz,base,5b2790b72b6a08001185f822,orto_basemap,inside,,214.1,7.75,207.61,1.116,1612,1.0,0.9997,field,разметка подтверждена,2987160,g0035,1,,c0000,train,registered,4.420,1.00,,photo
base_pair_5b2790b7e942_00011_inside.npz,base,5b2790b72b6a08001185f822,orto_basemap,inside,,191.6,2.95,182.18,1.034,1918,1.0,0.9997,field,разметка подтверждена,3067899,g0035,1,,c0000,train,registered,4.420,1.00,,photo
base_pair_5e90ac3bdb91_00000_inside.npz,base,5e90ac3bc6bbac0005e30fb9,orto_basemap,inside,,193.0,4.23,341.51,0.993,1469,1.0,0.9954,field,разметка подтверждена,2172720,g0154,1,,c0000,train,registered,5.510,1.00,,photo
base_pair_5e90ac3bdb91_00001_partial.npz,base,5e90ac3bc6bbac0005e30fb9,orto_basemap,partial,,231.7,2.03,48.26,1.113,847,0.6782,0.6887,field,разметка подтверждена,1555312,g0154,1,,c0000,train,registered,5.510,1.00,,photo
base_pair_5e90ac3bdb91_00002_partial.npz,base,5e90ac3bc6bbac0005e30fb9,orto_basemap,partial,,209.6,5.16,57.83,1.068,1127,0.8492,0.842,field,разметка подтверждена,2368180,g0154,1,,c0000,train,registered,5.510,1.00,,photo
base_pair_5e90ac3bdb91_00003_inside.npz,base,5e90ac3bc6bbac0005e30fb9,orto_basemap,inside,,232.4,8.53,22.45,0.941,1214,1.0,0.9979,field,разметка подтверждена,2455414,g0154,1,,c0000,train,registered,5.510,1.00,,photo
base_pair_5e90ac3bdb91_00004_partial.npz,base,5e90ac3bc6bbac0005e30fb9,orto_basemap,partial,,273.4,1.91,68.98,1.149,1623,0.847,0.853,field,разметка подтверждена,2666581,g0154,1,,c0000,train,registered,5.510,1.00,,photo
base_pair_5e90ac3bdb91_00005_inside.npz,base,5e90ac3bc6bbac0005e30fb9,orto_basemap,inside,,265.0,2.15,300.8,1.132,1384,1.0,0.9775,field,разметка подтверждена,2364389,g0154,1,,c0000,train,registered,5.510,1.00,,photo
base_pair_5d692dbdddd2_00000_inside.npz,base,5d692dbd2103c90007707f95,orto_basemap,inside,,193.0,4.23,341.51,0.993,1469,1.0,1.0,field,разметка подтверждена,1962528,g0112,1,,c0000,train,registered,7.680,1.00,,photo
base_pair_5d692dbdddd2_00001_partial.npz,base,5d692dbd2103c90007707f95,orto_basemap,partial,,231.7,2.03,48.26,1.113,847,0.6782,0.6888,field,разметка подтверждена,1328780,g0112,1,,c0000,train,registered,7.680,1.00,,photo
base_pair_5d692dbdddd2_00002_partial.npz,base,5d692dbd2103c90007707f95,orto_basemap,partial,,209.6,5.16,57.83,1.068,1127,0.8492,0.8422,field,разметка подтверждена,2037461,g0112,1,,c0000,train,registered,7.680,1.00,,photo
base_pair_5d692dbdddd2_00003_inside.npz,base,5d692dbd2103c90007707f95,orto_basemap,inside,,232.4,8.53,22.45,0.941,1214,1.0,1.0,field,разметка подтверждена,2036624,g0112,1,,c0000,train,registered,7.680,1.00,,photo
base_pair_5d692dbdddd2_00004_partial.npz,base,5d692dbd2103c90007707f95,orto_basemap,partial,,273.4,1.91,68.98,1.149,1623,0.847,0.853,field,разметка подтверждена,2460803,g0112,1,,c0000,train,registered,7.680,1.00,,photo
base_pair_5d692dbdddd2_00005_inside.npz,base,5d692dbd2103c90007707f95,orto_basemap,inside,,265.0,2.15,300.8,1.132,1384,1.0,0.9686,field,разметка подтверждена,2166172,g0112,1,,c0000,train,registered,7.680,1.00,,photo
base_pair_5d692dbdddd2_00007_inside.npz,base,5d692dbd2103c90007707f95,orto_basemap,inside,,175.7,1.06,94.5,0.983,1335,1.0,1.0,field,разметка подтверждена,1947364,g0112,1,,c0000,train,registered,7.680,1.00,,photo
base_pair_5d692dbdddd2_00008_partial.npz,base,5d692dbd2103c90007707f95,orto_basemap,partial,,243.0,2.43,70.67,0.876,1871,0.8047,0.8071,field,разметка подтверждена,2257615,g0112,1,,c0000,train,registered,7.680,1.00,,photo
base_pair_5d692dbdddd2_00009_inside.npz,base,5d692dbd2103c90007707f95,orto_basemap,inside,,227.6,5.87,239.39,1.104,1801,1.0,1.0,field,разметка подтверждена,2306957,g0112,1,,c0000,train,registered,7.680,1.00,,photo
base_pair_5b832189c9b1_00000_inside.npz,base,5b8321897343a9fb84347d2c,orto_basemap,inside,,193.0,4.23,341.51,0.865,1279,1.0,1.0,field,разметка подтверждена,1881082,g0049,1,,c0083,train,registered,7.160,1.00,,photo
base_pair_5b832189c9b1_00001_partial.npz,base,5b8321897343a9fb84347d2c,orto_basemap,partial,,231.7,2.03,48.26,1.038,790,0.6779,0.6885,field,разметка подтверждена,1407401,g0049,1,,c0083,train,registered,7.160,1.00,,photo
base_pair_5b832189c9b1_00002_partial.npz,base,5b8321897343a9fb84347d2c,orto_basemap,partial,,209.6,5.16,57.83,0.939,991,0.8491,0.8423,field,разметка подтверждена,2129533,g0049,1,,c0083,train,registered,7.160,1.00,,photo
base_pair_5b832189c9b1_00003_inside.npz,base,5b8321897343a9fb84347d2c,orto_basemap,inside,,232.4,8.53,22.45,0.941,1214,1.0,1.0,field,разметка подтверждена,2194286,g0049,1,,c0083,train,registered,7.160,1.00,,photo
base_pair_5b832189c9b1_00004_partial.npz,base,5b8321897343a9fb84347d2c,orto_basemap,partial,,273.4,1.91,68.98,1.149,1623,0.847,0.853,field,разметка подтверждена,2447458,g0049,1,,c0083,train,registered,7.160,1.00,,photo
base_pair_5b832189c9b1_00005_inside.npz,base,5b8321897343a9fb84347d2c,orto_basemap,inside,,265.0,2.15,300.8,1.132,1384,1.0,1.0,field,разметка подтверждена,2112303,g0049,1,,c0083,train,registered,7.160,1.00,,photo
base_pair_5b832189c9b1_00007_inside.npz,base,5b8321897343a9fb84347d2c,orto_basemap,inside,,175.7,1.06,94.5,0.787,1069,1.0,0.9998,field,разметка подтверждена,1595926,g0049,1,,c0083,train,registered,7.160,1.00,,photo
base_pair_5b832189c9b1_00008_partial.npz,base,5b8321897343a9fb84347d2c,orto_basemap,partial,,243.0,2.43,70.67,0.876,1871,0.8047,0.8074,field,разметка подтверждена,2432109,g0049,1,,c0083,train,registered,7.160,1.00,,photo
base_pair_5b832189c9b1_00009_inside.npz,base,5b8321897343a9fb84347d2c,orto_basemap,inside,,227.6,5.87,239.39,1.02,1664,1.0,1.0,field,разметка подтверждена,2117861,g0049,1,,c0083,train,registered,7.160,1.00,,photo
base_pair_5b4fd1b8f0ad_00000_inside.npz,base,5b4fd1b84bda9e836eedbd8a,orto_basemap,inside,,193.0,4.23,341.51,0.993,1469,1.0,0.9996,field,разметка подтверждена,2209971,g0002,2,copy,c0000,train,registered,9.220,1.00,,photo
base_pair_5b4fd1b8f0ad_00001_partial.npz,base,5b4fd1b84bda9e836eedbd8a,orto_basemap,partial,,231.7,2.03,48.26,1.113,847,0.6782,0.6882,field,разметка подтверждена,1532420,g0002,2,copy,c0000,train,registered,9.220,1.00,,photo
base_pair_5b4fd1b8f0ad_00002_partial.npz,base,5b4fd1b84bda9e836eedbd8a,orto_basemap,partial,,209.6,5.16,57.83,1.068,1127,0.8492,0.8418,field,разметка подтверждена,2287528,g0002,2,copy,c0000,train,registered,9.220,1.00,,photo
base_pair_5b4fd1b8f0ad_00003_inside.npz,base,5b4fd1b84bda9e836eedbd8a,orto_basemap,inside,,232.4,8.53,22.45,0.941,1214,1.0,1.0,field,разметка подтверждена,2318564,g0002,2,copy,c0000,train,registered,9.220,1.00,,photo
base_pair_5b4fd1b8f0ad_00004_partial.npz,base,5b4fd1b84bda9e836eedbd8a,orto_basemap,partial,,273.4,1.91,68.98,1.149,1623,0.847,0.853,field,разметка подтверждена,2647865,g0002,2,copy,c0000,train,registered,9.220,1.00,,photo
base_pair_5b4fd1b8f0ad_00005_inside.npz,base,5b4fd1b84bda9e836eedbd8a,orto_basemap,inside,,265.0,2.15,300.8,1.132,1384,1.0,1.0,field,разметка подтверждена,2297729,g0002,2,copy,c0000,train,registered,9.220,1.00,,photo
base_pair_5b4fd1b8f0ad_00007_inside.npz,base,5b4fd1b84bda9e836eedbd8a,orto_basemap,inside,,175.7,1.06,94.5,0.983,1335,1.0,0.9947,field,разметка подтверждена,1878632,g0002,2,copy,c0000,train,registered,9.220,1.00,,photo
base_pair_c75188932714_00000_inside.npz,base,c7518893-5731-4246-af58-1aa537e9a7ce,orto_basemap,inside,,193.0,4.23,341.51,0.993,1469,1.0,1.0,field,разметка подтверждена,2096328,g0580,1,,c0033,heldout,registered,3.230,1.00,,photo
base_pair_c75188932714_00001_partial.npz,base,c7518893-5731-4246-af58-1aa537e9a7ce,orto_basemap,partial,,231.7,2.03,48.26,1.113,847,0.6782,0.6888,field,разметка подтверждена,1484850,g0580,1,,c0033,heldout,registered,3.230,1.00,,photo
base_pair_c75188932714_00002_partial.npz,base,c7518893-5731-4246-af58-1aa537e9a7ce,orto_basemap,partial,,209.6,5.16,57.83,1.068,1127,0.8492,0.8421,field,разметка подтверждена,2277286,g0580,1,,c0033,heldout,registered,3.230,1.00,,photo
base_pair_c75188932714_00003_inside.npz,base,c7518893-5731-4246-af58-1aa537e9a7ce,orto_basemap,inside,,232.4,8.53,22.45,0.941,1214,1.0,1.0,field,разметка подтверждена,2295834,g0580,1,,c0033,heldout,registered,3.230,1.00,,photo
base_pair_6a4f14b6d7fb_00000_inside.npz,base,6a4f14b671e50037430d60a6,orto_basemap,inside,,193.0,4.23,341.51,0.993,1469,1.0,1.0,field,разметка подтверждена,2130145,g0546,1,,c0262,val,registered,1.590,1.00,,photo
base_pair_6a4f14b6d7fb_00001_partial.npz,base,6a4f14b671e50037430d60a6,orto_basemap,partial,,231.7,2.03,48.26,1.113,847,0.6782,0.6888,field,разметка подтверждена,1448045,g0546,1,,c0262,val,registered,1.590,1.00,,photo
base_pair_6a4f14b6d7fb_00002_partial.npz,base,6a4f14b671e50037430d60a6,orto_basemap,partial,,209.6,5.16,57.83,1.068,1127,0.8492,0.8422,field,разметка подтверждена,2202108,g0546,1,,c0262,val,registered,1.590,1.00,,photo
base_pair_6a4f14b6d7fb_00003_inside.npz,base,6a4f14b671e50037430d60a6,orto_basemap,inside,,232.4,8.53,22.45,0.941,1214,1.0,1.0,field,разметка подтверждена,2033025,g0546,1,,c0262,val,registered,1.590,1.00,,photo
base_pair_6a4f14b6d7fb_00004_partial.npz,base,6a4f14b671e50037430d60a6,orto_basemap,partial,,273.4,1.91,68.98,1.149,1623,0.847,0.853,field,разметка подтверждена,2169339,g0546,1,,c0262,val,registered,1.590,1.00,,photo
base_pair_6a4f14b6d7fb_00005_inside.npz,base,6a4f14b671e50037430d60a6,orto_basemap,inside,,265.0,2.15,300.8,1.132,1384,1.0,1.0,field,разметка подтверждена,1883665,g0546,1,,c0262,val,registered,1.590,1.00,,photo
base_pair_6896a23c543b_00000_inside.npz,base,6896a23c4c41cdb5244a3bfb,orto_basemap,inside,,193.0,4.23,341.51,0.694,1026,1.0,1.0,field,разметка подтверждена,1742815,g0496,1,,c0002,heldout,registered,9.300,1.00,,photo
base_pair_6896a23c543b_00001_partial.npz,base,6896a23c4c41cdb5244a3bfb,orto_basemap,partial,,231.7,2.03,48.26,0.833,768,0.7423,0.7524,field,разметка подтверждена,1425030,g0496,1,,c0002,heldout,registered,9.300,1.00,,photo
base_pair_68cb1b6ac76c_00000_inside.npz,base,68cb1b6a800626fc89d79ac8,orto_basemap,inside,,193.0,4.23,341.51,0.993,1469,1.0,1.0,field,разметка подтверждена,2421123,g0509,1,,c0247,val,registered,2.190,1.00,,photo
base_pair_68cb1b6ac76c_00001_partial.npz,base,68cb1b6a800626fc89d79ac8,orto_basemap,partial,,231.7,2.03,48.26,1.113,847,0.6782,0.6888,field,разметка подтверждена,1631743,g0509,1,,c0247,val,registered,2.190,1.00,,photo
base_pair_68cb1b6ac76c_00002_partial.npz,base,68cb1b6a800626fc89d79ac8,orto_basemap,partial,,209.6,5.16,57.83,1.068,1127,0.8492,0.8424,field,разметка подтверждена,2423525,g0509,1,,c0247,val,registered,2.190,1.00,,photo
base_pair_68cb1b6ac76c_00003_inside.npz,base,68cb1b6a800626fc89d79ac8,orto_basemap,inside,,232.4,8.53,22.45,0.941,1214,1.0,1.0,field,разметка подтверждена,2313979,g0509,1,,c0247,val,registered,2.190,1.00,,photo
base_pair_68cb1b6ac76c_00004_partial.npz,base,68cb1b6a800626fc89d79ac8,orto_basemap,partial,,273.4,1.91,68.98,1.149,1623,0.847,0.853,field,разметка подтверждена,2426142,g0509,1,,c0247,val,registered,2.190,1.00,,photo
base_pair_68cb1b6ac76c_00005_inside.npz,base,68cb1b6a800626fc89d79ac8,orto_basemap,inside,,265.0,2.15,300.8,1.132,1384,1.0,1.0,field,разметка подтверждена,2145164,g0509,1,,c0247,val,registered,2.190,1.00,,photo
base_pair_68cb1b6ac76c_00007_inside.npz,base,68cb1b6a800626fc89d79ac8,orto_basemap,inside,,175.7,1.06,94.5,0.983,1335,1.0,1.0,field,разметка подтверждена,2153763,g0509,1,,c0247,val,registered,2.190,1.00,,photo
base_pair_68cb1b6ac76c_00008_partial.npz,base,68cb1b6a800626fc89d79ac8,orto_basemap,partial,,243.0,2.43,70.67,0.876,1871,0.8047,0.8074,field,разметка подтверждена,2557238,g0509,1,,c0247,val,registered,2.190,1.00,,photo
base_pair_68cb1b6ac76c_00009_inside.npz,base,68cb1b6a800626fc89d79ac8,orto_basemap,inside,,227.6,5.87,239.39,1.104,1801,1.0,1.0,field,разметка подтверждена,2636003,g0509,1,,c0247,val,registered,2.190,1.00,,photo
base_pair_68cb1b6ac76c_00010_inside.npz,base,68cb1b6a800626fc89d79ac8,orto_basemap,inside,,214.1,7.75,207.61,1.116,1612,1.0,0.9845,field,разметка подтверждена,3172019,g0509,1,,c0247,val,registered,2.190,1.00,,photo
base_pair_68cb1b6ac76c_00011_inside.npz,base,68cb1b6a800626fc89d79ac8,orto_basemap,inside,,191.6,2.95,182.18,1.034,1918,1.0,0.9847,field,разметка подтверждена,3307057,g0509,1,,c0247,val,registered,2.190,1.00,,photo
base_pair_5f42833d7259_00000_inside.npz,base,5f42833dc48e06000593275b,orto_basemap,inside,,193.0,4.23,341.51,0.993,1469,1.0,0.9983,cell_refine,разметка подтверждена,2227265,g0196,1,,c0000,train,registered,6.440,1.00,,photo
base_pair_5f42833d7259_00001_partial.npz,base,5f42833dc48e06000593275b,orto_basemap,partial,,231.7,2.03,48.26,1.113,847,0.6782,0.6888,cell_refine,разметка подтверждена,1516684,g0196,1,,c0000,train,registered,6.440,1.00,,photo
base_pair_5f42833d7259_00002_partial.npz,base,5f42833dc48e06000593275b,orto_basemap,partial,,209.6,5.16,57.83,1.068,1127,0.8492,0.8418,cell_refine,разметка подтверждена,2348098,g0196,1,,c0000,train,registered,6.440,1.00,,photo
base_pair_5f42833d7259_00003_inside.npz,base,5f42833dc48e06000593275b,orto_basemap,inside,,232.4,8.53,22.45,0.941,1214,1.0,0.9992,cell_refine,разметка подтверждена,2431050,g0196,1,,c0000,train,registered,6.440,1.00,,photo
base_pair_5f42833d7259_00004_partial.npz,base,5f42833dc48e06000593275b,orto_basemap,partial,,273.4,1.91,68.98,1.149,1623,0.847,0.8517,field,разметка подтверждена,2663900,g0196,1,,c0000,train,registered,6.440,1.00,,photo
base_pair_5f42833d7259_00005_inside.npz,base,5f42833dc48e06000593275b,orto_basemap,inside,,265.0,2.15,300.8,1.132,1384,1.0,0.9972,field,разметка подтверждена,2343402,g0196,1,,c0000,train,registered,6.440,1.00,,photo
base_pair_5f42833d7259_00007_inside.npz,base,5f42833dc48e06000593275b,orto_basemap,inside,,175.7,1.06,94.5,0.983,1335,1.0,0.9997,global,разметка подтверждена,1985424,g0196,1,,c0000,train,approx,8.000,0.30,,photo
base_pair_5f42833d7259_00008_partial.npz,base,5f42833dc48e06000593275b,orto_basemap,partial,,243.0,2.43,70.67,0.876,1871,0.8047,0.8074,field,разметка подтверждена,2808498,g0196,1,,c0000,train,registered,6.440,1.00,,photo
base_pair_5f42833d7259_00009_inside.npz,base,5f42833dc48e06000593275b,orto_basemap,inside,,227.6,5.87,239.39,1.104,1801,1.0,1.0,field,разметка подтверждена,2513285,g0196,1,,c0000,train,registered,6.440,1.00,,photo
base_pair_5f42833d7259_00010_inside.npz,base,5f42833dc48e06000593275b,orto_basemap,inside,,214.1,7.75,207.61,1.116,1612,1.0,0.9999,cell_refine,разметка подтверждена,2804530,g0196,1,,c0000,train,registered,6.440,1.00,,photo
base_pair_5f42833d7259_00011_inside.npz,base,5f42833dc48e06000593275b,orto_basemap,inside,,191.6,2.95,182.18,1.034,1918,1.0,1.0,cell_refine,разметка подтверждена,2907719,g0196,1,,c0000,train,registered,6.440,1.00,,photo
base_pair_6157742d004e_00000_inside.npz,base,6157742ddef645000782b7d7,orto_basemap,inside,,193.0,4.23,341.51,0.83,1227,1.0,0.9999,global,разметка подтверждена,1965281,g0310,1,,c0013,train,approx,8.000,0.30,,photo
base_pair_6157742d004e_00001_partial.npz,base,6157742ddef645000782b7d7,orto_basemap,partial,,231.7,2.03,48.26,0.996,768,0.6842,0.6947,global,разметка подтверждена,1514855,g0310,1,,c0013,train,approx,8.000,0.30,,photo
base_pair_6157742d004e_00002_partial.npz,base,6157742ddef645000782b7d7,orto_basemap,partial,,209.6,5.16,57.83,0.901,951,0.8493,0.8402,cell_refine,разметка подтверждена,2165858,g0310,1,,c0013,train,registered,6.810,1.00,,photo
base_pair_6157742d004e_00003_inside.npz,base,6157742ddef645000782b7d7,orto_basemap,inside,,232.4,8.53,22.45,0.941,1214,1.0,0.9987,cell_refine,разметка подтверждена,2257957,g0310,1,,c0013,train,registered,6.810,1.00,,photo
base_pair_6157742d004e_00004_partial.npz,base,6157742ddef645000782b7d7,orto_basemap,partial,,273.4,1.91,68.98,1.149,1623,0.847,0.853,field,разметка подтверждена,2451523,g0310,1,,c0013,train,registered,6.810,1.00,,photo
base_pair_6157742d004e_00005_inside.npz,base,6157742ddef645000782b7d7,orto_basemap,inside,,265.0,2.15,300.8,1.132,1384,1.0,0.9987,field,разметка подтверждена,2185603,g0310,1,,c0013,train,registered,6.810,1.00,,photo
base_pair_6157742d004e_00007_inside.npz,base,6157742ddef645000782b7d7,orto_basemap,inside,,175.7,1.06,94.5,0.755,1026,1.0,0.9986,field,разметка подтверждена,1881914,g0310,1,,c0013,train,registered,6.810,1.00,,photo
base_pair_6157742d004e_00008_partial.npz,base,6157742ddef645000782b7d7,orto_basemap,partial,,243.0,2.43,70.67,0.876,1871,0.8047,0.8072,field,разметка подтверждена,2666966,g0310,1,,c0013,train,registered,6.810,1.00,,photo
base_pair_6157742d004e_00009_inside.npz,base,6157742ddef645000782b7d7,orto_basemap,inside,,227.6,5.87,239.39,0.978,1596,1.0,0.9977,field,разметка подтверждена,2209541,g0310,1,,c0013,train,registered,6.810,1.00,,photo
base_pair_6157742d004e_00010_inside.npz,base,6157742ddef645000782b7d7,orto_basemap,inside,,214.1,7.75,207.61,0.92,1330,1.0,0.9999,cell_refine,разметка подтверждена,2570047,g0310,1,,c0013,train,registered,6.810,1.00,,photo
base_pair_6157742d004e_00011_inside.npz,base,6157742ddef645000782b7d7,orto_basemap,inside,,191.6,2.95,182.18,0.823,1528,1.0,1.0,cell_refine,разметка подтверждена,2350576,g0310,1,,c0013,train,registered,6.810,1.00,,photo
base_pair_5b95464b8f23_00000_inside.npz,base,5b95464b57a6ea0006076e99,orto_basemap,inside,,193.0,4.23,341.51,0.993,1469,1.0,0.9985,cell_refine,разметка подтверждена,1915266,g0059,1,,c0006,train,registered,7.290,1.00,,photo
base_pair_5b95464b8f23_00001_partial.npz,base,5b95464b57a6ea0006076e99,orto_basemap,partial,,231.7,2.03,48.26,1.113,847,0.6782,0.6888,cell_refine,разметка подтверждена,1362875,g0059,1,,c0006,train,registered,7.290,1.00,,photo
base_pair_5b95464b8f23_00002_partial.npz,base,5b95464b57a6ea0006076e99,orto_basemap,partial,,209.6,5.16,57.83,1.068,1127,0.8492,0.8418,field,разметка подтверждена,2146122,g0059,1,,c0006,train,registered,7.290,1.00,,photo
base_pair_5b95464b8f23_00003_inside.npz,base,5b95464b57a6ea0006076e99,orto_basemap,inside,,232.4,8.53,22.45,0.941,1214,1.0,0.9997,field,разметка подтверждена,2142794,g0059,1,,c0006,train,registered,7.290,1.00,,photo
base_pair_5b95464b8f23_00004_partial.npz,base,5b95464b57a6ea0006076e99,orto_basemap,partial,,273.4,1.91,68.98,1.149,1623,0.847,0.853,global,разметка подтверждена,2337512,g0059,1,,c0006,train,approx,8.000,0.30,,photo
base_pair_5b95464b8f23_00005_inside.npz,base,5b95464b57a6ea0006076e99,orto_basemap,inside,,265.0,2.15,300.8,1.132,1384,1.0,0.9965,global,разметка подтверждена,2082454,g0059,1,,c0006,train,approx,8.000,0.30,,photo
base_pair_5b95464b8f23_00007_inside.npz,base,5b95464b57a6ea0006076e99,orto_basemap,inside,,175.7,1.06,94.5,0.983,1335,1.0,0.9909,global,разметка подтверждена,1867456,g0059,1,,c0006,train,approx,8.000,0.30,,photo
base_pair_5b95464b8f23_00008_partial.npz,base,5b95464b57a6ea0006076e99,orto_basemap,partial,,243.0,2.43,70.67,0.876,1871,0.8047,0.8065,cell_refine,разметка подтверждена,2358154,g0059,1,,c0006,train,registered,7.290,1.00,,photo
base_pair_5b95464b8f23_00009_inside.npz,base,5b95464b57a6ea0006076e99,orto_basemap,inside,,227.6,5.87,239.39,1.104,1801,1.0,1.0,cell_refine,разметка подтверждена,2119280,g0059,1,,c0006,train,registered,7.290,1.00,,photo
base_pair_5b95464b8f23_00010_inside.npz,base,5b95464b57a6ea0006076e99,orto_basemap,inside,,214.1,7.75,207.61,1.116,1612,1.0,0.999,global,разметка подтверждена,2662723,g0059,1,,c0006,train,approx,8.000,0.30,,photo
base_pair_5b95464b8f23_00011_inside.npz,base,5b95464b57a6ea0006076e99,orto_basemap,inside,,191.6,2.95,182.18,1.034,1918,1.0,0.9986,global,разметка подтверждена,2610605,g0059,1,,c0006,train,approx,8.000,0.30,,photo
base_pair_5ef0af5e1816_00000_inside.npz,base,5ef0af5edc40b50005b6f1c4,orto_basemap,inside,,193.0,4.23,341.51,0.993,1469,1.0,1.0,field,разметка подтверждена,2114069,g0179,1,,c0014,heldout,registered,5.200,1.00,,photo
base_pair_5ef0af5e1816_00001_partial.npz,base,5ef0af5edc40b50005b6f1c4,orto_basemap,partial,,231.7,2.03,48.26,1.113,847,0.6782,0.6888,field,разметка подтверждена,1472878,g0179,1,,c0014,heldout,registered,5.200,1.00,,photo
base_pair_5ef0af5e1816_00002_partial.npz,base,5ef0af5edc40b50005b6f1c4,orto_basemap,partial,,209.6,5.16,57.83,1.068,1127,0.8492,0.8363,cell_refine,разметка подтверждена,2211826,g0179,1,,c0014,heldout,registered,5.200,1.00,,photo
base_pair_5ef0af5e1816_00003_inside.npz,base,5ef0af5edc40b50005b6f1c4,orto_basemap,inside,,232.4,8.53,22.45,0.941,1214,1.0,0.9976,cell_refine,разметка подтверждена,2214251,g0179,1,,c0014,heldout,registered,5.200,1.00,,photo
base_pair_5ef0af5e1816_00004_partial.npz,base,5ef0af5edc40b50005b6f1c4,orto_basemap,partial,,273.4,1.91,68.98,1.149,1623,0.847,0.853,global,разметка подтверждена,2550496,g0179,1,,c0014,heldout,approx,8.000,0.30,,photo
base_pair_5ef0af5e1816_00005_inside.npz,base,5ef0af5edc40b50005b6f1c4,orto_basemap,inside,,265.0,2.15,300.8,1.132,1384,1.0,1.0,global,разметка подтверждена,2283485,g0179,1,,c0014,heldout,approx,8.000,0.30,,photo
base_pair_5ef0af5e1816_00007_inside.npz,base,5ef0af5edc40b50005b6f1c4,orto_basemap,inside,,175.7,1.06,94.5,0.983,1335,1.0,0.9997,field,разметка подтверждена,1865388,g0179,1,,c0014,heldout,registered,5.200,1.00,,photo
base_pair_5ef0af5e1816_00008_partial.npz,base,5ef0af5edc40b50005b6f1c4,orto_basemap,partial,,243.0,2.43,70.67,0.876,1871,0.8047,0.8036,field,разметка подтверждена,2764036,g0179,1,,c0014,heldout,registered,5.200,1.00,,photo
base_pair_5ef0af5e1816_00009_inside.npz,base,5ef0af5edc40b50005b6f1c4,orto_basemap,inside,,227.6,5.87,239.39,1.104,1801,1.0,0.999,field,разметка подтверждена,2548441,g0179,1,,c0014,heldout,registered,5.200,1.00,,photo
base_pair_5ef0af5e1816_00010_inside.npz,base,5ef0af5edc40b50005b6f1c4,orto_basemap,inside,,214.1,7.75,207.61,1.116,1612,1.0,1.0,field,разметка подтверждена,2513977,g0179,1,,c0014,heldout,registered,5.200,1.00,,photo
base_pair_5ef0af5e1816_00011_inside.npz,base,5ef0af5edc40b50005b6f1c4,orto_basemap,inside,,191.6,2.95,182.18,1.034,1918,1.0,1.0,field,разметка подтверждена,2538877,g0179,1,,c0014,heldout,registered,5.200,1.00,,photo
base_pair_5f5f66a6f182_00000_inside.npz,base,5f5f66a6d9f87200078c7f4b,orto_basemap,inside,,193.0,4.23,341.51,0.83,1227,1.0,0.9991,field,разметка подтверждена,1978482,g0202,1,,c0013,train,registered,2.920,1.00,,photo
base_pair_5f5f66a6f182_00001_partial.npz,base,5f5f66a6d9f87200078c7f4b,orto_basemap,partial,,231.7,2.03,48.26,0.996,768,0.6843,0.6946,field,разметка подтверждена,1497785,g0202,1,,c0013,train,registered,2.920,1.00,,photo
base_pair_5f5f66a6f182_00002_partial.npz,base,5f5f66a6d9f87200078c7f4b,orto_basemap,partial,,209.6,5.16,57.83,0.901,950,0.8488,0.8418,field,разметка подтверждена,2121117,g0202,1,,c0013,train,registered,2.920,1.00,,photo
base_pair_5f5f66a6f182_00003_inside.npz,base,5f5f66a6d9f87200078c7f4b,orto_basemap,inside,,232.4,8.53,22.45,0.941,1214,1.0,0.9998,field,разметка подтверждена,2227072,g0202,1,,c0013,train,registered,2.920,1.00,,photo
base_pair_5f5f66a6f182_00004_partial.npz,base,5f5f66a6d9f87200078c7f4b,orto_basemap,partial,,273.4,1.91,68.98,1.149,1623,0.847,0.8524,field,разметка подтверждена,2459852,g0202,1,,c0013,train,registered,2.920,1.00,,photo
base_pair_5f5f66a6f182_00005_inside.npz,base,5f5f66a6d9f87200078c7f4b,orto_basemap,inside,,265.0,2.15,300.8,1.132,1384,1.0,0.9997,field,разметка подтверждена,2206727,g0202,1,,c0013,train,registered,2.920,1.00,,photo
base_pair_5f5f66a6f182_00007_inside.npz,base,5f5f66a6d9f87200078c7f4b,orto_basemap,inside,,175.7,1.06,94.5,0.755,1026,1.0,0.9998,field,разметка подтверждена,1743507,g0202,1,,c0013,train,registered,2.920,1.00,,photo
base_pair_5f5f66a6f182_00008_partial.npz,base,5f5f66a6d9f87200078c7f4b,orto_basemap,partial,,243.0,2.43,70.67,0.876,1871,0.8047,0.806,global,разметка подтверждена,2433877,g0202,1,,c0013,train,approx,8.000,0.30,,photo
base_pair_5f5f66a6f182_00009_inside.npz,base,5f5f66a6d9f87200078c7f4b,orto_basemap,inside,,227.6,5.87,239.39,0.978,1596,1.0,1.0,global,разметка подтверждена,2101424,g0202,1,,c0013,train,approx,8.000,0.30,,photo
base_pair_5f5f66a6f182_00010_inside.npz,base,5f5f66a6d9f87200078c7f4b,orto_basemap,inside,,214.1,7.75,207.61,0.92,1330,1.0,0.9966,cell_refine,разметка подтверждена,2588074,g0202,1,,c0013,train,registered,2.920,1.00,,photo
base_pair_5f5f66a6f182_00011_inside.npz,base,5f5f66a6d9f87200078c7f4b,orto_basemap,inside,,191.6,2.95,182.18,0.823,1527,1.0,0.9977,cell_refine,разметка подтверждена,2360669,g0202,1,,c0013,train,registered,2.920,1.00,,photo
base_pair_5f163dd964db_00000_inside.npz,base,5f163dd9baa90f0006a0ab52,orto_basemap,inside,,193.0,4.23,341.51,0.993,1469,1.0,0.998,field,разметка подтверждена,2197335,g0186,1,,c0000,train,registered,5.460,1.00,,photo
base_pair_5f163dd964db_00001_partial.npz,base,5f163dd9baa90f0006a0ab52,orto_basemap,partial,,231.7,2.03,48.26,1.113,847,0.6782,0.6879,field,разметка подтверждена,1509929,g0186,1,,c0000,train,registered,5.460,1.00,,photo
base_pair_5f163dd964db_00002_partial.npz,base,5f163dd9baa90f0006a0ab52,orto_basemap,partial,,209.6,5.16,57.83,1.068,1127,0.8492,0.8412,cell_refine,разметка подтверждена,2316299,g0186,1,,c0000,train,registered,5.460,1.00,,photo
base_pair_5f163dd964db_00003_inside.npz,base,5f163dd9baa90f0006a0ab52,orto_basemap,inside,,232.4,8.53,22.45,0.941,1214,1.0,0.9981,cell_refine,разметка подтверждена,2391521,g0186,1,,c0000,train,registered,5.460,1.00,,photo
base_pair_5f163dd964db_00004_partial.npz,base,5f163dd9baa90f0006a0ab52,orto_basemap,partial,,273.4,1.91,68.98,1.149,1623,0.847,0.8526,field,разметка подтверждена,2697859,g0186,1,,c0000,train,registered,5.460,1.00,,photo
base_pair_5f163dd964db_00005_inside.npz,base,5f163dd9baa90f0006a0ab52,orto_basemap,inside,,265.0,2.15,300.8,1.132,1384,1.0,0.9993,field,разметка подтверждена,2299142,g0186,1,,c0000,train,registered,5.460,1.00,,photo
base_pair_5f163dd964db_00007_inside.npz,base,5f163dd9baa90f0006a0ab52,orto_basemap,inside,,175.7,1.06,94.5,0.983,1335,1.0,0.9956,field,разметка подтверждена,1990960,g0186,1,,c0000,train,registered,5.460,1.00,,photo
base_pair_5f163dd964db_00008_partial.npz,base,5f163dd9baa90f0006a0ab52,orto_basemap,partial,,243.0,2.43,70.67,0.876,1871,0.8047,0.8062,field,разметка подтверждена,2759451,g0186,1,,c0000,train,registered,5.460,1.00,,photo
base_pair_5f163dd964db_00009_inside.npz,base,5f163dd9baa90f0006a0ab52,orto_basemap,inside,,227.6,5.87,239.39,1.104,1801,1.0,0.9953,field,разметка подтверждена,2480285,g0186,1,,c0000,train,registered,5.460,1.00,,photo
base_pair_5f163dd964db_00010_inside.npz,base,5f163dd9baa90f0006a0ab52,orto_basemap,inside,,214.1,7.75,207.61,1.116,1612,1.0,0.9983,field,разметка подтверждена,2997837,g0186,1,,c0000,train,registered,5.460,1.00,,photo
base_pair_5f163dd964db_00011_inside.npz,base,5f163dd9baa90f0006a0ab52,orto_basemap,inside,,191.6,2.95,182.18,1.034,1918,1.0,0.9975,field,разметка подтверждена,3114613,g0186,1,,c0000,train,registered,5.460,1.00,,photo
base_pair_5f8571bfcf9e_00000_inside.npz,base,5f8571bf7d446d0005fa8174,orto_basemap,inside,,193.0,4.23,341.51,0.685,1013,1.0,0.9981,cell_refine,разметка подтверждена,1651190,g0224,1,,c0121,train,registered,2.930,1.00,,photo
base_pair_5f8571bfcf9e_00001_partial.npz,base,5f8571bf7d446d0005fa8174,orto_basemap,partial,,231.7,2.03,48.26,0.822,768,0.7455,0.754,cell_refine,разметка подтверждена,1389237,g0224,1,,c0121,train,registered,2.930,1.00,,photo
base_pair_5f8571bfcf9e_00002_partial.npz,base,5f8571bf7d446d0005fa8174,orto_basemap,partial,,209.6,5.16,57.83,0.744,785,0.849,0.8397,global,разметка подтверждена,2039952,g0224,1,,c0121,train,approx,8.000,0.30,,photo
base_pair_5f8571bfcf9e_00003_inside.npz,base,5f8571bf7d446d0005fa8174,orto_basemap,inside,,232.4,8.53,22.45,0.825,1064,1.0,0.9958,global,разметка подтверждена,2007393,g0224,1,,c0121,train,approx,8.000,0.30,,photo
base_pair_5f8571bfcf9e_00004_partial.npz,base,5f8571bf7d446d0005fa8174,orto_basemap,partial,,273.4,1.91,68.98,0.97,1370,0.8469,0.8522,global,разметка подтверждена,2159416,g0224,1,,c0121,train,approx,8.000,0.30,,photo
base_pair_5f8571bfcf9e_00005_inside.npz,base,5f8571bf7d446d0005fa8174,orto_basemap,inside,,265.0,2.15,300.8,0.94,1150,1.0,0.9971,global,разметка подтверждена,1893621,g0224,1,,c0121,train,approx,8.000,0.30,,photo
base_pair_5f8571bfcf9e_00007_inside.npz,base,5f8571bf7d446d0005fa8174,orto_basemap,inside,,175.7,1.06,94.5,0.624,847,1.0,0.9999,field,разметка подтверждена,1535418,g0224,1,,c0121,train,registered,2.930,1.00,,photo
base_pair_5f8571bfcf9e_00008_partial.npz,base,5f8571bf7d446d0005fa8174,orto_basemap,partial,,243.0,2.43,70.67,0.862,1842,0.8047,0.8066,global,разметка подтверждена,2079383,g0224,1,,c0121,train,approx,8.000,0.30,,photo
base_pair_5f8571bfcf9e_00009_inside.npz,base,5f8571bf7d446d0005fa8174,orto_basemap,inside,,227.6,5.87,239.39,0.808,1317,1.0,0.9993,global,разметка подтверждена,1738818,g0224,1,,c0121,train,approx,8.000,0.30,,photo
base_pair_5f8571bfcf9e_00010_inside.npz,base,5f8571bf7d446d0005fa8174,orto_basemap,inside,,214.1,7.75,207.61,0.76,1098,1.0,0.9991,field,разметка подтверждена,2290946,g0224,1,,c0121,train,registered,2.930,1.00,,photo
base_pair_5f8571bfcf9e_00011_inside.npz,base,5f8571bf7d446d0005fa8174,orto_basemap,inside,,191.6,2.95,182.18,0.68,1261,1.0,0.9993,field,разметка подтверждена,2085278,g0224,1,,c0121,train,registered,2.930,1.00,,photo
base_pair_5ec5c4186722_00000_inside.npz,base,5ec5c418e3882d00079e72bb,orto_basemap,inside,,193.0,4.23,341.51,0.993,1469,1.0,0.9993,global,разметка подтверждена,2223364,g0170,1,,c0000,train,approx,8.000,0.30,,photo
base_pair_5ec5c4186722_00001_partial.npz,base,5ec5c418e3882d00079e72bb,orto_basemap,partial,,231.7,2.03,48.26,1.113,847,0.6782,0.6886,global,разметка подтверждена,1546878,g0170,1,,c0000,train,approx,8.000,0.30,,photo
base_pair_5ec5c4186722_00002_partial.npz,base,5ec5c418e3882d00079e72bb,orto_basemap,partial,,209.6,5.16,57.83,1.068,1127,0.8492,0.8421,global,разметка подтверждена,2342303,g0170,1,,c0000,train,approx,8.000,0.30,,photo
base_pair_5ec5c4186722_00003_inside.npz,base,5ec5c418e3882d00079e72bb,orto_basemap,inside,,232.4,8.53,22.45,0.941,1214,1.0,0.9911,global,разметка подтверждена,2410959,g0170,1,,c0000,train,approx,8.000,0.30,,photo
base_pair_5ec5c4186722_00004_partial.npz,base,5ec5c418e3882d00079e72bb,orto_basemap,partial,,273.4,1.91,68.98,1.149,1623,0.847,0.853,cell_refine,разметка подтверждена,2619297,g0170,1,,c0000,train,registered,10.760,1.00,,photo
base_pair_5ec5c4186722_00005_inside.npz,base,5ec5c418e3882d00079e72bb,orto_basemap,inside,,265.0,2.15,300.8,1.132,1384,1.0,1.0,cell_refine,разметка подтверждена,2332687,g0170,1,,c0000,train,registered,10.760,1.00,,photo
base_pair_5ec5c4186722_00007_inside.npz,base,5ec5c418e3882d00079e72bb,orto_basemap,inside,,175.7,1.06,94.5,0.983,1335,1.0,0.9999,cell_refine,разметка подтверждена,1943748,g0170,1,,c0000,train,registered,10.760,1.00,,photo
base_pair_5ec5c4186722_00008_partial.npz,base,5ec5c418e3882d00079e72bb,orto_basemap,partial,,243.0,2.43,70.67,0.876,1871,0.8047,0.8074,field,разметка подтверждена,2813387,g0170,1,,c0000,train,registered,10.760,1.00,,photo
base_pair_5ec5c4186722_00009_inside.npz,base,5ec5c418e3882d00079e72bb,orto_basemap,inside,,227.6,5.87,239.39,1.104,1801,1.0,1.0,field,разметка подтверждена,2530925,g0170,1,,c0000,train,registered,10.760,1.00,,photo
base_pair_5ec5c4186722_00010_inside.npz,base,5ec5c418e3882d00079e72bb,orto_basemap,inside,,214.1,7.75,207.61,1.116,1612,1.0,1.0,global,разметка подтверждена,3032517,g0170,1,,c0000,train,approx,8.000,0.30,,photo
base_pair_5ec5c4186722_00011_inside.npz,base,5ec5c418e3882d00079e72bb,orto_basemap,inside,,191.6,2.95,182.18,1.034,1918,1.0,1.0,global,разметка подтверждена,3060423,g0170,1,,c0000,train,approx,8.000,0.30,,photo
base_pair_5b904b901a61_00000_inside.npz,base,5b904b90c96cd00005f7cb2c,orto_basemap,inside,,193.0,4.23,341.51,0.993,1469,1.0,0.9999,global,проверено частично,1944150,g0051,1,,c0006,train,approx,8.000,0.30,,photo
base_pair_5b904b901a61_00001_partial.npz,base,5b904b90c96cd00005f7cb2c,orto_basemap,partial,,231.7,2.03,48.26,1.113,847,0.6782,0.6887,global,проверено частично,1384051,g0051,1,,c0006,train,approx,8.000,0.30,,photo
base_pair_5b904b901a61_00002_partial.npz,base,5b904b90c96cd00005f7cb2c,orto_basemap,partial,,209.6,5.16,57.83,1.068,1127,0.8492,0.8393,global,проверено частично,2165118,g0051,1,,c0006,train,approx,8.000,0.30,,photo
base_pair_5b904b901a61_00003_inside.npz,base,5b904b90c96cd00005f7cb2c,orto_basemap,inside,,232.4,8.53,22.45,0.941,1214,1.0,0.9997,global,проверено частично,2134925,g0051,1,,c0006,train,approx,8.000,0.30,,photo
base_pair_5b904b901a61_00004_partial.npz,base,5b904b90c96cd00005f7cb2c,orto_basemap,partial,,273.4,1.91,68.98,1.149,1623,0.847,0.8529,cell_refine,проверено частично,2225486,g0051,1,,c0006,train,approx,8.000,0.30,,photo
base_pair_5b904b901a61_00005_inside.npz,base,5b904b90c96cd00005f7cb2c,orto_basemap,inside,,265.0,2.15,300.8,1.132,1384,1.0,0.9997,cell_refine,проверено частично,1973423,g0051,1,,c0006,train,approx,8.000,0.30,,photo
base_pair_5b904b901a61_00007_inside.npz,base,5b904b90c96cd00005f7cb2c,orto_basemap,inside,,175.7,1.06,94.5,0.983,1335,1.0,0.9969,field,проверено частично,1795835,g0051,1,,c0006,train,approx,8.000,0.30,,photo
base_pair_5b904b901a61_00008_partial.npz,base,5b904b90c96cd00005f7cb2c,orto_basemap,partial,,243.0,2.43,70.67,0.876,1871,0.8047,0.8074,global,проверено частично,2318592,g0051,1,,c0006,train,approx,8.000,0.30,,photo
base_pair_5b904b901a61_00009_inside.npz,base,5b904b90c96cd00005f7cb2c,orto_basemap,inside,,227.6,5.87,239.39,1.104,1801,1.0,0.9998,global,проверено частично,2093734,g0051,1,,c0006,train,approx,8.000,0.30,,photo
base_pair_5b904b901a61_00010_inside.npz,base,5b904b90c96cd00005f7cb2c,orto_basemap,inside,,214.1,7.75,207.61,1.116,1612,1.0,0.9999,cell_refine,проверено частично,2520655,g0051,1,,c0006,train,approx,8.000,0.30,,photo
base_pair_5b904b901a61_00011_inside.npz,base,5b904b90c96cd00005f7cb2c,orto_basemap,inside,,191.6,2.95,182.18,1.034,1918,1.0,1.0,cell_refine,проверено частично,2440501,g0051,1,,c0006,train,approx,8.000,0.30,,photo
base_pair_60fd3697575e_00000_inside.npz,base,60fd36975a90f10006fd2fdb,orto_basemap,inside,,193.0,4.23,341.51,0.993,1469,1.0,0.9997,cell_refine,разметка подтверждена,2305796,g0302,1,,c0000,train,registered,5.440,1.00,,photo
base_pair_60fd3697575e_00001_partial.npz,base,60fd36975a90f10006fd2fdb,orto_basemap,partial,,231.7,2.03,48.26,1.113,847,0.6782,0.6886,cell_refine,разметка подтверждена,1541261,g0302,1,,c0000,train,registered,5.440,1.00,,photo
base_pair_60fd3697575e_00002_partial.npz,base,60fd36975a90f10006fd2fdb,orto_basemap,partial,,209.6,5.16,57.83,1.068,1127,0.8492,0.8394,field,разметка подтверждена,2341765,g0302,1,,c0000,train,registered,5.440,1.00,,photo
base_pair_60fd3697575e_00003_inside.npz,base,60fd36975a90f10006fd2fdb,orto_basemap,inside,,232.4,8.53,22.45,0.941,1214,1.0,0.9997,field,разметка подтверждена,2430500,g0302,1,,c0000,train,registered,5.440,1.00,,photo
base_pair_60fd3697575e_00004_partial.npz,base,60fd36975a90f10006fd2fdb,orto_basemap,partial,,273.4,1.91,68.98,1.149,1623,0.847,0.853,field,разметка подтверждена,2714286,g0302,1,,c0000,train,registered,5.440,1.00,,photo
base_pair_60fd3697575e_00005_inside.npz,base,60fd36975a90f10006fd2fdb,orto_basemap,inside,,265.0,2.15,300.8,1.132,1384,1.0,1.0,field,разметка подтверждена,2384206,g0302,1,,c0000,train,registered,5.440,1.00,,photo
base_pair_60fd3697575e_00007_inside.npz,base,60fd36975a90f10006fd2fdb,orto_basemap,inside,,175.7,1.06,94.5,0.983,1335,1.0,1.0,field,разметка подтверждена,2014469,g0302,1,,c0000,train,registered,5.440,1.00,,photo
base_pair_60fd3697575e_00008_partial.npz,base,60fd36975a90f10006fd2fdb,orto_basemap,partial,,243.0,2.43,70.67,0.876,1871,0.8047,0.8011,global,разметка подтверждена,2850004,g0302,1,,c0000,train,approx,8.000,0.30,,photo
base_pair_60fd3697575e_00009_inside.npz,base,60fd36975a90f10006fd2fdb,orto_basemap,inside,,227.6,5.87,239.39,1.104,1801,1.0,0.9998,global,разметка подтверждена,2529120,g0302,1,,c0000,train,approx,8.000,0.30,,photo
base_pair_60fd3697575e_00010_inside.npz,base,60fd36975a90f10006fd2fdb,orto_basemap,inside,,214.1,7.75,207.61,1.116,1612,1.0,0.9995,field,разметка подтверждена,3053835,g0302,1,,c0000,train,registered,5.440,1.00,,photo
base_pair_60fd3697575e_00011_inside.npz,base,60fd36975a90f10006fd2fdb,orto_basemap,inside,,191.6,2.95,182.18,1.034,1918,1.0,0.9997,field,разметка подтверждена,3035375,g0302,1,,c0000,train,registered,5.440,1.00,,photo
base_pair_5cc4f6c6a144_00000_inside.npz,base,5cc4f6c69c4e1700060da680,orto_basemap,inside,,193.0,4.23,341.51,0.993,1469,1.0,1.0,cell_refine,разметка подтверждена,2318234,g0105,1,,c0005,heldout,registered,6.800,1.00,,photo
base_pair_5cc4f6c6a144_00001_partial.npz,base,5cc4f6c69c4e1700060da680,orto_basemap,partial,,231.7,2.03,48.26,1.113,847,0.6782,0.6888,cell_refine,разметка подтверждена,1529236,g0105,1,,c0005,heldout,registered,6.800,1.00,,photo
base_pair_5cc4f6c6a144_00002_partial.npz,base,5cc4f6c69c4e1700060da680,orto_basemap,partial,,209.6,5.16,57.83,1.068,1127,0.8492,0.8424,global,разметка подтверждена,2293138,g0105,1,,c0005,heldout,approx,8.000,0.30,,photo
base_pair_5cc4f6c6a144_00003_inside.npz,base,5cc4f6c69c4e1700060da680,orto_basemap,inside,,232.4,8.53,22.45,0.941,1214,1.0,1.0,global,разметка подтверждена,2361416,g0105,1,,c0005,heldout,approx,8.000,0.30,,photo
base_pair_5cc4f6c6a144_00004_partial.npz,base,5cc4f6c69c4e1700060da680,orto_basemap,partial,,273.4,1.91,68.98,1.149,1623,0.847,0.853,field,разметка подтверждена,2688230,g0105,1,,c0005,heldout,registered,6.800,1.00,,photo
base_pair_5cc4f6c6a144_00005_inside.npz,base,5cc4f6c69c4e1700060da680,orto_basemap,inside,,265.0,2.15,300.8,1.132,1384,1.0,1.0,field,разметка подтверждена,2323486,g0105,1,,c0005,heldout,registered,6.800,1.00,,photo
base_pair_5cc4f6c6a144_00007_inside.npz,base,5cc4f6c69c4e1700060da680,orto_basemap,inside,,175.7,1.06,94.5,0.983,1335,1.0,1.0,field,разметка подтверждена,2036603,g0105,1,,c0005,heldout,registered,6.800,1.00,,photo
base_pair_5cc4f6c6a144_00008_partial.npz,base,5cc4f6c69c4e1700060da680,orto_basemap,partial,,243.0,2.43,70.67,0.876,1871,0.8047,0.8074,field,разметка подтверждена,2795678,g0105,1,,c0005,heldout,registered,6.800,1.00,,photo
base_pair_5cc4f6c6a144_00009_inside.npz,base,5cc4f6c69c4e1700060da680,orto_basemap,inside,,227.6,5.87,239.39,1.104,1801,1.0,1.0,field,разметка подтверждена,2552749,g0105,1,,c0005,heldout,registered,6.800,1.00,,photo
base_pair_5cc4f6c6a144_00010_inside.npz,base,5cc4f6c69c4e1700060da680,orto_basemap,inside,,214.1,7.75,207.61,1.116,1612,1.0,1.0,field,разметка подтверждена,2898303,g0105,1,,c0005,heldout,registered,6.800,1.00,,photo
base_pair_5cc4f6c6a144_00011_inside.npz,base,5cc4f6c69c4e1700060da680,orto_basemap,inside,,191.6,2.95,182.18,1.034,1918,1.0,1.0,field,разметка подтверждена,2942562,g0105,1,,c0005,heldout,registered,6.800,1.00,,photo
base_pair_5bd1786045dd_00000_inside.npz,base,5bd17860007b56000739580a,orto_basemap,inside,,193.0,4.23,341.51,0.993,1469,1.0,0.9998,global,разметка подтверждена,2319287,g0082,1,,c0005,heldout,approx,8.000,0.30,,photo
base_pair_5bd1786045dd_00001_partial.npz,base,5bd17860007b56000739580a,orto_basemap,partial,,231.7,2.03,48.26,1.113,847,0.6782,0.6886,global,разметка подтверждена,1542817,g0082,1,,c0005,heldout,approx,8.000,0.30,,photo
base_pair_5bd1786045dd_00002_partial.npz,base,5bd17860007b56000739580a,orto_basemap,partial,,209.6,5.16,57.83,1.068,1127,0.8492,0.8417,global,разметка подтверждена,2372672,g0082,1,,c0005,heldout,approx,8.000,0.30,,photo
base_pair_5bd1786045dd_00003_inside.npz,base,5bd17860007b56000739580a,orto_basemap,inside,,232.4,8.53,22.45,0.941,1214,1.0,0.9998,global,разметка подтверждена,2401274,g0082,1,,c0005,heldout,approx,8.000,0.30,,photo
base_pair_5bd1786045dd_00004_partial.npz,base,5bd17860007b56000739580a,orto_basemap,partial,,273.4,1.91,68.98,1.149,1623,0.847,0.8527,field,разметка подтверждена,2868344,g0082,1,,c0005,heldout,registered,5.590,1.00,,photo
base_pair_5bd1786045dd_00005_inside.npz,base,5bd17860007b56000739580a,orto_basemap,inside,,265.0,2.15,300.8,1.132,1384,1.0,0.9992,field,разметка подтверждена,2435622,g0082,1,,c0005,heldout,registered,5.590,1.00,,photo
base_pair_5bd1786045dd_00007_inside.npz,base,5bd17860007b56000739580a,orto_basemap,inside,,175.7,1.06,94.5,0.983,1335,1.0,0.9995,field,разметка подтверждена,2027266,g0082,1,,c0005,heldout,registered,5.590,1.00,,photo
base_pair_5bd1786045dd_00008_partial.npz,base,5bd17860007b56000739580a,orto_basemap,partial,,243.0,2.43,70.67,0.876,1871,0.8047,0.8074,field,разметка подтверждена,3002401,g0082,1,,c0005,heldout,registered,5.590,1.00,,photo
base_pair_5bd1786045dd_00009_inside.npz,base,5bd17860007b56000739580a,orto_basemap,inside,,227.6,5.87,239.39,1.104,1801,1.0,0.9968,field,разметка подтверждена,2698492,g0082,1,,c0005,heldout,registered,5.590,1.00,,photo
base_pair_5bd1786045dd_00010_inside.npz,base,5bd17860007b56000739580a,orto_basemap,inside,,214.1,7.75,207.61,1.116,1612,1.0,0.9979,field,разметка подтверждена,3000183,g0082,1,,c0005,heldout,registered,5.590,1.00,,photo
base_pair_5bd1786045dd_00011_inside.npz,base,5bd17860007b56000739580a,orto_basemap,inside,,191.6,2.95,182.18,1.034,1918,1.0,0.9975,field,разметка подтверждена,3108578,g0082,1,,c0005,heldout,registered,5.590,1.00,,photo
base_pair_5bc124348c14_00000_inside.npz,base,5bc12434c7e1cf0008e45e27,orto_basemap,inside,,193.0,4.23,341.51,0.993,1469,1.0,1.0,field,разметка подтверждена,2047603,g0078,1,,c0000,train,registered,5.630,1.00,,photo
base_pair_5bc124348c14_00001_partial.npz,base,5bc12434c7e1cf0008e45e27,orto_basemap,partial,,231.7,2.03,48.26,1.113,847,0.6782,0.6887,field,разметка подтверждена,1437922,g0078,1,,c0000,train,registered,5.630,1.00,,photo
base_pair_5bc124348c14_00002_partial.npz,base,5bc12434c7e1cf0008e45e27,orto_basemap,partial,,209.6,5.16,57.83,1.068,1127,0.8492,0.842,field,разметка подтверждена,2220720,g0078,1,,c0000,train,registered,5.630,1.00,,photo
base_pair_5bc124348c14_00003_inside.npz,base,5bc12434c7e1cf0008e45e27,orto_basemap,inside,,232.4,8.53,22.45,0.941,1214,1.0,0.9959,field,разметка подтверждена,2337387,g0078,1,,c0000,train,registered,5.630,1.00,,photo
base_pair_5bc124348c14_00004_partial.npz,base,5bc12434c7e1cf0008e45e27,orto_basemap,partial,,273.4,1.91,68.98,1.149,1623,0.847,0.8528,field,разметка подтверждена,2489667,g0078,1,,c0000,train,registered,5.630,1.00,,photo
base_pair_5bc124348c14_00005_inside.npz,base,5bc12434c7e1cf0008e45e27,orto_basemap,inside,,265.0,2.15,300.8,1.132,1384,1.0,1.0,field,разметка подтверждена,2171501,g0078,1,,c0000,train,registered,5.630,1.00,,photo
base_pair_5bc124348c14_00007_inside.npz,base,5bc12434c7e1cf0008e45e27,orto_basemap,inside,,175.7,1.06,94.5,0.983,1335,1.0,0.9999,field,разметка подтверждена,1867424,g0078,1,,c0000,train,registered,5.630,1.00,,photo
base_pair_5bc124348c14_00008_partial.npz,base,5bc12434c7e1cf0008e45e27,orto_basemap,partial,,243.0,2.43,70.67,0.876,1871,0.8047,0.8064,field,разметка подтверждена,2670500,g0078,1,,c0000,train,registered,5.630,1.00,,photo
base_pair_5bc124348c14_00009_inside.npz,base,5bc12434c7e1cf0008e45e27,orto_basemap,inside,,227.6,5.87,239.39,1.104,1801,1.0,0.9996,field,разметка подтверждена,2355906,g0078,1,,c0000,train,registered,5.630,1.00,,photo
base_pair_5bc124348c14_00010_inside.npz,base,5bc12434c7e1cf0008e45e27,orto_basemap,inside,,214.1,7.75,207.61,1.116,1612,1.0,0.9985,field,разметка подтверждена,3028890,g0078,1,,c0000,train,registered,5.630,1.00,,photo
base_pair_5bc124348c14_00011_inside.npz,base,5bc12434c7e1cf0008e45e27,orto_basemap,inside,,191.6,2.95,182.18,1.034,1918,1.0,0.9991,field,разметка подтверждена,3045849,g0078,1,,c0000,train,registered,5.630,1.00,,photo
base_pair_5b74101c9573_00000_inside.npz,base,5b74101c71196445b263bd7d,orto_basemap,inside,,193.0,4.23,341.51,0.993,1469,1.0,1.0,global,разметка подтверждена,2007302,g0044,1,,c0000,train,approx,8.000,0.30,,photo
base_pair_5b74101c9573_00001_partial.npz,base,5b74101c71196445b263bd7d,orto_basemap,partial,,231.7,2.03,48.26,1.113,847,0.6782,0.6888,global,разметка подтверждена,1435689,g0044,1,,c0000,train,approx,8.000,0.30,,photo
base_pair_5b74101c9573_00002_partial.npz,base,5b74101c71196445b263bd7d,orto_basemap,partial,,209.6,5.16,57.83,1.068,1127,0.8492,0.8416,global,разметка подтверждена,2247942,g0044,1,,c0000,train,approx,8.000,0.30,,photo
base_pair_5b74101c9573_00003_inside.npz,base,5b74101c71196445b263bd7d,orto_basemap,inside,,232.4,8.53,22.45,0.941,1214,1.0,0.9999,global,разметка подтверждена,2261240,g0044,1,,c0000,train,approx,8.000,0.30,,photo
base_pair_5b74101c9573_00004_partial.npz,base,5b74101c71196445b263bd7d,orto_basemap,partial,,273.4,1.91,68.98,1.149,1623,0.847,0.8388,field,разметка подтверждена,2445250,g0044,1,,c0000,train,registered,2.750,1.00,,photo
base_pair_5b74101c9573_00005_inside.npz,base,5b74101c71196445b263bd7d,orto_basemap,inside,,265.0,2.15,300.8,1.132,1384,1.0,1.0,field,разметка подтверждена,2218381,g0044,1,,c0000,train,registered,2.750,1.00,,photo
base_pair_5b74101c9573_00007_inside.npz,base,5b74101c71196445b263bd7d,orto_basemap,inside,,175.7,1.06,94.5,0.983,1335,1.0,1.0,field,разметка подтверждена,1862751,g0044,1,,c0000,train,registered,2.750,1.00,,photo
base_pair_5b74101c9573_00008_partial.npz,base,5b74101c71196445b263bd7d,orto_basemap,partial,,243.0,2.43,70.67,0.876,1871,0.8047,0.8074,field,разметка подтверждена,2527088,g0044,1,,c0000,train,registered,2.750,1.00,,photo
base_pair_5b74101c9573_00009_inside.npz,base,5b74101c71196445b263bd7d,orto_basemap,inside,,227.6,5.87,239.39,1.104,1801,1.0,1.0,field,разметка подтверждена,2377713,g0044,1,,c0000,train,registered,2.750,1.00,,photo
base_pair_5b74101c9573_00010_inside.npz,base,5b74101c71196445b263bd7d,orto_basemap,inside,,214.1,7.75,207.61,1.116,1612,1.0,0.9998,field,разметка подтверждена,2966824,g0044,1,,c0000,train,registered,2.750,1.00,,photo
base_pair_5b74101c9573_00011_inside.npz,base,5b74101c71196445b263bd7d,orto_basemap,inside,,191.6,2.95,182.18,1.034,1918,1.0,0.9997,field,разметка подтверждена,2970069,g0044,1,,c0000,train,registered,2.750,1.00,,photo
base_pair_670592ddced9_00000_inside.npz,base,670592dd327f3c00012b0f14,orto_basemap,inside,,193.0,4.23,341.51,0.993,1469,1.0,0.9952,field,разметка подтверждена,2245115,g0458,1,,c0213,train,registered,1.960,1.00,,photo
base_pair_670592ddced9_00001_partial.npz,base,670592dd327f3c00012b0f14,orto_basemap,partial,,231.7,2.03,48.26,1.113,847,0.6782,0.6861,field,разметка подтверждена,1478927,g0458,1,,c0213,train,registered,1.960,1.00,,photo
base_pair_670592ddced9_00002_partial.npz,base,670592dd327f3c00012b0f14,orto_basemap,partial,,209.6,5.16,57.83,1.068,1127,0.8492,0.8416,field,разметка подтверждена,2301831,g0458,1,,c0213,train,registered,1.960,1.00,,photo
base_pair_670592ddced9_00003_inside.npz,base,670592dd327f3c00012b0f14,orto_basemap,inside,,232.4,8.53,22.45,0.941,1214,1.0,0.9945,field,разметка подтверждена,2219662,g0458,1,,c0213,train,registered,1.960,1.00,,photo
base_pair_670592ddced9_00004_partial.npz,base,670592dd327f3c00012b0f14,orto_basemap,partial,,273.4,1.91,68.98,1.149,1623,0.847,0.8472,field,разметка подтверждена,2562072,g0458,1,,c0213,train,registered,1.960,1.00,,photo
base_pair_670592ddced9_00005_inside.npz,base,670592dd327f3c00012b0f14,orto_basemap,inside,,265.0,2.15,300.8,1.132,1384,1.0,0.9928,field,разметка подтверждена,2271633,g0458,1,,c0213,train,registered,1.960,1.00,,photo
base_pair_670592ddced9_00007_inside.npz,base,670592dd327f3c00012b0f14,orto_basemap,inside,,175.7,1.06,94.5,0.983,1335,1.0,0.9941,field,разметка подтверждена,1966698,g0458,1,,c0213,train,registered,1.960,1.00,,photo
base_pair_670592ddced9_00008_partial.npz,base,670592dd327f3c00012b0f14,orto_basemap,partial,,243.0,2.43,70.67,0.876,1871,0.8047,0.7999,field,разметка подтверждена,2721242,g0458,1,,c0213,train,registered,1.960,1.00,,photo
base_pair_670592ddced9_00009_inside.npz,base,670592dd327f3c00012b0f14,orto_basemap,inside,,227.6,5.87,239.39,1.104,1801,1.0,0.9994,field,разметка подтверждена,2768719,g0458,1,,c0213,train,registered,1.960,1.00,,photo
base_pair_670592ddced9_00010_inside.npz,base,670592dd327f3c00012b0f14,orto_basemap,inside,,214.1,7.75,207.61,1.116,1612,1.0,0.9995,field,разметка подтверждена,3055544,g0458,1,,c0213,train,registered,1.960,1.00,,photo
base_pair_670592ddced9_00011_inside.npz,base,670592dd327f3c00012b0f14,orto_basemap,inside,,191.6,2.95,182.18,1.034,1918,1.0,0.9995,field,разметка подтверждена,3168041,g0458,1,,c0213,train,registered,1.960,1.00,,photo
base_pair_66622f78c8b7_00000_inside.npz,base,66622f783ff7660001bc9708,orto_basemap,inside,,193.0,4.23,341.51,0.993,1469,1.0,0.9982,field,разметка подтверждена,2278160,g0443,1,,c0200,train,registered,1.890,1.00,,photo
base_pair_66622f78c8b7_00001_partial.npz,base,66622f783ff7660001bc9708,orto_basemap,partial,,231.7,2.03,48.26,1.113,847,0.6782,0.6849,field,разметка подтверждена,1513471,g0443,1,,c0200,train,registered,1.890,1.00,,photo
base_pair_66622f78c8b7_00002_partial.npz,base,66622f783ff7660001bc9708,orto_basemap,partial,,209.6,5.16,57.83,1.068,1127,0.8492,0.8281,field,разметка подтверждена,2344899,g0443,1,,c0200,train,registered,1.890,1.00,,photo
base_pair_66622f78c8b7_00003_inside.npz,base,66622f783ff7660001bc9708,orto_basemap,inside,,232.4,8.53,22.45,0.941,1214,1.0,0.9937,field,разметка подтверждена,2206776,g0443,1,,c0200,train,registered,1.890,1.00,,photo
base_pair_66622f78c8b7_00004_partial.npz,base,66622f783ff7660001bc9708,orto_basemap,partial,,273.4,1.91,68.98,1.149,1623,0.847,0.8529,field,разметка подтверждена,2379240,g0443,1,,c0200,train,registered,1.890,1.00,,photo
base_pair_66622f78c8b7_00005_inside.npz,base,66622f783ff7660001bc9708,orto_basemap,inside,,265.0,2.15,300.8,1.132,1384,1.0,0.9962,field,разметка подтверждена,2127002,g0443,1,,c0200,train,registered,1.890,1.00,,photo
base_pair_66622f78c8b7_00007_inside.npz,base,66622f783ff7660001bc9708,orto_basemap,inside,,175.7,1.06,94.5,0.983,1335,1.0,0.9942,field,разметка подтверждена,1859350,g0443,1,,c0200,train,registered,1.890,1.00,,photo
base_pair_66622f78c8b7_00008_partial.npz,base,66622f783ff7660001bc9708,orto_basemap,partial,,243.0,2.43,70.67,0.876,1871,0.8047,0.8072,field,разметка подтверждена,2281304,g0443,1,,c0200,train,registered,1.890,1.00,,photo
base_pair_66622f78c8b7_00009_inside.npz,base,66622f783ff7660001bc9708,orto_basemap,inside,,227.6,5.87,239.39,1.104,1801,1.0,0.9986,field,разметка подтверждена,2445082,g0443,1,,c0200,train,registered,1.890,1.00,,photo
base_pair_5ba52d4d25f9_00000_inside.npz,base,5ba52d4de28fc60007fe40e5,orto_basemap,inside,,193.0,4.23,341.51,0.993,1469,1.0,0.9999,global,разметка подтверждена,2060455,g0067,1,,c0000,train,approx,8.000,0.30,,photo
base_pair_5ba52d4d25f9_00001_partial.npz,base,5ba52d4de28fc60007fe40e5,orto_basemap,partial,,231.7,2.03,48.26,1.113,847,0.6782,0.6887,global,разметка подтверждена,1384497,g0067,1,,c0000,train,approx,8.000,0.30,,photo
base_pair_5ba52d4d25f9_00002_partial.npz,base,5ba52d4de28fc60007fe40e5,orto_basemap,partial,,209.6,5.16,57.83,1.068,1127,0.8492,0.8412,global,разметка подтверждена,2243503,g0067,1,,c0000,train,approx,8.000,0.30,,photo
base_pair_5ba52d4d25f9_00003_inside.npz,base,5ba52d4de28fc60007fe40e5,orto_basemap,inside,,232.4,8.53,22.45,0.941,1214,1.0,1.0,global,разметка подтверждена,2315389,g0067,1,,c0000,train,approx,8.000,0.30,,photo
base_pair_5ba52d4d25f9_00004_partial.npz,base,5ba52d4de28fc60007fe40e5,orto_basemap,partial,,273.4,1.91,68.98,1.149,1623,0.847,0.853,field,разметка подтверждена,2651790,g0067,1,,c0000,train,registered,3.630,1.00,,photo
base_pair_5ba52d4d25f9_00005_inside.npz,base,5ba52d4de28fc60007fe40e5,orto_basemap,inside,,265.0,2.15,300.8,1.132,1384,1.0,0.9995,field,разметка подтверждена,2275056,g0067,1,,c0000,train,registered,3.630,1.00,,photo
base_pair_5ba52d4d25f9_00007_inside.npz,base,5ba52d4de28fc60007fe40e5,orto_basemap,inside,,175.7,1.06,94.5,0.983,1335,1.0,0.9939,field,разметка подтверждена,1920133,g0067,1,,c0000,train,registered,3.630,1.00,,photo
base_pair_5ba52d4d25f9_00008_partial.npz,base,5ba52d4de28fc60007fe40e5,orto_basemap,partial,,243.0,2.43,70.67,0.876,1871,0.8047,0.8068,field,разметка подтверждена,2785620,g0067,1,,c0000,train,registered,3.630,1.00,,photo
base_pair_5ba52d4d25f9_00009_inside.npz,base,5ba52d4de28fc60007fe40e5,orto_basemap,inside,,227.6,5.87,239.39,1.104,1801,1.0,1.0,field,разметка подтверждена,2516169,g0067,1,,c0000,train,registered,3.630,1.00,,photo
base_pair_5ba52d4d25f9_00010_inside.npz,base,5ba52d4de28fc60007fe40e5,orto_basemap,inside,,214.1,7.75,207.61,1.116,1612,1.0,0.9999,field,разметка подтверждена,2909628,g0067,1,,c0000,train,registered,3.630,1.00,,photo
base_pair_5ba52d4d25f9_00011_inside.npz,base,5ba52d4de28fc60007fe40e5,orto_basemap,inside,,191.6,2.95,182.18,1.034,1918,1.0,1.0,field,разметка подтверждена,3000288,g0067,1,,c0000,train,registered,3.630,1.00,,photo
base_pair_5ec3c7775d66_00000_inside.npz,base,5ec3c777aff5010005865c4c,orto_basemap,inside,,193.0,4.23,341.51,0.993,1469,1.0,0.9997,field,разметка подтверждена,2135458,g0167,1,,c0000,train,registered,7.920,1.00,,photo
base_pair_5ec3c7775d66_00001_partial.npz,base,5ec3c777aff5010005865c4c,orto_basemap,partial,,231.7,2.03,48.26,1.113,847,0.6782,0.6886,field,разметка подтверждена,1500144,g0167,1,,c0000,train,registered,7.920,1.00,,photo
base_pair_5ec3c7775d66_00002_partial.npz,base,5ec3c777aff5010005865c4c,orto_basemap,partial,,209.6,5.16,57.83,1.068,1127,0.8492,0.8416,field,разметка подтверждена,2316571,g0167,1,,c0000,train,registered,7.920,1.00,,photo
base_pair_5ec3c7775d66_00003_inside.npz,base,5ec3c777aff5010005865c4c,orto_basemap,inside,,232.4,8.53,22.45,0.941,1214,1.0,0.9993,field,разметка подтверждена,2379030,g0167,1,,c0000,train,registered,7.920,1.00,,photo
base_pair_5ec3c7775d66_00004_partial.npz,base,5ec3c777aff5010005865c4c,orto_basemap,partial,,273.4,1.91,68.98,1.149,1623,0.847,0.8524,field,разметка подтверждена,2607732,g0167,1,,c0000,train,registered,7.920,1.00,,photo
base_pair_5ec3c7775d66_00005_inside.npz,base,5ec3c777aff5010005865c4c,orto_basemap,inside,,265.0,2.15,300.8,1.132,1384,1.0,0.9996,field,разметка подтверждена,2319798,g0167,1,,c0000,train,registered,7.920,1.00,,photo
base_pair_5ec3c7775d66_00007_inside.npz,base,5ec3c777aff5010005865c4c,orto_basemap,inside,,175.7,1.06,94.5,0.983,1335,1.0,1.0,field,разметка подтверждена,1874201,g0167,1,,c0000,train,registered,7.920,1.00,,photo
base_pair_5ec3c7775d66_00008_partial.npz,base,5ec3c777aff5010005865c4c,orto_basemap,partial,,243.0,2.43,70.67,0.876,1871,0.8047,0.8072,field,разметка подтверждена,2712821,g0167,1,,c0000,train,registered,7.920,1.00,,photo
base_pair_5ec3c7775d66_00009_inside.npz,base,5ec3c777aff5010005865c4c,orto_basemap,inside,,227.6,5.87,239.39,1.104,1801,1.0,0.9997,field,разметка подтверждена,2415070,g0167,1,,c0000,train,registered,7.920,1.00,,photo
base_pair_5ec3c7775d66_00010_inside.npz,base,5ec3c777aff5010005865c4c,orto_basemap,inside,,214.1,7.75,207.61,1.116,1612,1.0,0.9996,field,разметка подтверждена,2854857,g0167,1,,c0000,train,registered,7.920,1.00,,photo
base_pair_5ec3c7775d66_00011_inside.npz,base,5ec3c777aff5010005865c4c,orto_basemap,inside,,191.6,2.95,182.18,1.034,1918,1.0,0.9995,field,разметка подтверждена,2890876,g0167,1,,c0000,train,registered,7.920,1.00,,photo
base_pair_602396b2f29e_00000_inside.npz,base,602396b25415b40006e6fe5a,orto_basemap,inside,,193.0,4.23,341.51,0.993,1469,1.0,0.9767,global,разметка подтверждена,2471282,g0254,1,,c0001,train,approx,8.000,0.30,,photo
base_pair_602396b2f29e_00001_partial.npz,base,602396b25415b40006e6fe5a,orto_basemap,partial,,231.7,2.03,48.26,1.113,847,0.6782,0.6766,global,разметка подтверждена,1504553,g0254,1,,c0001,train,approx,8.000,0.30,,photo
base_pair_602396b2f29e_00002_partial.npz,base,602396b25415b40006e6fe5a,orto_basemap,partial,,209.6,5.16,57.83,1.068,1127,0.8492,0.8401,field,разметка подтверждена,2331929,g0254,1,,c0001,train,registered,3.020,1.00,,photo
base_pair_602396b2f29e_00003_inside.npz,base,602396b25415b40006e6fe5a,orto_basemap,inside,,232.4,8.53,22.45,0.941,1214,1.0,0.9994,field,разметка подтверждена,2308890,g0254,1,,c0001,train,registered,3.020,1.00,,photo
base_pair_602396b2f29e_00004_partial.npz,base,602396b25415b40006e6fe5a,orto_basemap,partial,,273.4,1.91,68.98,1.149,1623,0.847,0.8382,field,разметка подтверждена,2629773,g0254,1,,c0001,train,registered,3.020,1.00,,photo
base_pair_602396b2f29e_00005_inside.npz,base,602396b25415b40006e6fe5a,orto_basemap,inside,,265.0,2.15,300.8,1.132,1384,1.0,0.9823,field,разметка подтверждена,2230318,g0254,1,,c0001,train,registered,3.020,1.00,,photo
base_pair_602396b2f29e_00007_inside.npz,base,602396b25415b40006e6fe5a,orto_basemap,inside,,175.7,1.06,94.5,0.983,1335,1.0,0.9582,cell_refine,разметка подтверждена,2044519,g0254,1,,c0001,train,registered,3.020,1.00,,photo
base_pair_5b9aed8bf890_00000_inside.npz,base,5b9aed8be4a40e0007176faf,orto_basemap,inside,,193.0,4.23,341.51,0.993,1469,1.0,0.9995,field,разметка подтверждена,2332249,g0062,1,,c0000,train,registered,3.810,1.00,,photo
base_pair_5b9aed8bf890_00001_partial.npz,base,5b9aed8be4a40e0007176faf,orto_basemap,partial,,231.7,2.03,48.26,1.113,847,0.6782,0.6888,field,разметка подтверждена,1570277,g0062,1,,c0000,train,registered,3.810,1.00,,photo
base_pair_5b9aed8bf890_00002_partial.npz,base,5b9aed8be4a40e0007176faf,orto_basemap,partial,,209.6,5.16,57.83,1.068,1127,0.8492,0.842,field,разметка подтверждена,2279969,g0062,1,,c0000,train,registered,3.810,1.00,,photo
base_pair_5b9aed8bf890_00003_inside.npz,base,5b9aed8be4a40e0007176faf,orto_basemap,inside,,232.4,8.53,22.45,0.941,1214,1.0,0.9997,field,разметка подтверждена,2313095,g0062,1,,c0000,train,registered,3.810,1.00,,photo
base_pair_5b9aed8bf890_00004_partial.npz,base,5b9aed8be4a40e0007176faf,orto_basemap,partial,,273.4,1.91,68.98,1.149,1623,0.847,0.8509,field,разметка подтверждена,2774373,g0062,1,,c0000,train,registered,3.810,1.00,,photo
base_pair_5b9aed8bf890_00005_inside.npz,base,5b9aed8be4a40e0007176faf,orto_basemap,inside,,265.0,2.15,300.8,1.132,1384,1.0,0.9978,field,разметка подтверждена,2377091,g0062,1,,c0000,train,registered,3.810,1.00,,photo
base_pair_5b9aed8bf890_00007_inside.npz,base,5b9aed8be4a40e0007176faf,orto_basemap,inside,,175.7,1.06,94.5,0.983,1335,1.0,0.9997,field,разметка подтверждена,2004190,g0062,1,,c0000,train,registered,3.810,1.00,,photo
base_pair_5b9aed8bf890_00008_partial.npz,base,5b9aed8be4a40e0007176faf,orto_basemap,partial,,243.0,2.43,70.67,0.876,1871,0.8047,0.8074,field,разметка подтверждена,2824679,g0062,1,,c0000,train,registered,3.810,1.00,,photo
base_pair_5b9aed8bf890_00009_inside.npz,base,5b9aed8be4a40e0007176faf,orto_basemap,inside,,227.6,5.87,239.39,1.104,1801,1.0,0.9997,field,разметка подтверждена,2577667,g0062,1,,c0000,train,registered,3.810,1.00,,photo
base_pair_5b5bb4eb8791_00000_inside.npz,base,5b5bb4eb09f9ef9c53bb99f2,orto_basemap,inside,,193.0,4.23,341.51,0.993,1469,1.0,0.9941,field,разметка подтверждена,2198717,g0040,1,,c0000,train,registered,4.820,1.00,,photo
base_pair_5b5bb4eb8791_00001_partial.npz,base,5b5bb4eb09f9ef9c53bb99f2,orto_basemap,partial,,231.7,2.03,48.26,1.113,847,0.6782,0.6826,field,разметка подтверждена,1556887,g0040,1,,c0000,train,registered,4.820,1.00,,photo
base_pair_5b5bb4eb8791_00002_partial.npz,base,5b5bb4eb09f9ef9c53bb99f2,orto_basemap,partial,,209.6,5.16,57.83,1.068,1127,0.8492,0.8421,field,разметка подтверждена,2388530,g0040,1,,c0000,train,registered,4.820,1.00,,photo
base_pair_5b5bb4eb8791_00003_inside.npz,base,5b5bb4eb09f9ef9c53bb99f2,orto_basemap,inside,,232.4,8.53,22.45,0.941,1214,1.0,0.9997,field,разметка подтверждена,2467919,g0040,1,,c0000,train,registered,4.820,1.00,,photo
base_pair_5b5bb4eb8791_00004_partial.npz,base,5b5bb4eb09f9ef9c53bb99f2,orto_basemap,partial,,273.4,1.91,68.98,1.149,1623,0.847,0.8523,global,разметка подтверждена,2706980,g0040,1,,c0000,train,approx,8.000,0.30,,photo
base_pair_5b5bb4eb8791_00005_inside.npz,base,5b5bb4eb09f9ef9c53bb99f2,orto_basemap,inside,,265.0,2.15,300.8,1.132,1384,1.0,0.9998,global,разметка подтверждена,2362876,g0040,1,,c0000,train,approx,8.000,0.30,,photo
base_pair_5b5bb4eb8791_00007_inside.npz,base,5b5bb4eb09f9ef9c53bb99f2,orto_basemap,inside,,175.7,1.06,94.5,0.983,1335,1.0,0.9994,global,разметка подтверждена,1970038,g0040,1,,c0000,train,approx,8.000,0.30,,photo
base_pair_66cf4fa8e9c7_00000_inside.npz,base,66cf4fa811a1ae0001f7afbe,orto_basemap,inside,,193.0,4.23,341.51,0.993,1469,1.0,0.9997,field,разметка подтверждена,2070752,g0449,1,,c0205,train,registered,1.720,1.00,,photo
base_pair_66cf4fa8e9c7_00001_partial.npz,base,66cf4fa811a1ae0001f7afbe,orto_basemap,partial,,231.7,2.03,48.26,1.113,847,0.6782,0.6888,field,разметка подтверждена,1436307,g0449,1,,c0205,train,registered,1.720,1.00,,photo
base_pair_66cf4fa8e9c7_00002_partial.npz,base,66cf4fa811a1ae0001f7afbe,orto_basemap,partial,,209.6,5.16,57.83,1.068,1127,0.8492,0.8424,field,разметка подтверждена,2262959,g0449,1,,c0205,train,registered,1.720,1.00,,photo
base_pair_66cf4fa8e9c7_00003_inside.npz,base,66cf4fa811a1ae0001f7afbe,orto_basemap,inside,,232.4,8.53,22.45,0.941,1214,1.0,1.0,field,разметка подтверждена,2120138,g0449,1,,c0205,train,registered,1.720,1.00,,photo
base_pair_66cf4fa8e9c7_00004_partial.npz,base,66cf4fa811a1ae0001f7afbe,orto_basemap,partial,,273.4,1.91,68.98,1.149,1623,0.847,0.853,field,разметка подтверждена,2216233,g0449,1,,c0205,train,registered,1.720,1.00,,photo
base_pair_66cf4fa8e9c7_00005_inside.npz,base,66cf4fa811a1ae0001f7afbe,orto_basemap,inside,,265.0,2.15,300.8,1.132,1384,1.0,1.0,field,разметка подтверждена,2002312,g0449,1,,c0205,train,registered,1.720,1.00,,photo
base_pair_66cf4fa8e9c7_00007_inside.npz,base,66cf4fa811a1ae0001f7afbe,orto_basemap,inside,,175.7,1.06,94.5,0.983,1335,1.0,0.9996,field,разметка подтверждена,1934903,g0449,1,,c0205,train,registered,1.720,1.00,,photo
base_pair_62ba0681b28e_00000_inside.npz,base,62ba0681daddb8000523e95d,orto_basemap,inside,,193.0,4.23,341.51,0.759,1123,1.0,0.9953,field,разметка подтверждена,1905771,g0344,1,,c0011,train,registered,1.800,1.00,,photo
base_pair_62ba0681b28e_00001_partial.npz,base,62ba0681daddb8000523e95d,orto_basemap,partial,,231.7,2.03,48.26,0.912,768,0.7188,0.7281,field,разметка подтверждена,1493635,g0344,1,,c0011,train,registered,1.800,1.00,,photo
base_pair_62ba0681b28e_00002_partial.npz,base,62ba0681daddb8000523e95d,orto_basemap,partial,,209.6,5.16,57.83,0.825,870,0.849,0.8411,field,разметка подтверждена,2195188,g0344,1,,c0011,train,registered,1.800,1.00,,photo
base_pair_62ba0681b28e_00003_inside.npz,base,62ba0681daddb8000523e95d,orto_basemap,inside,,232.4,8.53,22.45,0.914,1180,1.0,0.9989,field,разметка подтверждена,2270346,g0344,1,,c0011,train,registered,1.800,1.00,,photo
base_pair_62ba0681b28e_00004_partial.npz,base,62ba0681daddb8000523e95d,orto_basemap,partial,,273.4,1.91,68.98,1.076,1519,0.847,0.8517,field,разметка подтверждена,2451600,g0344,1,,c0011,train,registered,1.800,1.00,,photo
base_pair_62ba0681b28e_00005_inside.npz,base,62ba0681daddb8000523e95d,orto_basemap,inside,,265.0,2.15,300.8,1.043,1275,1.0,0.9989,field,разметка подтверждена,2166989,g0344,1,,c0011,train,registered,1.800,1.00,,photo
base_pair_62ba0681b28e_00007_inside.npz,base,62ba0681daddb8000523e95d,orto_basemap,inside,,175.7,1.06,94.5,0.691,939,1.0,0.9985,field,разметка подтверждена,1668559,g0344,1,,c0011,train,registered,1.800,1.00,,photo
base_pair_5c040c0a9fa2_00000_inside.npz,base,5c040c0aba373f00057c8191,orto_basemap,inside,,193.0,4.23,341.51,0.993,1469,1.0,0.9985,field,разметка подтверждена,2160975,g0090,1,,c0005,heldout,registered,3.650,1.00,,photo
base_pair_5c040c0a9fa2_00001_partial.npz,base,5c040c0aba373f00057c8191,orto_basemap,partial,,231.7,2.03,48.26,1.113,847,0.6782,0.6876,field,разметка подтверждена,1490380,g0090,1,,c0005,heldout,registered,3.650,1.00,,photo
base_pair_5c040c0a9fa2_00002_partial.npz,base,5c040c0aba373f00057c8191,orto_basemap,partial,,209.6,5.16,57.83,1.068,1127,0.8492,0.8406,field,разметка подтверждена,2298433,g0090,1,,c0005,heldout,registered,3.650,1.00,,photo
base_pair_5c040c0a9fa2_00003_inside.npz,base,5c040c0aba373f00057c8191,orto_basemap,inside,,232.4,8.53,22.45,0.941,1214,1.0,0.9999,field,разметка подтверждена,2332834,g0090,1,,c0005,heldout,registered,3.650,1.00,,photo
base_pair_5c040c0a9fa2_00004_partial.npz,base,5c040c0aba373f00057c8191,orto_basemap,partial,,273.4,1.91,68.98,1.149,1623,0.847,0.8526,field,разметка подтверждена,2594996,g0090,1,,c0005,heldout,registered,3.650,1.00,,photo
base_pair_5c040c0a9fa2_00005_inside.npz,base,5c040c0aba373f00057c8191,orto_basemap,inside,,265.0,2.15,300.8,1.132,1384,1.0,0.9993,field,разметка подтверждена,2235762,g0090,1,,c0005,heldout,registered,3.650,1.00,,photo
base_pair_5c040c0a9fa2_00007_inside.npz,base,5c040c0aba373f00057c8191,orto_basemap,inside,,175.7,1.06,94.5,0.983,1335,1.0,0.984,field,разметка подтверждена,1929075,g0090,1,,c0005,heldout,registered,3.650,1.00,,photo
base_pair_5c040c0a9fa2_00008_partial.npz,base,5c040c0aba373f00057c8191,orto_basemap,partial,,243.0,2.43,70.67,0.876,1871,0.8047,0.8034,cell_refine,разметка подтверждена,2760289,g0090,1,,c0005,heldout,registered,3.650,1.00,,photo
base_pair_5c040c0a9fa2_00009_inside.npz,base,5c040c0aba373f00057c8191,orto_basemap,inside,,227.6,5.87,239.39,1.104,1801,1.0,0.9999,cell_refine,разметка подтверждена,2443636,g0090,1,,c0005,heldout,registered,3.650,1.00,,photo
base_pair_68cb46b11c58_00000_inside.npz,base,68cb46b1800626fc89d7ebb2,orto_basemap,inside,,193.0,4.23,341.51,0.693,1025,1.0,0.9997,field,разметка подтверждена,1770292,g0510,1,,c0002,heldout,registered,3.290,1.00,,photo
base_pair_68cb46b11c58_00001_partial.npz,base,68cb46b1800626fc89d7ebb2,orto_basemap,partial,,231.7,2.03,48.26,0.832,768,0.7425,0.7524,field,разметка подтверждена,1456225,g0510,1,,c0002,heldout,registered,3.290,1.00,,photo
base_pair_68cb46b11c58_00002_partial.npz,base,68cb46b1800626fc89d7ebb2,orto_basemap,partial,,209.6,5.16,57.83,0.753,794,0.8488,0.842,field,разметка подтверждена,1994293,g0510,1,,c0002,heldout,registered,3.290,1.00,,photo
base_pair_68cb46b11c58_00003_inside.npz,base,68cb46b1800626fc89d7ebb2,orto_basemap,inside,,232.4,8.53,22.45,0.835,1077,1.0,0.9999,field,разметка подтверждена,2032868,g0510,1,,c0002,heldout,registered,3.290,1.00,,photo
base_pair_68cb46b11c58_00004_partial.npz,base,68cb46b1800626fc89d7ebb2,orto_basemap,partial,,273.4,1.91,68.98,0.982,1386,0.8468,0.8525,field,разметка подтверждена,2234758,g0510,1,,c0002,heldout,registered,3.290,1.00,,photo
base_pair_68cb46b11c58_00005_inside.npz,base,68cb46b1800626fc89d7ebb2,orto_basemap,inside,,265.0,2.15,300.8,0.952,1164,1.0,0.9995,field,разметка подтверждена,2010221,g0510,1,,c0002,heldout,registered,3.290,1.00,,photo
base_pair_68cb46b11c58_00007_inside.npz,base,68cb46b1800626fc89d7ebb2,orto_basemap,inside,,175.7,1.06,94.5,0.631,857,1.0,0.9938,field,разметка подтверждена,1562964,g0510,1,,c0002,heldout,registered,3.290,1.00,,photo
base_pair_68cb46b11c58_00008_partial.npz,base,68cb46b1800626fc89d7ebb2,orto_basemap,partial,,243.0,2.43,70.67,0.872,1864,0.8047,0.8031,field,разметка подтверждена,2220523,g0510,1,,c0002,heldout,registered,3.290,1.00,,photo
base_pair_68cb46b11c58_00009_inside.npz,base,68cb46b1800626fc89d7ebb2,orto_basemap,inside,,227.6,5.87,239.39,0.817,1333,1.0,0.9953,field,разметка подтверждена,1776517,g0510,1,,c0002,heldout,registered,3.290,1.00,,photo
base_pair_5fb4faae61bb_00000_inside.npz,base,5fb4faaed89ab70006abc9ff,orto_basemap,inside,,193.0,4.23,341.51,0.759,1123,1.0,1.0,field,разметка подтверждена,1788851,g0233,1,,c0011,train,registered,5.690,1.00,,photo
base_pair_5fb4faae61bb_00001_partial.npz,base,5fb4faaed89ab70006abc9ff,orto_basemap,partial,,231.7,2.03,48.26,0.911,768,0.7188,0.7293,field,разметка подтверждена,1434073,g0233,1,,c0011,train,registered,5.690,1.00,,photo
base_pair_5fb4faae61bb_00002_partial.npz,base,5fb4faaed89ab70006abc9ff,orto_basemap,partial,,209.6,5.16,57.83,0.825,870,0.849,0.8422,field,разметка подтверждена,2145415,g0233,1,,c0011,train,registered,5.690,1.00,,photo
base_pair_5fb4faae61bb_00003_inside.npz,base,5fb4faaed89ab70006abc9ff,orto_basemap,inside,,232.4,8.53,22.45,0.914,1179,1.0,1.0,field,разметка подтверждена,2239627,g0233,1,,c0011,train,registered,5.690,1.00,,photo
base_pair_5b4fd1b8a780_00000_inside.npz,base,5b4fd1b84bda9e836eedbd8a(1),orto_basemap,inside,,193.0,4.23,341.51,0.993,1469,1.0,0.9996,field,разметка подтверждена,2209975,g0002,2,copy,c0000,train,registered,7.600,1.00,,photo
base_pair_5b4fd1b8a780_00001_partial.npz,base,5b4fd1b84bda9e836eedbd8a(1),orto_basemap,partial,,231.7,2.03,48.26,1.113,847,0.6782,0.6882,field,разметка подтверждена,1532425,g0002,2,copy,c0000,train,registered,7.600,1.00,,photo
base_pair_5b4fd1b8a780_00002_partial.npz,base,5b4fd1b84bda9e836eedbd8a(1),orto_basemap,partial,,209.6,5.16,57.83,1.068,1127,0.8492,0.8418,field,разметка подтверждена,2287531,g0002,2,copy,c0000,train,registered,7.600,1.00,,photo
base_pair_5b4fd1b8a780_00003_inside.npz,base,5b4fd1b84bda9e836eedbd8a(1),orto_basemap,inside,,232.4,8.53,22.45,0.941,1214,1.0,1.0,field,разметка подтверждена,2318566,g0002,2,copy,c0000,train,registered,7.600,1.00,,photo
base_pair_5b4fd1b8a780_00004_partial.npz,base,5b4fd1b84bda9e836eedbd8a(1),orto_basemap,partial,,273.4,1.91,68.98,1.149,1623,0.847,0.853,field,разметка подтверждена,2647872,g0002,2,copy,c0000,train,registered,7.600,1.00,,photo
base_pair_5b4fd1b8a780_00005_inside.npz,base,5b4fd1b84bda9e836eedbd8a(1),orto_basemap,inside,,265.0,2.15,300.8,1.132,1384,1.0,1.0,field,разметка подтверждена,2297731,g0002,2,copy,c0000,train,registered,7.600,1.00,,photo
base_pair_5b4fd1b8a780_00007_inside.npz,base,5b4fd1b84bda9e836eedbd8a(1),orto_basemap,inside,,175.7,1.06,94.5,0.983,1335,1.0,0.9947,field,разметка подтверждена,1878637,g0002,2,copy,c0000,train,registered,7.600,1.00,,photo
base_pair_68cdeff1b552_00000_inside.npz,base,68cdeff14b37dca55fe36fa8,orto_basemap,inside,,193.0,4.23,341.51,0.693,1025,1.0,1.0,field,разметка подтверждена,1729093,g0513,1,,c0002,heldout,registered,3.460,1.00,,photo
base_pair_68cdeff1b552_00001_partial.npz,base,68cdeff14b37dca55fe36fa8,orto_basemap,partial,,231.7,2.03,48.26,0.832,768,0.7424,0.7525,field,разметка подтверждена,1408931,g0513,1,,c0002,heldout,registered,3.460,1.00,,photo
base_pair_68cdeff1b552_00002_partial.npz,base,68cdeff14b37dca55fe36fa8,orto_basemap,partial,,209.6,5.16,57.83,0.753,794,0.8487,0.8419,field,разметка подтверждена,2023298,g0513,1,,c0002,heldout,registered,3.460,1.00,,photo
base_pair_68cdeff1b552_00003_inside.npz,base,68cdeff14b37dca55fe36fa8,orto_basemap,inside,,232.4,8.53,22.45,0.835,1077,1.0,0.9997,field,разметка подтверждена,2033779,g0513,1,,c0002,heldout,registered,3.460,1.00,,photo
base_pair_68cdeff1b552_00004_partial.npz,base,68cdeff14b37dca55fe36fa8,orto_basemap,partial,,273.4,1.91,68.98,0.982,1387,0.847,0.8493,field,разметка подтверждена,2204123,g0513,1,,c0002,heldout,registered,3.460,1.00,,photo
base_pair_68cdeff1b552_00005_inside.npz,base,68cdeff14b37dca55fe36fa8,orto_basemap,inside,,265.0,2.15,300.8,0.952,1164,1.0,0.9992,field,разметка подтверждена,2002201,g0513,1,,c0002,heldout,registered,3.460,1.00,,photo
base_pair_62b72be9eb70_00000_inside.npz,base,62b72be9daddb8000523e92c,orto_basemap,inside,,193.0,4.23,341.51,0.759,1123,1.0,0.9997,field,разметка подтверждена,1805277,g0342,1,,c0011,train,registered,2.060,1.00,,photo
base_pair_62b72be9eb70_00001_partial.npz,base,62b72be9daddb8000523e92c,orto_basemap,partial,,231.7,2.03,48.26,0.911,768,0.7189,0.728,field,разметка подтверждена,1426587,g0342,1,,c0011,train,registered,2.060,1.00,,photo
base_pair_62b72be9eb70_00002_partial.npz,base,62b72be9daddb8000523e92c,orto_basemap,partial,,209.6,5.16,57.83,0.824,870,0.8491,0.8422,field,разметка подтверждена,2135708,g0342,1,,c0011,train,registered,2.060,1.00,,photo
base_pair_62b72be9eb70_00003_inside.npz,base,62b72be9daddb8000523e92c,orto_basemap,inside,,232.4,8.53,22.45,0.914,1179,1.0,0.9997,field,разметка подтверждена,2187552,g0342,1,,c0011,train,registered,2.060,1.00,,photo
base_pair_62b72be9eb70_00004_partial.npz,base,62b72be9daddb8000523e92c,orto_basemap,partial,,273.4,1.91,68.98,1.075,1518,0.8469,0.8519,field,разметка подтверждена,2395692,g0342,1,,c0011,train,registered,2.060,1.00,,photo
base_pair_62b72be9eb70_00005_inside.npz,base,62b72be9daddb8000523e92c,orto_basemap,inside,,265.0,2.15,300.8,1.042,1275,1.0,0.9989,field,разметка подтверждена,2116162,g0342,1,,c0011,train,registered,2.060,1.00,,photo
base_pair_62b72be9eb70_00007_inside.npz,base,62b72be9daddb8000523e92c,orto_basemap,inside,,175.7,1.06,94.5,0.691,939,1.0,0.9999,field,разметка подтверждена,1608740,g0342,1,,c0011,train,registered,2.060,1.00,,photo
base_pair_5e833fe452fe_00000_inside.npz,base,5e833fe4667e5200066e42e5,orto_basemap,inside,,193.0,4.23,341.51,0.993,1469,1.0,0.9999,global,разметка подтверждена,2214265,g0151,1,,c0000,train,approx,8.000,0.30,,photo
base_pair_5e833fe452fe_00001_partial.npz,base,5e833fe4667e5200066e42e5,orto_basemap,partial,,231.7,2.03,48.26,1.113,847,0.6782,0.6888,global,разметка подтверждена,1494563,g0151,1,,c0000,train,approx,8.000,0.30,,photo
base_pair_5e833fe452fe_00002_partial.npz,base,5e833fe4667e5200066e42e5,orto_basemap,partial,,209.6,5.16,57.83,1.068,1127,0.8492,0.8422,field,разметка подтверждена,2321939,g0151,1,,c0000,train,registered,4.080,1.00,,photo
base_pair_5e833fe452fe_00003_inside.npz,base,5e833fe4667e5200066e42e5,orto_basemap,inside,,232.4,8.53,22.45,0.941,1214,1.0,1.0,field,разметка подтверждена,2415852,g0151,1,,c0000,train,registered,4.080,1.00,,photo
base_pair_5e833fe452fe_00004_partial.npz,base,5e833fe4667e5200066e42e5,orto_basemap,partial,,273.4,1.91,68.98,1.149,1623,0.847,0.8527,field,разметка подтверждена,2765936,g0151,1,,c0000,train,registered,4.080,1.00,,photo
base_pair_5e833fe452fe_00005_inside.npz,base,5e833fe4667e5200066e42e5,orto_basemap,inside,,265.0,2.15,300.8,1.132,1384,1.0,0.9997,field,разметка подтверждена,2438869,g0151,1,,c0000,train,registered,4.080,1.00,,photo
base_pair_5e833fe452fe_00007_inside.npz,base,5e833fe4667e5200066e42e5,orto_basemap,inside,,175.7,1.06,94.5,0.983,1335,1.0,0.9989,field,разметка подтверждена,1958597,g0151,1,,c0000,train,registered,4.080,1.00,,photo
base_pair_60c8f084953f_00000_inside.npz,base,60c8f084338cc80005cfdd57,orto_basemap,inside,,193.0,4.23,341.51,0.993,1469,1.0,0.9988,field,разметка подтверждена,2296048,g0288,1,,c0001,train,registered,7.210,1.00,,photo
base_pair_60c8f084953f_00001_partial.npz,base,60c8f084338cc80005cfdd57,orto_basemap,partial,,231.7,2.03,48.26,1.113,847,0.6782,0.6878,field,разметка подтверждена,1505806,g0288,1,,c0001,train,registered,7.210,1.00,,photo
base_pair_60c8f084953f_00002_partial.npz,base,60c8f084338cc80005cfdd57,orto_basemap,partial,,209.6,5.16,57.83,1.068,1127,0.8492,0.8236,field,разметка подтверждена,2421801,g0288,1,,c0001,train,registered,7.210,1.00,,photo
base_pair_60c8f084953f_00003_inside.npz,base,60c8f084338cc80005cfdd57,orto_basemap,inside,,232.4,8.53,22.45,0.941,1214,1.0,0.996,field,разметка подтверждена,2344330,g0288,1,,c0001,train,registered,7.210,1.00,,photo
base_pair_60c8f084953f_00004_partial.npz,base,60c8f084338cc80005cfdd57,orto_basemap,partial,,273.4,1.91,68.98,1.149,1623,0.847,0.8342,field,разметка подтверждена,2728696,g0288,1,,c0001,train,registered,7.210,1.00,,photo
base_pair_60c8f084953f_00005_inside.npz,base,60c8f084338cc80005cfdd57,orto_basemap,inside,,265.0,2.15,300.8,1.132,1384,1.0,0.9825,field,разметка подтверждена,2368102,g0288,1,,c0001,train,registered,7.210,1.00,,photo
base_pair_60c8f084953f_00007_inside.npz,base,60c8f084338cc80005cfdd57,orto_basemap,inside,,175.7,1.06,94.5,0.983,1335,1.0,0.9872,field,разметка подтверждена,2125893,g0288,1,,c0001,train,registered,7.210,1.00,,photo
base_pair_69faa4b8711f_00000_inside.npz,base,69faa4b890551a4dfc2c6446,orto_basemap,inside,,193.0,4.23,341.51,0.693,1025,1.0,0.9961,field,разметка подтверждена,1755042,g0538,1,,c0002,heldout,registered,3.420,1.00,,photo
base_pair_69faa4b8711f_00001_partial.npz,base,69faa4b890551a4dfc2c6446,orto_basemap,partial,,231.7,2.03,48.26,0.832,768,0.7424,0.7518,field,разметка подтверждена,1439063,g0538,1,,c0002,heldout,registered,3.420,1.00,,photo
base_pair_69faa4b8711f_00002_partial.npz,base,69faa4b890551a4dfc2c6446,orto_basemap,partial,,209.6,5.16,57.83,0.753,794,0.8487,0.8418,field,разметка подтверждена,2110380,g0538,1,,c0002,heldout,registered,3.420,1.00,,photo
base_pair_69faa4b8711f_00003_inside.npz,base,69faa4b890551a4dfc2c6446,orto_basemap,inside,,232.4,8.53,22.45,0.835,1077,1.0,0.9998,field,разметка подтверждена,2145163,g0538,1,,c0002,heldout,registered,3.420,1.00,,photo
base_pair_9f4aa899a4ad_00000_inside.npz,base,9f4aa899-012f-47b0-a878-a8c932a259b0,orto_basemap,inside,,193.0,4.23,341.51,0.993,1469,1.0,0.9997,field,разметка подтверждена,2153623,g0570,1,,c0006,train,registered,5.040,1.00,,photo
base_pair_9f4aa899a4ad_00001_partial.npz,base,9f4aa899-012f-47b0-a878-a8c932a259b0,orto_basemap,partial,,231.7,2.03,48.26,1.113,847,0.6782,0.6884,field,разметка подтверждена,1498917,g0570,1,,c0006,train,registered,5.040,1.00,,photo
base_pair_9f4aa899a4ad_00002_partial.npz,base,9f4aa899-012f-47b0-a878-a8c932a259b0,orto_basemap,partial,,209.6,5.16,57.83,1.068,1127,0.8492,0.8369,field,разметка подтверждена,2306177,g0570,1,,c0006,train,registered,5.040,1.00,,photo
base_pair_9f4aa899a4ad_00003_inside.npz,base,9f4aa899-012f-47b0-a878-a8c932a259b0,orto_basemap,inside,,232.4,8.53,22.45,0.941,1214,1.0,0.9984,field,разметка подтверждена,2355410,g0570,1,,c0006,train,registered,5.040,1.00,,photo
base_pair_9f4aa899a4ad_00004_partial.npz,base,9f4aa899-012f-47b0-a878-a8c932a259b0,orto_basemap,partial,,273.4,1.91,68.98,1.149,1623,0.847,0.836,field,разметка подтверждена,2630393,g0570,1,,c0006,train,registered,5.040,1.00,,photo
base_pair_9f4aa899a4ad_00005_inside.npz,base,9f4aa899-012f-47b0-a878-a8c932a259b0,orto_basemap,inside,,265.0,2.15,300.8,1.132,1384,1.0,0.9894,field,разметка подтверждена,2247124,g0570,1,,c0006,train,registered,5.040,1.00,,photo
base_pair_9f4aa899a4ad_00007_inside.npz,base,9f4aa899-012f-47b0-a878-a8c932a259b0,orto_basemap,inside,,175.7,1.06,94.5,0.983,1335,1.0,0.9963,field,разметка подтверждена,2063824,g0570,1,,c0006,train,registered,5.040,1.00,,photo
base_pair_9f4aa899a4ad_00008_partial.npz,base,9f4aa899-012f-47b0-a878-a8c932a259b0,orto_basemap,partial,,243.0,2.43,70.67,0.876,1871,0.8047,0.7986,field,разметка подтверждена,2716828,g0570,1,,c0006,train,registered,5.040,1.00,,photo
base_pair_9f4aa899a4ad_00009_inside.npz,base,9f4aa899-012f-47b0-a878-a8c932a259b0,orto_basemap,inside,,227.6,5.87,239.39,1.104,1801,1.0,0.9736,field,разметка подтверждена,2416984,g0570,1,,c0006,train,registered,5.040,1.00,,photo
base_pair_9f4aa899a4ad_00010_inside.npz,base,9f4aa899-012f-47b0-a878-a8c932a259b0,orto_basemap,inside,,214.1,7.75,207.61,1.116,1612,1.0,0.9997,field,разметка подтверждена,2871284,g0570,1,,c0006,train,registered,5.040,1.00,,photo
base_pair_9f4aa899a4ad_00011_inside.npz,base,9f4aa899-012f-47b0-a878-a8c932a259b0,orto_basemap,inside,,191.6,2.95,182.18,1.034,1918,1.0,0.9996,field,разметка подтверждена,2924741,g0570,1,,c0006,train,registered,5.040,1.00,,photo
base_pair_629208c315f2_00000_inside.npz,base,629208c39a80b30006a5c083,orto_basemap,inside,,193.0,4.23,341.51,0.993,1469,1.0,1.0,field,разметка подтверждена,1925541,g0341,1,,c0005,heldout,registered,2.700,1.00,,photo
base_pair_629208c315f2_00001_partial.npz,base,629208c39a80b30006a5c083,orto_basemap,partial,,231.7,2.03,48.26,1.113,847,0.6782,0.6888,field,разметка подтверждена,1422144,g0341,1,,c0005,heldout,registered,2.700,1.00,,photo
base_pair_629208c315f2_00002_partial.npz,base,629208c39a80b30006a5c083,orto_basemap,partial,,209.6,5.16,57.83,1.068,1127,0.8492,0.8424,cell_refine,разметка подтверждена,2165773,g0341,1,,c0005,heldout,registered,2.700,1.00,,photo
base_pair_629208c315f2_00003_inside.npz,base,629208c39a80b30006a5c083,orto_basemap,inside,,232.4,8.53,22.45,0.941,1214,1.0,1.0,cell_refine,разметка подтверждена,2144491,g0341,1,,c0005,heldout,registered,2.700,1.00,,photo
base_pair_629208c315f2_00004_partial.npz,base,629208c39a80b30006a5c083,orto_basemap,partial,,273.4,1.91,68.98,1.149,1623,0.847,0.8499,field,разметка подтверждена,2433687,g0341,1,,c0005,heldout,registered,2.700,1.00,,photo
base_pair_629208c315f2_00005_inside.npz,base,629208c39a80b30006a5c083,orto_basemap,inside,,265.0,2.15,300.8,1.132,1384,1.0,0.9987,field,разметка подтверждена,2176127,g0341,1,,c0005,heldout,registered,2.700,1.00,,photo
base_pair_629208c315f2_00007_inside.npz,base,629208c39a80b30006a5c083,orto_basemap,inside,,175.7,1.06,94.5,0.983,1335,1.0,1.0,field,разметка подтверждена,1796939,g0341,1,,c0005,heldout,registered,2.700,1.00,,photo
base_pair_629208c315f2_00008_partial.npz,base,629208c39a80b30006a5c083,orto_basemap,partial,,243.0,2.43,70.67,0.876,1871,0.8047,0.807,field,разметка подтверждена,2643109,g0341,1,,c0005,heldout,registered,2.700,1.00,,photo
base_pair_629208c315f2_00009_inside.npz,base,629208c39a80b30006a5c083,orto_basemap,inside,,227.6,5.87,239.39,1.104,1801,1.0,0.9998,field,разметка подтверждена,2411915,g0341,1,,c0005,heldout,registered,2.700,1.00,,photo
base_pair_629208c315f2_00010_inside.npz,base,629208c39a80b30006a5c083,orto_basemap,inside,,214.1,7.75,207.61,1.116,1612,1.0,1.0,field,разметка подтверждена,2865447,g0341,1,,c0005,heldout,registered,2.700,1.00,,photo
base_pair_629208c315f2_00011_inside.npz,base,629208c39a80b30006a5c083,orto_basemap,inside,,191.6,2.95,182.18,1.034,1918,1.0,1.0,field,разметка подтверждена,2883830,g0341,1,,c0005,heldout,registered,2.700,1.00,,photo
base_pair_5f5f510fe9f9_00000_inside.npz,base,5f5f510fd9f87200078c7f48,orto_basemap,inside,,193.0,4.23,341.51,0.993,1469,1.0,0.9725,field,разметка подтверждена,2462183,g0201,1,,c0001,train,registered,6.310,1.00,,photo
base_pair_5f5f510fe9f9_00001_partial.npz,base,5f5f510fd9f87200078c7f48,orto_basemap,partial,,231.7,2.03,48.26,1.113,847,0.6782,0.67,field,разметка подтверждена,1573207,g0201,1,,c0001,train,registered,6.310,1.00,,photo
base_pair_5f5f510fe9f9_00002_partial.npz,base,5f5f510fd9f87200078c7f48,orto_basemap,partial,,209.6,5.16,57.83,1.068,1127,0.8492,0.8073,field,разметка подтверждена,2519937,g0201,1,,c0001,train,registered,6.310,1.00,,photo
base_pair_5f5f510fe9f9_00003_inside.npz,base,5f5f510fd9f87200078c7f48,orto_basemap,inside,,232.4,8.53,22.45,0.941,1214,1.0,0.9706,field,разметка подтверждена,2439078,g0201,1,,c0001,train,registered,6.310,1.00,,photo
base_pair_5f5f510fe9f9_00004_partial.npz,base,5f5f510fd9f87200078c7f48,orto_basemap,partial,,273.4,1.91,68.98,1.149,1623,0.847,0.8358,field,разметка подтверждена,2692203,g0201,1,,c0001,train,registered,6.310,1.00,,photo
base_pair_5f5f510fe9f9_00005_inside.npz,base,5f5f510fd9f87200078c7f48,orto_basemap,inside,,265.0,2.15,300.8,1.132,1384,1.0,0.9763,field,разметка подтверждена,2326804,g0201,1,,c0001,train,registered,6.310,1.00,,photo
base_pair_5f5f510fe9f9_00007_inside.npz,base,5f5f510fd9f87200078c7f48,orto_basemap,inside,,175.7,1.06,94.5,0.983,1335,1.0,0.9917,field,разметка подтверждена,2007711,g0201,1,,c0001,train,registered,6.310,1.00,,photo
base_pair_60729456384e_00000_inside.npz,base,60729456e618d50005a98185,orto_basemap,inside,,193.0,4.23,341.51,0.993,1469,1.0,0.9955,field,разметка подтверждена,1474484,g0261,1,,c0130,train,registered,9.840,1.00,,photo
base_pair_60729456384e_00001_partial.npz,base,60729456e618d50005a98185,orto_basemap,partial,,231.7,2.03,48.26,1.113,847,0.6782,0.6884,field,разметка подтверждена,1381151,g0261,1,,c0130,train,registered,9.840,1.00,,photo
base_pair_5e7fe54915d1_00000_inside.npz,base,5e7fe549482b9c0006178456,orto_basemap,inside,,193.0,4.23,341.51,0.993,1469,1.0,1.0,field,разметка подтверждена,2213618,g0149,1,,c0000,train,registered,8.580,1.00,,photo
base_pair_5e7fe54915d1_00001_partial.npz,base,5e7fe549482b9c0006178456,orto_basemap,partial,,231.7,2.03,48.26,1.113,847,0.6782,0.6888,field,разметка подтверждена,1524607,g0149,1,,c0000,train,registered,8.580,1.00,,photo
base_pair_5e7fe54915d1_00002_partial.npz,base,5e7fe549482b9c0006178456,orto_basemap,partial,,209.6,5.16,57.83,1.068,1127,0.8492,0.8422,field,разметка подтверждена,2316642,g0149,1,,c0000,train,registered,8.580,1.00,,photo
base_pair_5e7fe54915d1_00003_inside.npz,base,5e7fe549482b9c0006178456,orto_basemap,inside,,232.4,8.53,22.45,0.941,1214,1.0,1.0,field,разметка подтверждена,2447561,g0149,1,,c0000,train,registered,8.580,1.00,,photo
base_pair_5e7fe54915d1_00004_partial.npz,base,5e7fe549482b9c0006178456,orto_basemap,partial,,273.4,1.91,68.98,1.149,1623,0.847,0.853,field,разметка подтверждена,2698424,g0149,1,,c0000,train,registered,8.580,1.00,,photo
base_pair_5e7fe54915d1_00005_inside.npz,base,5e7fe549482b9c0006178456,orto_basemap,inside,,265.0,2.15,300.8,1.132,1384,1.0,0.9999,field,разметка подтверждена,2324678,g0149,1,,c0000,train,registered,8.580,1.00,,photo
base_pair_5e7fe54915d1_00007_inside.npz,base,5e7fe549482b9c0006178456,orto_basemap,inside,,175.7,1.06,94.5,0.983,1335,1.0,1.0,field,разметка подтверждена,1969350,g0149,1,,c0000,train,registered,8.580,1.00,,photo
base_pair_5e7fe54915d1_00008_partial.npz,base,5e7fe549482b9c0006178456,orto_basemap,partial,,243.0,2.43,70.67,0.876,1871,0.8047,0.8074,field,разметка подтверждена,2804758,g0149,1,,c0000,train,registered,8.580,1.00,,photo
base_pair_5e7fe54915d1_00009_inside.npz,base,5e7fe549482b9c0006178456,orto_basemap,inside,,227.6,5.87,239.39,1.104,1801,1.0,1.0,field,разметка подтверждена,2495807,g0149,1,,c0000,train,registered,8.580,1.00,,photo
base_pair_5b525ffc83c7_00000_inside.npz,base,5b525ffc4bda9e312aedbdaa,orto_basemap,inside,,193.0,4.23,341.51,0.993,1469,1.0,0.9998,field,разметка подтверждена,2108284,g0039,1,,c0000,train,registered,5.460,1.00,,photo
base_pair_5b525ffc83c7_00001_partial.npz,base,5b525ffc4bda9e312aedbdaa,orto_basemap,partial,,231.7,2.03,48.26,1.113,847,0.6782,0.6887,field,разметка подтверждена,1451355,g0039,1,,c0000,train,registered,5.460,1.00,,photo
base_pair_5b525ffc83c7_00002_partial.npz,base,5b525ffc4bda9e312aedbdaa,orto_basemap,partial,,209.6,5.16,57.83,1.068,1127,0.8492,0.8422,field,разметка подтверждена,2221976,g0039,1,,c0000,train,registered,5.460,1.00,,photo
base_pair_5b525ffc83c7_00003_inside.npz,base,5b525ffc4bda9e312aedbdaa,orto_basemap,inside,,232.4,8.53,22.45,0.941,1214,1.0,1.0,field,разметка подтверждена,2201007,g0039,1,,c0000,train,registered,5.460,1.00,,photo
base_pair_5b525ffc83c7_00004_partial.npz,base,5b525ffc4bda9e312aedbdaa,orto_basemap,partial,,273.4,1.91,68.98,1.149,1623,0.847,0.853,field,разметка подтверждена,2655019,g0039,1,,c0000,train,registered,5.460,1.00,,photo
base_pair_5b525ffc83c7_00005_inside.npz,base,5b525ffc4bda9e312aedbdaa,orto_basemap,inside,,265.0,2.15,300.8,1.132,1384,1.0,1.0,field,разметка подтверждена,2372480,g0039,1,,c0000,train,registered,5.460,1.00,,photo
base_pair_601fb5693ff2_00000_inside.npz,base,601fb56911ebb30007261104,orto_basemap,inside,,193.0,4.23,341.51,0.993,1469,1.0,0.9779,field,разметка подтверждена,2475647,g0253,1,,c0042,train,registered,2.980,1.00,,photo
base_pair_601fb5693ff2_00001_partial.npz,base,601fb56911ebb30007261104,orto_basemap,partial,,231.7,2.03,48.26,1.113,847,0.6782,0.6711,field,разметка подтверждена,1546686,g0253,1,,c0042,train,registered,2.980,1.00,,photo
base_pair_601fb5693ff2_00002_partial.npz,base,601fb56911ebb30007261104,orto_basemap,partial,,209.6,5.16,57.83,1.068,1127,0.8492,0.8225,field,разметка подтверждена,2463274,g0253,1,,c0042,train,registered,2.980,1.00,,photo
base_pair_601fb5693ff2_00003_inside.npz,base,601fb56911ebb30007261104,orto_basemap,inside,,232.4,8.53,22.45,0.941,1214,1.0,0.9638,field,разметка подтверждена,2418533,g0253,1,,c0042,train,registered,2.980,1.00,,photo
base_pair_5b9c42aa30d7_00000_inside.npz,base,5b9c42aa027d99000615b26b,orto_basemap,inside,,193.0,4.23,341.51,0.993,1469,1.0,0.9995,field,разметка подтверждена,2209474,g0063,1,,c0022,train,registered,4.250,1.00,,photo
base_pair_5b9c42aa30d7_00001_partial.npz,base,5b9c42aa027d99000615b26b,orto_basemap,partial,,231.7,2.03,48.26,1.113,847,0.6782,0.6883,field,разметка подтверждена,1488766,g0063,1,,c0022,train,registered,4.250,1.00,,photo
base_pair_5b9c42aa30d7_00002_partial.npz,base,5b9c42aa027d99000615b26b,orto_basemap,partial,,209.6,5.16,57.83,1.068,1127,0.8492,0.841,field,разметка подтверждена,2380461,g0063,1,,c0022,train,registered,4.250,1.00,,photo
base_pair_5b9c42aa30d7_00003_inside.npz,base,5b9c42aa027d99000615b26b,orto_basemap,inside,,232.4,8.53,22.45,0.941,1214,1.0,0.9984,field,разметка подтверждена,2443480,g0063,1,,c0022,train,registered,4.250,1.00,,photo
base_pair_5b9c42aa30d7_00004_partial.npz,base,5b9c42aa027d99000615b26b,orto_basemap,partial,,273.4,1.91,68.98,1.149,1623,0.847,0.8527,field,разметка подтверждена,2678634,g0063,1,,c0022,train,registered,4.250,1.00,,photo
base_pair_5b9c42aa30d7_00005_inside.npz,base,5b9c42aa027d99000615b26b,orto_basemap,inside,,265.0,2.15,300.8,1.132,1384,1.0,0.993,field,разметка подтверждена,2371343,g0063,1,,c0022,train,registered,4.250,1.00,,photo
base_pair_5b9c42aa30d7_00007_inside.npz,base,5b9c42aa027d99000615b26b,orto_basemap,inside,,175.7,1.06,94.5,0.983,1335,1.0,0.9992,field,разметка подтверждена,2112497,g0063,1,,c0022,train,registered,4.250,1.00,,photo
base_pair_62dc2af96bb6_00000_inside.npz,base,62dc2af9d8499800053796f3,orto_basemap,inside,,193.0,4.23,341.51,0.75,1109,1.0,0.9998,field,разметка подтверждена,1863529,g0346,1,,c0154,train,registered,2.400,1.00,,photo
base_pair_62dc2af96bb6_00001_partial.npz,base,62dc2af9d8499800053796f3,orto_basemap,partial,,231.7,2.03,48.26,0.9,768,0.7226,0.733,field,разметка подтверждена,1504505,g0346,1,,c0154,train,registered,2.400,1.00,,photo
base_pair_62dc2af96bb6_00002_partial.npz,base,62dc2af9d8499800053796f3,orto_basemap,partial,,209.6,5.16,57.83,0.814,859,0.849,0.8416,field,разметка подтверждена,2125092,g0346,1,,c0154,train,registered,2.400,1.00,,photo
base_pair_62dc2af96bb6_00003_inside.npz,base,62dc2af9d8499800053796f3,orto_basemap,inside,,232.4,8.53,22.45,0.903,1164,1.0,0.9998,field,разметка подтверждена,2111047,g0346,1,,c0154,train,registered,2.400,1.00,,photo
base_pair_62dc2af96bb6_00004_partial.npz,base,62dc2af9d8499800053796f3,orto_basemap,partial,,273.4,1.91,68.98,1.062,1499,0.8469,0.8528,field,разметка подтверждена,2346617,g0346,1,,c0154,train,registered,2.400,1.00,,photo
base_pair_62dc2af96bb6_00005_inside.npz,base,62dc2af9d8499800053796f3,orto_basemap,inside,,265.0,2.15,300.8,1.029,1259,1.0,0.9996,field,разметка подтверждена,2052519,g0346,1,,c0154,train,registered,2.400,1.00,,photo
base_pair_6789216f65dd_00000_inside.npz,base,6789216f1b953900016c6906(1),orto_basemap,inside,,193.0,4.23,341.51,0.993,1469,1.0,0.9984,field,разметка подтверждена,2153144,g0009,2,copy,c0057,train,registered,3.470,1.00,,photo
base_pair_6789216f65dd_00001_partial.npz,base,6789216f1b953900016c6906(1),orto_basemap,partial,,231.7,2.03,48.26,1.113,847,0.6782,0.6886,field,разметка подтверждена,1438832,g0009,2,copy,c0057,train,registered,3.470,1.00,,photo
base_pair_6789216f65dd_00002_partial.npz,base,6789216f1b953900016c6906(1),orto_basemap,partial,,209.6,5.16,57.83,1.068,1127,0.8492,0.8179,field,разметка подтверждена,2322368,g0009,2,copy,c0057,train,registered,3.470,1.00,,photo
base_pair_6789216f65dd_00003_inside.npz,base,6789216f1b953900016c6906(1),orto_basemap,inside,,232.4,8.53,22.45,0.941,1214,1.0,0.9622,field,разметка подтверждена,2211697,g0009,2,copy,c0057,train,registered,3.470,1.00,,photo
base_pair_5e570a046515_00000_inside.npz,base,5e570a042408ff000614bb81,orto_basemap,inside,,193.0,4.23,341.51,0.993,1469,1.0,1.0,field,разметка подтверждена,2217207,g0138,1,,c0000,train,registered,11.070,1.00,,photo
base_pair_5e570a046515_00001_partial.npz,base,5e570a042408ff000614bb81,orto_basemap,partial,,231.7,2.03,48.26,1.113,847,0.6782,0.6887,field,разметка подтверждена,1536596,g0138,1,,c0000,train,registered,11.070,1.00,,photo
base_pair_5e570a046515_00002_partial.npz,base,5e570a042408ff000614bb81,orto_basemap,partial,,209.6,5.16,57.83,1.068,1127,0.8492,0.8422,field,разметка подтверждена,2407961,g0138,1,,c0000,train,registered,11.070,1.00,,photo
base_pair_5e570a046515_00003_inside.npz,base,5e570a042408ff000614bb81,orto_basemap,inside,,232.4,8.53,22.45,0.941,1214,1.0,1.0,field,разметка подтверждена,2491910,g0138,1,,c0000,train,registered,11.070,1.00,,photo
base_pair_5e570a046515_00004_partial.npz,base,5e570a042408ff000614bb81,orto_basemap,partial,,273.4,1.91,68.98,1.149,1623,0.847,0.8497,field,разметка подтверждена,2633086,g0138,1,,c0000,train,registered,11.070,1.00,,photo
base_pair_5e570a046515_00005_inside.npz,base,5e570a042408ff000614bb81,orto_basemap,inside,,265.0,2.15,300.8,1.132,1384,1.0,0.9998,field,разметка подтверждена,2352397,g0138,1,,c0000,train,registered,11.070,1.00,,photo
base_pair_5e570a046515_00007_inside.npz,base,5e570a042408ff000614bb81,orto_basemap,inside,,175.7,1.06,94.5,0.983,1335,1.0,0.9971,field,разметка подтверждена,1988961,g0138,1,,c0000,train,registered,11.070,1.00,,photo
base_pair_5fc8cf40809d_00000_inside.npz,base,5fc8cf409f1a06000550fbf5,orto_basemap,inside,,193.0,4.23,341.51,0.993,1469,1.0,0.9615,field,разметка подтверждена,2422482,g0240,1,,c0001,train,registered,2.700,1.00,,photo
base_pair_5fc8cf40809d_00001_partial.npz,base,5fc8cf409f1a06000550fbf5,orto_basemap,partial,,231.7,2.03,48.26,1.113,847,0.6782,0.6766,field,разметка подтверждена,1545867,g0240,1,,c0001,train,registered,2.700,1.00,,photo
base_pair_5fc8cf40809d_00002_partial.npz,base,5fc8cf409f1a06000550fbf5,orto_basemap,partial,,209.6,5.16,57.83,1.068,1127,0.8492,0.8297,field,разметка подтверждена,2432170,g0240,1,,c0001,train,registered,2.700,1.00,,photo
base_pair_5fc8cf40809d_00003_inside.npz,base,5fc8cf409f1a06000550fbf5,orto_basemap,inside,,232.4,8.53,22.45,0.941,1214,1.0,0.9834,field,разметка подтверждена,2383108,g0240,1,,c0001,train,registered,2.700,1.00,,photo
base_pair_5e45c7fb9e3c_00000_inside.npz,base,5e45c7fb7e48a900058144f5,orto_basemap,inside,,193.0,4.23,341.51,0.699,1034,1.0,0.9995,field,разметка подтверждена,1727427,g0137,1,,c0107,train,registered,1.040,1.00,,photo
base_pair_5e45c7fb9e3c_00001_partial.npz,base,5e45c7fb7e48a900058144f5,orto_basemap,partial,,231.7,2.03,48.26,0.839,768,0.7404,0.7504,field,разметка подтверждена,1403318,g0137,1,,c0107,train,registered,1.040,1.00,,photo
base_pair_6632759028c8_00000_inside.npz,base,663275906049ef00013b81e9,orto_basemap,inside,,193.0,4.23,341.51,0.993,1469,1.0,1.0,global,без структуры,1926665,g0428,1,,c0190,train,approx,8.000,0.30,,photo
base_pair_6632759028c8_00001_partial.npz,base,663275906049ef00013b81e9,orto_basemap,partial,,231.7,2.03,48.26,1.113,847,0.6782,0.6888,global,без структуры,1396208,g0428,1,,c0190,train,approx,8.000,0.30,,photo
base_pair_6632759028c8_00002_partial.npz,base,663275906049ef00013b81e9,orto_basemap,partial,,209.6,5.16,57.83,1.068,1127,0.8492,0.8424,field,без структуры,2236984,g0428,1,,c0190,train,approx,8.000,0.30,,photo
base_pair_6632759028c8_00003_inside.npz,base,663275906049ef00013b81e9,orto_basemap,inside,,232.4,8.53,22.45,0.941,1214,1.0,1.0,field,без структуры,2215482,g0428,1,,c0190,train,approx,8.000,0.30,,photo
base_pair_6705931a1879_00000_inside.npz,base,6705931a327f3c00012b0f66,orto_basemap,inside,,193.0,4.23,341.51,0.993,1469,1.0,0.9999,field,разметка подтверждена,2406054,g0463,1,,c0055,heldout,registered,3.250,1.00,,photo
base_pair_6705931a1879_00001_partial.npz,base,6705931a327f3c00012b0f66,orto_basemap,partial,,231.7,2.03,48.26,1.113,847,0.6782,0.683,field,разметка подтверждена,1624597,g0463,1,,c0055,heldout,registered,3.250,1.00,,photo
base_pair_68f87b3271ef_00000_inside.npz,base,68f87b3207721088e158f1bc,orto_basemap,inside,,193.0,4.23,341.51,0.693,1025,1.0,1.0,field,разметка подтверждена,1772974,g0524,1,,c0002,heldout,registered,3.320,1.00,,photo
base_pair_68f87b3271ef_00001_partial.npz,base,68f87b3207721088e158f1bc,orto_basemap,partial,,231.7,2.03,48.26,0.832,768,0.7424,0.7525,field,разметка подтверждена,1486180,g0524,1,,c0002,heldout,registered,3.320,1.00,,photo
base_pair_68f87b3271ef_00002_partial.npz,base,68f87b3207721088e158f1bc,orto_basemap,partial,,209.6,5.16,57.83,0.753,794,0.8487,0.8419,field,разметка подтверждена,2146095,g0524,1,,c0002,heldout,registered,3.320,1.00,,photo
base_pair_68f87b3271ef_00003_inside.npz,base,68f87b3207721088e158f1bc,orto_basemap,inside,,232.4,8.53,22.45,0.835,1077,1.0,0.9998,field,разметка подтверждена,2175467,g0524,1,,c0002,heldout,registered,3.320,1.00,,photo
base_pair_6643671d49dc_00000_inside.npz,base,6643671d9af9850001610ad8,orto_basemap,inside,,193.0,4.23,341.51,0.993,1469,1.0,0.9998,field,разметка подтверждена,2031811,g0440,1,,c0032,val,registered,0.900,1.00,,photo
base_pair_6643671d49dc_00001_partial.npz,base,6643671d9af9850001610ad8,orto_basemap,partial,,231.7,2.03,48.26,1.113,847,0.6782,0.6886,field,разметка подтверждена,1446564,g0440,1,,c0032,val,registered,0.900,1.00,,photo
base_pair_6734e85fb5a9_00000_inside.npz,base,6734e85f5604c600010b4321,orto_basemap,inside,,193.0,4.23,341.51,0.695,1028,1.0,0.9955,field,разметка подтверждена,1882072,g0471,1,,c0222,train,registered,2.670,1.00,,photo
base_pair_6734e85fb5a9_00001_partial.npz,base,6734e85f5604c600010b4321,orto_basemap,partial,,231.7,2.03,48.26,0.834,768,0.7418,0.7507,field,разметка подтверждена,1568480,g0471,1,,c0222,train,registered,2.670,1.00,,photo
base_pair_6a8f2f3adc85_00000_inside.npz,base,6a8f2f3a8f75f1daf8b39937,orto_basemap,inside,,193.0,4.23,341.51,0.441,768,1.0,1.0,global,без структуры,1496751,g0554,1,,c0267,heldout,approx,8.000,0.30,,photo
base_pair_6a8f2f3adc85_00001_partial.npz,base,6a8f2f3a8f75f1daf8b39937,orto_basemap,partial,,231.7,2.03,48.26,0.53,768,0.8896,0.8942,global,без структуры,1303986,g0554,1,,c0267,heldout,approx,8.000,0.30,,photo
base_pair_6a8f2f3adc85_00002_partial.npz,base,6a8f2f3a8f75f1daf8b39937,orto_basemap,partial,,209.6,5.16,57.83,0.479,768,0.679,0.6755,global,без структуры,1559418,g0554,1,,c0267,heldout,approx,8.000,0.30,,photo
base_pair_6a8f2f3adc85_00003_inside.npz,base,6a8f2f3a8f75f1daf8b39937,orto_basemap,inside,,232.4,8.53,22.45,0.531,768,1.0,1.0,global,без структуры,1932275,g0554,1,,c0267,heldout,approx,8.000,0.30,,photo
base_pair_6a8f2f3adc85_00004_partial.npz,base,6a8f2f3a8f75f1daf8b39937,orto_basemap,partial,,273.4,1.91,68.98,0.625,883,0.8467,0.8528,global,без структуры,1844209,g0554,1,,c0267,heldout,approx,8.000,0.30,,photo
base_pair_6a8f2f3adc85_00005_inside.npz,base,6a8f2f3a8f75f1daf8b39937,orto_basemap,inside,,265.0,2.15,300.8,0.606,768,1.0,1.0,global,без структуры,1730113,g0554,1,,c0267,heldout,approx,8.000,0.30,,photo
base_pair_6a8f2f3adc85_00007_inside.npz,base,6a8f2f3a8f75f1daf8b39937,orto_basemap,inside,,175.7,1.06,94.5,0.402,768,1.0,0.9957,field,без структуры,1415719,g0554,1,,c0267,heldout,approx,8.000,0.30,,photo
base_pair_6a8f2f3adc85_00008_partial.npz,base,6a8f2f3a8f75f1daf8b39937,orto_basemap,partial,,243.0,2.43,70.67,0.556,1187,0.8043,0.807,field,без структуры,1811783,g0554,1,,c0267,heldout,approx,8.000,0.30,,photo
base_pair_6a8f2f3adc85_00009_inside.npz,base,6a8f2f3a8f75f1daf8b39937,orto_basemap,inside,,227.6,5.87,239.39,0.52,849,1.0,1.0,field,без структуры,1524080,g0554,1,,c0267,heldout,approx,8.000,0.30,,photo
base_pair_6a8f2f3adc85_00010_inside.npz,base,6a8f2f3a8f75f1daf8b39937,orto_basemap,inside,,214.1,7.75,207.61,0.49,768,1.0,0.9989,global,без структуры,2091540,g0554,1,,c0267,heldout,approx,8.000,0.30,,photo
base_pair_6a8f2f3adc85_00011_inside.npz,base,6a8f2f3a8f75f1daf8b39937,orto_basemap,inside,,191.6,2.95,182.18,0.438,813,1.0,0.9982,global,без структуры,1751160,g0554,1,,c0267,heldout,approx,8.000,0.30,,photo
base_pair_2c52ca77e6de_00000_inside.npz,base,2c52ca77-e8fe-4678-9594-95110953e2eb,orto_basemap,inside,,193.0,4.23,341.51,0.744,1100,1.0,0.9976,global,разметка подтверждена,1789145,g0024,1,,c0071,train,approx,8.000,0.30,,photo
base_pair_2c52ca77e6de_00001_partial.npz,base,2c52ca77-e8fe-4678-9594-95110953e2eb,orto_basemap,partial,,231.7,2.03,48.26,0.893,768,0.7247,0.7334,global,разметка подтверждена,1427847,g0024,1,,c0071,train,approx,8.000,0.30,,photo
base_pair_2c52ca77e6de_00002_partial.npz,base,2c52ca77-e8fe-4678-9594-95110953e2eb,orto_basemap,partial,,209.6,5.16,57.83,0.808,852,0.8487,0.8415,field,разметка подтверждена,2061230,g0024,1,,c0071,train,registered,5.200,1.00,,photo
base_pair_2c52ca77e6de_00003_inside.npz,base,2c52ca77-e8fe-4678-9594-95110953e2eb,orto_basemap,inside,,232.4,8.53,22.45,0.896,1156,1.0,0.999,field,разметка подтверждена,2129909,g0024,1,,c0071,train,registered,5.200,1.00,,photo
base_pair_2c52ca77e6de_00004_partial.npz,base,2c52ca77-e8fe-4678-9594-95110953e2eb,orto_basemap,partial,,273.4,1.91,68.98,1.054,1488,0.8469,0.852,field,разметка подтверждена,2228320,g0024,1,,c0071,train,registered,5.200,1.00,,photo
base_pair_2c52ca77e6de_00005_inside.npz,base,2c52ca77-e8fe-4678-9594-95110953e2eb,orto_basemap,inside,,265.0,2.15,300.8,1.021,1249,1.0,0.9987,field,разметка подтверждена,1974046,g0024,1,,c0071,train,registered,5.200,1.00,,photo
base_pair_2c52ca77e6de_00007_inside.npz,base,2c52ca77-e8fe-4678-9594-95110953e2eb,orto_basemap,inside,,175.7,1.06,94.5,0.677,920,1.0,1.0,field,разметка подтверждена,1469974,g0024,1,,c0071,train,registered,5.200,1.00,,photo
base_pair_2c52ca77e6de_00008_partial.npz,base,2c52ca77-e8fe-4678-9594-95110953e2eb,orto_basemap,partial,,243.0,2.43,70.67,0.876,1871,0.8047,0.8061,field,разметка подтверждена,2284500,g0024,1,,c0071,train,registered,5.200,1.00,,photo
base_pair_2c52ca77e6de_00009_inside.npz,base,2c52ca77-e8fe-4678-9594-95110953e2eb,orto_basemap,inside,,227.6,5.87,239.39,0.877,1431,1.0,0.9921,field,разметка подтверждена,1939519,g0024,1,,c0071,train,registered,5.200,1.00,,photo
base_pair_2c52ca77e6de_00010_inside.npz,base,2c52ca77-e8fe-4678-9594-95110953e2eb,orto_basemap,inside,,214.1,7.75,207.61,0.825,1193,1.0,0.9982,field,разметка подтверждена,2441792,g0024,1,,c0071,train,registered,5.200,1.00,,photo
base_pair_2c52ca77e6de_00011_inside.npz,base,2c52ca77-e8fe-4678-9594-95110953e2eb,orto_basemap,inside,,191.6,2.95,182.18,0.739,1370,1.0,0.9984,field,разметка подтверждена,2257598,g0024,1,,c0071,train,registered,5.200,1.00,,photo
base_pair_fc5a9909ec63_00000_inside.npz,base,fc5a9909-bd37-4bb2-b9dd-890065c1b88a,orto_basemap,inside,,193.0,4.23,341.51,0.993,1469,1.0,0.9998,field,разметка подтверждена,2075681,g0593,1,,c0009,heldout,registered,5.260,1.00,,photo
base_pair_fc5a9909ec63_00001_partial.npz,base,fc5a9909-bd37-4bb2-b9dd-890065c1b88a,orto_basemap,partial,,231.7,2.03,48.26,1.113,847,0.6782,0.6886,field,разметка подтверждена,1486298,g0593,1,,c0009,heldout,registered,5.260,1.00,,photo
base_pair_fc5a9909ec63_00002_partial.npz,base,fc5a9909-bd37-4bb2-b9dd-890065c1b88a,orto_basemap,partial,,209.6,5.16,57.83,1.068,1127,0.8492,0.8421,field,разметка подтверждена,2247973,g0593,1,,c0009,heldout,registered,5.260,1.00,,photo
base_pair_fc5a9909ec63_00003_inside.npz,base,fc5a9909-bd37-4bb2-b9dd-890065c1b88a,orto_basemap,inside,,232.4,8.53,22.45,0.941,1214,1.0,0.9997,field,разметка подтверждена,2325155,g0593,1,,c0009,heldout,registered,5.260,1.00,,photo
base_pair_fc5a9909ec63_00004_partial.npz,base,fc5a9909-bd37-4bb2-b9dd-890065c1b88a,orto_basemap,partial,,273.4,1.91,68.98,1.149,1623,0.847,0.8508,field,разметка подтверждена,2459549,g0593,1,,c0009,heldout,registered,5.260,1.00,,photo
base_pair_fc5a9909ec63_00005_inside.npz,base,fc5a9909-bd37-4bb2-b9dd-890065c1b88a,orto_basemap,inside,,265.0,2.15,300.8,1.132,1384,1.0,0.9997,field,разметка подтверждена,2233579,g0593,1,,c0009,heldout,registered,5.260,1.00,,photo
base_pair_fc5a9909ec63_00007_inside.npz,base,fc5a9909-bd37-4bb2-b9dd-890065c1b88a,orto_basemap,inside,,175.7,1.06,94.5,0.983,1335,1.0,0.9998,field,разметка подтверждена,1893401,g0593,1,,c0009,heldout,registered,5.260,1.00,,photo
base_pair_fc5a9909ec63_00008_partial.npz,base,fc5a9909-bd37-4bb2-b9dd-890065c1b88a,orto_basemap,partial,,243.0,2.43,70.67,0.876,1871,0.8047,0.8074,field,разметка подтверждена,2519017,g0593,1,,c0009,heldout,registered,5.260,1.00,,photo
base_pair_fc5a9909ec63_00009_inside.npz,base,fc5a9909-bd37-4bb2-b9dd-890065c1b88a,orto_basemap,inside,,227.6,5.87,239.39,1.104,1801,1.0,1.0,field,разметка подтверждена,2305650,g0593,1,,c0009,heldout,registered,5.260,1.00,,photo
base_pair_fc5a9909ec63_00010_inside.npz,base,fc5a9909-bd37-4bb2-b9dd-890065c1b88a,orto_basemap,inside,,214.1,7.75,207.61,1.116,1612,1.0,0.9992,field,разметка подтверждена,2798966,g0593,1,,c0009,heldout,registered,5.260,1.00,,photo
base_pair_fc5a9909ec63_00011_inside.npz,base,fc5a9909-bd37-4bb2-b9dd-890065c1b88a,orto_basemap,inside,,191.6,2.95,182.18,1.034,1918,1.0,0.9992,field,разметка подтверждена,2831045,g0593,1,,c0009,heldout,registered,5.260,1.00,,photo
base_pair_5ad9a5f462a3_00000_inside.npz,base,5ad9a5f491b5310010e0d562,orto_basemap,inside,,193.0,4.23,341.51,0.746,1104,1.0,1.0,field,разметка подтверждена,1652506,g0032,1,,c0023,heldout,registered,5.820,1.00,,photo
base_pair_5ad9a5f462a3_00001_partial.npz,base,5ad9a5f491b5310010e0d562,orto_basemap,partial,,231.7,2.03,48.26,0.896,768,0.7239,0.7341,field,разметка подтверждена,1349732,g0032,1,,c0023,heldout,registered,5.820,1.00,,photo
base_pair_5ad9a5f462a3_00002_partial.npz,base,5ad9a5f491b5310010e0d562,orto_basemap,partial,,209.6,5.16,57.83,0.81,855,0.849,0.842,field,разметка подтверждена,1983199,g0032,1,,c0023,heldout,registered,5.820,1.00,,photo
base_pair_5ad9a5f462a3_00003_inside.npz,base,5ad9a5f491b5310010e0d562,orto_basemap,inside,,232.4,8.53,22.45,0.899,1159,1.0,0.9992,field,разметка подтверждена,2026709,g0032,1,,c0023,heldout,registered,5.820,1.00,,photo
base_pair_5ad9a5f462a3_00004_partial.npz,base,5ad9a5f491b5310010e0d562,orto_basemap,partial,,273.4,1.91,68.98,1.057,1492,0.8469,0.8528,field,разметка подтверждена,2100147,g0032,1,,c0023,heldout,registered,5.820,1.00,,photo
base_pair_5ad9a5f462a3_00005_inside.npz,base,5ad9a5f491b5310010e0d562,orto_basemap,inside,,265.0,2.15,300.8,1.024,1253,1.0,0.9999,field,разметка подтверждена,1892179,g0032,1,,c0023,heldout,registered,5.820,1.00,,photo
base_pair_5ad9a5f462a3_00007_inside.npz,base,5ad9a5f491b5310010e0d562,orto_basemap,inside,,175.7,1.06,94.5,0.679,922,1.0,0.9982,field,разметка подтверждена,1441942,g0032,1,,c0023,heldout,registered,5.820,1.00,,photo
base_pair_5c4ae075e78a_00000_inside.npz,base,5c4ae075201b5a0007147677,orto_basemap,inside,,193.0,4.23,341.51,0.993,1469,1.0,0.9998,field,разметка подтверждена,2193010,g0093,1,,c0000,train,registered,4.160,1.00,,photo
base_pair_5c4ae075e78a_00001_partial.npz,base,5c4ae075201b5a0007147677,orto_basemap,partial,,231.7,2.03,48.26,1.113,847,0.6782,0.6882,field,разметка подтверждена,1539366,g0093,1,,c0000,train,registered,4.160,1.00,,photo
base_pair_5c4ae075e78a_00002_partial.npz,base,5c4ae075201b5a0007147677,orto_basemap,partial,,209.6,5.16,57.83,1.068,1127,0.8492,0.8422,field,разметка подтверждена,2351698,g0093,1,,c0000,train,registered,4.160,1.00,,photo
base_pair_5c4ae075e78a_00003_inside.npz,base,5c4ae075201b5a0007147677,orto_basemap,inside,,232.4,8.53,22.45,0.941,1214,1.0,0.998,field,разметка подтверждена,2403721,g0093,1,,c0000,train,registered,4.160,1.00,,photo
base_pair_5c4ae075e78a_00004_partial.npz,base,5c4ae075201b5a0007147677,orto_basemap,partial,,273.4,1.91,68.98,1.149,1623,0.847,0.853,field,разметка подтверждена,2719740,g0093,1,,c0000,train,registered,4.160,1.00,,photo
base_pair_5c4ae075e78a_00005_inside.npz,base,5c4ae075201b5a0007147677,orto_basemap,inside,,265.0,2.15,300.8,1.132,1384,1.0,0.9998,field,разметка подтверждена,2362012,g0093,1,,c0000,train,registered,4.160,1.00,,photo
base_pair_5c4ae075e78a_00007_inside.npz,base,5c4ae075201b5a0007147677,orto_basemap,inside,,175.7,1.06,94.5,0.983,1335,1.0,1.0,field,разметка подтверждена,1941372,g0093,1,,c0000,train,registered,4.160,1.00,,photo
base_pair_5c4ae075e78a_00008_partial.npz,base,5c4ae075201b5a0007147677,orto_basemap,partial,,243.0,2.43,70.67,0.876,1871,0.8047,0.8074,field,разметка подтверждена,2818263,g0093,1,,c0000,train,registered,4.160,1.00,,photo
base_pair_5c4ae075e78a_00009_inside.npz,base,5c4ae075201b5a0007147677,orto_basemap,inside,,227.6,5.87,239.39,1.104,1801,1.0,0.9998,field,разметка подтверждена,2514587,g0093,1,,c0000,train,registered,4.160,1.00,,photo
base_pair_5faf02dd3e40_00000_inside.npz,base,5faf02dd1d7a180007e702e3,orto_basemap,inside,,193.0,4.23,341.51,0.993,1469,1.0,0.9948,field,разметка подтверждена,2236696,g0231,1,,c0001,train,registered,6.650,1.00,,photo
base_pair_5faf02dd3e40_00001_partial.npz,base,5faf02dd1d7a180007e702e3,orto_basemap,partial,,231.7,2.03,48.26,1.113,847,0.6782,0.6858,field,разметка подтверждена,1396329,g0231,1,,c0001,train,registered,6.650,1.00,,photo
base_pair_5faf02dd3e40_00002_partial.npz,base,5faf02dd1d7a180007e702e3,orto_basemap,partial,,209.6,5.16,57.83,1.068,1127,0.8492,0.8351,field,разметка подтверждена,2371052,g0231,1,,c0001,train,registered,6.650,1.00,,photo
base_pair_5faf02dd3e40_00003_inside.npz,base,5faf02dd1d7a180007e702e3,orto_basemap,inside,,232.4,8.53,22.45,0.941,1214,1.0,0.9891,field,разметка подтверждена,2259667,g0231,1,,c0001,train,registered,6.650,1.00,,photo
base_pair_5faf02dd3e40_00004_partial.npz,base,5faf02dd1d7a180007e702e3,orto_basemap,partial,,273.4,1.91,68.98,1.149,1623,0.847,0.8488,field,разметка подтверждена,2576352,g0231,1,,c0001,train,registered,6.650,1.00,,photo
base_pair_5faf02dd3e40_00005_inside.npz,base,5faf02dd1d7a180007e702e3,orto_basemap,inside,,265.0,2.15,300.8,1.132,1384,1.0,0.9938,field,разметка подтверждена,2263113,g0231,1,,c0001,train,registered,6.650,1.00,,photo
base_pair_5faf02dd3e40_00007_inside.npz,base,5faf02dd1d7a180007e702e3,orto_basemap,inside,,175.7,1.06,94.5,0.983,1335,1.0,0.984,field,разметка подтверждена,2102895,g0231,1,,c0001,train,registered,6.650,1.00,,photo
base_pair_5faf02dd3e40_00008_partial.npz,base,5faf02dd1d7a180007e702e3,orto_basemap,partial,,243.0,2.43,70.67,0.876,1871,0.8047,0.804,field,разметка подтверждена,2753136,g0231,1,,c0001,train,registered,6.650,1.00,,photo
base_pair_5faf02dd3e40_00009_inside.npz,base,5faf02dd1d7a180007e702e3,orto_basemap,inside,,227.6,5.87,239.39,1.104,1801,1.0,0.9838,field,разметка подтверждена,2552674,g0231,1,,c0001,train,registered,6.650,1.00,,photo
base_pair_5faf02dd3e40_00010_inside.npz,base,5faf02dd1d7a180007e702e3,orto_basemap,inside,,214.1,7.75,207.61,1.116,1612,1.0,0.9969,field,разметка подтверждена,3058947,g0231,1,,c0001,train,registered,6.650,1.00,,photo
base_pair_5faf02dd3e40_00011_inside.npz,base,5faf02dd1d7a180007e702e3,orto_basemap,inside,,191.6,2.95,182.18,1.034,1918,1.0,0.9985,field,разметка подтверждена,3171103,g0231,1,,c0001,train,registered,6.650,1.00,,photo
base_pair_60a2302b1034_00000_inside.npz,base,60a2302b25820c0005e458d3,orto_basemap,inside,,193.0,4.23,341.51,0.993,1469,1.0,0.9443,field,разметка подтверждена,2490978,g0279,1,,c0001,train,registered,5.340,1.00,,photo
base_pair_60a2302b1034_00001_partial.npz,base,60a2302b25820c0005e458d3,orto_basemap,partial,,231.7,2.03,48.26,1.113,847,0.6782,0.6573,field,разметка подтверждена,1570012,g0279,1,,c0001,train,registered,5.340,1.00,,photo
base_pair_60a2302b1034_00002_partial.npz,base,60a2302b25820c0005e458d3,orto_basemap,partial,,209.6,5.16,57.83,1.068,1127,0.8492,0.8165,field,разметка подтверждена,2579877,g0279,1,,c0001,train,registered,5.340,1.00,,photo
base_pair_60a2302b1034_00003_inside.npz,base,60a2302b25820c0005e458d3,orto_basemap,inside,,232.4,8.53,22.45,0.941,1214,1.0,0.9453,field,разметка подтверждена,2521646,g0279,1,,c0001,train,registered,5.340,1.00,,photo
base_pair_60b0cb4e2144_00000_inside.npz,base,60b0cb4ea9600f000845813f,orto_basemap,inside,,193.0,4.23,341.51,0.993,1469,1.0,0.953,field,разметка подтверждена,2453672,g0281,1,,c0001,train,registered,9.150,1.00,,photo
base_pair_60b0cb4e2144_00001_partial.npz,base,60b0cb4ea9600f000845813f,orto_basemap,partial,,231.7,2.03,48.26,1.113,847,0.6782,0.6512,field,разметка подтверждена,1550484,g0281,1,,c0001,train,registered,9.150,1.00,,photo
base_pair_60b0cb4e2144_00002_partial.npz,base,60b0cb4ea9600f000845813f,orto_basemap,partial,,209.6,5.16,57.83,1.068,1127,0.8492,0.8095,global,разметка подтверждена,2444303,g0281,1,,c0001,train,approx,8.000,0.30,,photo
base_pair_60b0cb4e2144_00003_inside.npz,base,60b0cb4ea9600f000845813f,orto_basemap,inside,,232.4,8.53,22.45,0.941,1214,1.0,0.9639,global,разметка подтверждена,2437290,g0281,1,,c0001,train,approx,8.000,0.30,,photo
base_pair_60b0cb4e2144_00004_partial.npz,base,60b0cb4ea9600f000845813f,orto_basemap,partial,,273.4,1.91,68.98,1.149,1623,0.847,0.8122,global,разметка подтверждена,2801417,g0281,1,,c0001,train,approx,8.000,0.30,,photo
base_pair_60b0cb4e2144_00005_inside.npz,base,60b0cb4ea9600f000845813f,orto_basemap,inside,,265.0,2.15,300.8,1.132,1384,1.0,0.9546,global,разметка подтверждена,2419041,g0281,1,,c0001,train,approx,8.000,0.30,,photo
base_pair_60b0cb4e2144_00007_inside.npz,base,60b0cb4ea9600f000845813f,orto_basemap,inside,,175.7,1.06,94.5,0.983,1335,1.0,0.9224,field,разметка подтверждена,2107907,g0281,1,,c0001,train,registered,9.150,1.00,,photo
base_pair_60b0cb4e2144_00008_partial.npz,base,60b0cb4ea9600f000845813f,orto_basemap,partial,,243.0,2.43,70.67,0.876,1871,0.8047,0.7601,field,разметка подтверждена,2872406,g0281,1,,c0001,train,registered,9.150,1.00,,photo
base_pair_60b0cb4e2144_00009_inside.npz,base,60b0cb4ea9600f000845813f,orto_basemap,inside,,227.6,5.87,239.39,1.104,1801,1.0,0.9682,field,разметка подтверждена,2633293,g0281,1,,c0001,train,registered,9.150,1.00,,photo
base_pair_60b0cb4e2144_00010_inside.npz,base,60b0cb4ea9600f000845813f,orto_basemap,inside,,214.1,7.75,207.61,1.116,1612,1.0,0.9338,global,разметка подтверждена,3266012,g0281,1,,c0001,train,approx,8.000,0.30,,photo
base_pair_60b0cb4e2144_00011_inside.npz,base,60b0cb4ea9600f000845813f,orto_basemap,inside,,191.6,2.95,182.18,1.034,1918,1.0,0.9366,global,разметка подтверждена,3435495,g0281,1,,c0001,train,approx,8.000,0.30,,photo
base_pair_7984038bc685_00000_inside.npz,base,7984038b-f6b5-49c9-8fb5-b077023ca410,orto_basemap,inside,,193.0,4.23,341.51,0.744,1101,1.0,1.0,global,разметка подтверждена,1636078,g0563,1,,c0071,train,approx,8.000,0.30,,photo
base_pair_7984038bc685_00001_partial.npz,base,7984038b-f6b5-49c9-8fb5-b077023ca410,orto_basemap,partial,,231.7,2.03,48.26,0.893,768,0.7247,0.7351,global,разметка подтверждена,1315043,g0563,1,,c0071,train,approx,8.000,0.30,,photo
base_pair_7984038bc685_00002_partial.npz,base,7984038b-f6b5-49c9-8fb5-b077023ca410,orto_basemap,partial,,209.6,5.16,57.83,0.808,853,0.8492,0.8338,field,разметка подтверждена,2051095,g0563,1,,c0071,train,registered,3.950,1.00,,photo
base_pair_7984038bc685_00003_inside.npz,base,7984038b-f6b5-49c9-8fb5-b077023ca410,orto_basemap,inside,,232.4,8.53,22.45,0.896,1156,1.0,0.9836,field,разметка подтверждена,2118751,g0563,1,,c0071,train,registered,3.950,1.00,,photo
base_pair_7984038bc685_00004_partial.npz,base,7984038b-f6b5-49c9-8fb5-b077023ca410,orto_basemap,partial,,273.4,1.91,68.98,1.054,1488,0.8469,0.8517,field,разметка подтверждена,2264018,g0563,1,,c0071,train,registered,3.950,1.00,,photo
base_pair_7984038bc685_00005_inside.npz,base,7984038b-f6b5-49c9-8fb5-b077023ca410,orto_basemap,inside,,265.0,2.15,300.8,1.022,1249,1.0,0.9983,field,разметка подтверждена,1991310,g0563,1,,c0071,train,registered,3.950,1.00,,photo
base_pair_7984038bc685_00007_inside.npz,base,7984038b-f6b5-49c9-8fb5-b077023ca410,orto_basemap,inside,,175.7,1.06,94.5,0.678,920,1.0,0.9794,cell_refine,разметка подтверждена,1552369,g0563,1,,c0071,train,registered,3.950,1.00,,photo
base_pair_7984038bc685_00008_partial.npz,base,7984038b-f6b5-49c9-8fb5-b077023ca410,orto_basemap,partial,,243.0,2.43,70.67,0.876,1871,0.8047,0.7953,field,разметка подтверждена,2314967,g0563,1,,c0071,train,registered,3.950,1.00,,photo
base_pair_7984038bc685_00009_inside.npz,base,7984038b-f6b5-49c9-8fb5-b077023ca410,orto_basemap,inside,,227.6,5.87,239.39,0.878,1431,1.0,0.9979,field,разметка подтверждена,1957702,g0563,1,,c0071,train,registered,3.950,1.00,,photo
base_pair_7984038bc685_00010_inside.npz,base,7984038b-f6b5-49c9-8fb5-b077023ca410,orto_basemap,inside,,214.1,7.75,207.61,0.826,1193,1.0,0.9987,field,разметка подтверждена,2366371,g0563,1,,c0071,train,registered,3.950,1.00,,photo
base_pair_7984038bc685_00011_inside.npz,base,7984038b-f6b5-49c9-8fb5-b077023ca410,orto_basemap,inside,,191.6,2.95,182.18,0.739,1370,1.0,0.9975,field,разметка подтверждена,2180190,g0563,1,,c0071,train,registered,3.950,1.00,,photo
base_pair_60748a35696d_00000_inside.npz,base,60748a35b09f2e0009d46bfe,orto_basemap,inside,,193.0,4.23,341.51,0.993,1469,1.0,0.9825,field,разметка подтверждена,2507060,g0264,1,,c0001,train,registered,3.620,1.00,,photo
base_pair_60748a35696d_00001_partial.npz,base,60748a35b09f2e0009d46bfe,orto_basemap,partial,,231.7,2.03,48.26,1.113,847,0.6782,0.6717,field,разметка подтверждена,1526827,g0264,1,,c0001,train,registered,3.620,1.00,,photo
base_pair_60748a35696d_00002_partial.npz,base,60748a35b09f2e0009d46bfe,orto_basemap,partial,,209.6,5.16,57.83,1.068,1127,0.8492,0.8337,field,разметка подтверждена,2486618,g0264,1,,c0001,train,registered,3.620,1.00,,photo
base_pair_60748a35696d_00003_inside.npz,base,60748a35b09f2e0009d46bfe,orto_basemap,inside,,232.4,8.53,22.45,0.941,1214,1.0,0.9844,field,разметка подтверждена,2476891,g0264,1,,c0001,train,registered,3.620,1.00,,photo
base_pair_60748a35696d_00004_partial.npz,base,60748a35b09f2e0009d46bfe,orto_basemap,partial,,273.4,1.91,68.98,1.149,1623,0.847,0.8073,field,разметка подтверждена,2834262,g0264,1,,c0001,train,registered,3.620,1.00,,photo
base_pair_60748a35696d_00005_inside.npz,base,60748a35b09f2e0009d46bfe,orto_basemap,inside,,265.0,2.15,300.8,1.132,1384,1.0,0.9186,field,разметка подтверждена,2414638,g0264,1,,c0001,train,registered,3.620,1.00,,photo
base_pair_6098f332c9d8_00000_inside.npz,base,6098f3325277360006c5bf72,orto_basemap,inside,,193.0,4.23,341.51,0.993,1469,1.0,0.9782,field,разметка подтверждена,2411799,g0274,1,,c0025,train,registered,3.310,1.00,,photo
base_pair_6098f332c9d8_00001_partial.npz,base,6098f3325277360006c5bf72,orto_basemap,partial,,231.7,2.03,48.26,1.113,847,0.6782,0.6599,field,разметка подтверждена,1566894,g0274,1,,c0025,train,registered,3.310,1.00,,photo
base_pair_6098f332c9d8_00002_partial.npz,base,6098f3325277360006c5bf72,orto_basemap,partial,,209.6,5.16,57.83,1.068,1127,0.8492,0.8243,field,разметка подтверждена,2394349,g0274,1,,c0025,train,registered,3.310,1.00,,photo
base_pair_6098f332c9d8_00003_inside.npz,base,6098f3325277360006c5bf72,orto_basemap,inside,,232.4,8.53,22.45,0.941,1214,1.0,0.9701,field,разметка подтверждена,2494451,g0274,1,,c0025,train,registered,3.310,1.00,,photo
base_pair_6098f332c9d8_00004_partial.npz,base,6098f3325277360006c5bf72,orto_basemap,partial,,273.4,1.91,68.98,1.149,1623,0.847,0.8048,field,разметка подтверждена,2906809,g0274,1,,c0025,train,registered,3.310,1.00,,photo
base_pair_6098f332c9d8_00005_inside.npz,base,6098f3325277360006c5bf72,orto_basemap,inside,,265.0,2.15,300.8,1.132,1384,1.0,0.9361,field,разметка подтверждена,2494238,g0274,1,,c0025,train,registered,3.310,1.00,,photo
base_pair_6098f332c9d8_00007_inside.npz,base,6098f3325277360006c5bf72,orto_basemap,inside,,175.7,1.06,94.5,0.983,1335,1.0,0.933,field,разметка подтверждена,2109731,g0274,1,,c0025,train,registered,3.310,1.00,,photo
base_pair_6098f332c9d8_00008_partial.npz,base,6098f3325277360006c5bf72,orto_basemap,partial,,243.0,2.43,70.67,0.876,1871,0.8047,0.7556,field,разметка подтверждена,3122741,g0274,1,,c0025,train,registered,3.310,1.00,,photo
base_pair_6098f332c9d8_00009_inside.npz,base,6098f3325277360006c5bf72,orto_basemap,inside,,227.6,5.87,239.39,1.104,1801,1.0,0.9121,field,разметка подтверждена,2835996,g0274,1,,c0025,train,registered,3.310,1.00,,photo
base_pair_6098f332c9d8_00010_inside.npz,base,6098f3325277360006c5bf72,orto_basemap,inside,,214.1,7.75,207.61,1.116,1612,1.0,0.9625,field,разметка подтверждена,3205426,g0274,1,,c0025,train,registered,3.310,1.00,,photo
base_pair_6098f332c9d8_00011_inside.npz,base,6098f3325277360006c5bf72,orto_basemap,inside,,191.6,2.95,182.18,1.034,1918,1.0,0.9383,field,разметка подтверждена,3335706,g0274,1,,c0025,train,registered,3.310,1.00,,photo
base_pair_609d746cf752_00000_inside.npz,base,609d746c3ac764000718b2b4,orto_basemap,inside,,193.0,4.23,341.51,0.759,1123,1.0,0.9807,field,разметка подтверждена,1899727,g0278,1,,c0011,train,registered,2.750,1.00,,photo
base_pair_609d746cf752_00001_partial.npz,base,609d746c3ac764000718b2b4,orto_basemap,partial,,231.7,2.03,48.26,0.911,768,0.7188,0.719,field,разметка подтверждена,1498630,g0278,1,,c0011,train,registered,2.750,1.00,,photo
base_pair_609d746cf752_00002_partial.npz,base,609d746c3ac764000718b2b4,orto_basemap,partial,,209.6,5.16,57.83,0.825,870,0.849,0.8367,field,разметка подтверждена,2135759,g0278,1,,c0011,train,registered,2.750,1.00,,photo
base_pair_609d746cf752_00003_inside.npz,base,609d746c3ac764000718b2b4,orto_basemap,inside,,232.4,8.53,22.45,0.914,1179,1.0,0.9918,field,разметка подтверждена,2244033,g0278,1,,c0011,train,registered,2.750,1.00,,photo
base_pair_609d746cf752_00004_partial.npz,base,609d746c3ac764000718b2b4,orto_basemap,partial,,273.4,1.91,68.98,1.075,1519,0.8471,0.8517,field,разметка подтверждена,2409932,g0278,1,,c0011,train,registered,2.750,1.00,,photo
base_pair_609d746cf752_00005_inside.npz,base,609d746c3ac764000718b2b4,orto_basemap,inside,,265.0,2.15,300.8,1.042,1275,1.0,0.9981,field,разметка подтверждена,2107266,g0278,1,,c0011,train,registered,2.750,1.00,,photo
base_pair_6789216f68ad_00000_inside.npz,base,6789216f1b953900016c6906,orto_basemap,inside,,193.0,4.23,341.51,0.993,1469,1.0,0.9984,field,разметка подтверждена,2153138,g0009,2,copy,c0057,train,registered,3.780,1.00,,photo
base_pair_6789216f68ad_00001_partial.npz,base,6789216f1b953900016c6906,orto_basemap,partial,,231.7,2.03,48.26,1.113,847,0.6782,0.6886,field,разметка подтверждена,1438826,g0009,2,copy,c0057,train,registered,3.780,1.00,,photo
base_pair_6789216f68ad_00002_partial.npz,base,6789216f1b953900016c6906,orto_basemap,partial,,209.6,5.16,57.83,1.068,1127,0.8492,0.8179,field,разметка подтверждена,2322362,g0009,2,copy,c0057,train,registered,3.780,1.00,,photo
base_pair_6789216f68ad_00003_inside.npz,base,6789216f1b953900016c6906,orto_basemap,inside,,232.4,8.53,22.45,0.941,1214,1.0,0.9622,field,разметка подтверждена,2211692,g0009,2,copy,c0057,train,registered,3.780,1.00,,photo
base_pair_6038d4855ee8_00000_inside.npz,base,6038d48599a416000668993d,orto_basemap,inside,,193.0,4.23,341.51,0.993,1469,1.0,0.9497,field,разметка подтверждена,2486545,g0256,1,,c0001,train,registered,6.710,1.00,,photo
base_pair_6038d4855ee8_00001_partial.npz,base,6038d48599a416000668993d,orto_basemap,partial,,231.7,2.03,48.26,1.113,847,0.6782,0.6562,field,разметка подтверждена,1568284,g0256,1,,c0001,train,registered,6.710,1.00,,photo
base_pair_6038d4855ee8_00002_partial.npz,base,6038d48599a416000668993d,orto_basemap,partial,,209.6,5.16,57.83,1.068,1127,0.8492,0.8263,field,разметка подтверждена,2452406,g0256,1,,c0001,train,registered,6.710,1.00,,photo
base_pair_6038d4855ee8_00003_inside.npz,base,6038d48599a416000668993d,orto_basemap,inside,,232.4,8.53,22.45,0.941,1214,1.0,0.9614,field,разметка подтверждена,2407403,g0256,1,,c0001,train,registered,6.710,1.00,,photo
base_pair_5e570a9bf260_00000_inside.npz,base,5e570a9b2408ff000614bb85,orto_basemap,inside,,193.0,4.23,341.51,0.993,1469,1.0,0.9993,field,разметка подтверждена,2262145,g0140,1,,c0000,train,registered,1.980,1.00,,photo
base_pair_5e570a9bf260_00001_partial.npz,base,5e570a9b2408ff000614bb85,orto_basemap,partial,,231.7,2.03,48.26,1.113,847,0.6782,0.6884,field,разметка подтверждена,1601642,g0140,1,,c0000,train,registered,1.980,1.00,,photo
base_pair_5e570a9bf260_00002_partial.npz,base,5e570a9b2408ff000614bb85,orto_basemap,partial,,209.6,5.16,57.83,1.068,1127,0.8492,0.8413,field,разметка подтверждена,2382310,g0140,1,,c0000,train,registered,1.980,1.00,,photo
base_pair_5e570a9bf260_00003_inside.npz,base,5e570a9b2408ff000614bb85,orto_basemap,inside,,232.4,8.53,22.45,0.941,1214,1.0,1.0,field,разметка подтверждена,2455958,g0140,1,,c0000,train,registered,1.980,1.00,,photo
base_pair_5e570a9bf260_00004_partial.npz,base,5e570a9b2408ff000614bb85,orto_basemap,partial,,273.4,1.91,68.98,1.149,1623,0.847,0.853,field,разметка подтверждена,2702180,g0140,1,,c0000,train,registered,1.980,1.00,,photo
base_pair_5e570a9bf260_00005_inside.npz,base,5e570a9b2408ff000614bb85,orto_basemap,inside,,265.0,2.15,300.8,1.132,1384,1.0,0.999,field,разметка подтверждена,2363387,g0140,1,,c0000,train,registered,1.980,1.00,,photo
base_pair_5f7553620235_00000_inside.npz,base,5f75536261151700054968d0,orto_basemap,inside,,193.0,4.23,341.51,0.699,1034,1.0,1.0,field,разметка подтверждена,1495043,g0212,1,,c0119,train,registered,5.540,1.00,,photo
base_pair_5f7553620235_00001_partial.npz,base,5f75536261151700054968d0,orto_basemap,partial,,231.7,2.03,48.26,0.839,768,0.7403,0.7505,field,разметка подтверждена,1299715,g0212,1,,c0119,train,registered,5.540,1.00,,photo
base_pair_5f7553620235_00002_partial.npz,base,5f75536261151700054968d0,orto_basemap,partial,,209.6,5.16,57.83,0.759,801,0.849,0.8422,field,разметка подтверждена,2074906,g0212,1,,c0119,train,registered,5.540,1.00,,photo
base_pair_5f7553620235_00003_inside.npz,base,5f75536261151700054968d0,orto_basemap,inside,,232.4,8.53,22.45,0.842,1086,1.0,1.0,field,разметка подтверждена,2051468,g0212,1,,c0119,train,registered,5.540,1.00,,photo
base_pair_5f7553620235_00004_partial.npz,base,5f75536261151700054968d0,orto_basemap,partial,,273.4,1.91,68.98,0.99,1398,0.8469,0.8507,field,разметка подтверждена,2093955,g0212,1,,c0119,train,registered,5.540,1.00,,photo
base_pair_5f7553620235_00005_inside.npz,base,5f75536261151700054968d0,orto_basemap,inside,,265.0,2.15,300.8,0.96,1173,1.0,0.9957,field,разметка подтверждена,1784987,g0212,1,,c0119,train,registered,5.540,1.00,,photo
base_pair_5bb146e6437c_00000_inside.npz,base,5bb146e67e1a410005fd2ec5,orto_basemap,inside,,193.0,4.23,341.51,0.993,1469,1.0,0.9988,field,разметка подтверждена,2166341,g0073,1,,c0090,heldout,registered,3.870,1.00,,photo
base_pair_5bb146e6437c_00001_partial.npz,base,5bb146e67e1a410005fd2ec5,orto_basemap,partial,,231.7,2.03,48.26,1.113,847,0.6782,0.6887,field,разметка подтверждена,1449346,g0073,1,,c0090,heldout,registered,3.870,1.00,,photo
base_pair_5bb146e6437c_00002_partial.npz,base,5bb146e67e1a410005fd2ec5,orto_basemap,partial,,209.6,5.16,57.83,1.068,1127,0.8492,0.8294,field,разметка подтверждена,2400932,g0073,1,,c0090,heldout,registered,3.870,1.00,,photo
base_pair_5bb146e6437c_00003_inside.npz,base,5bb146e67e1a410005fd2ec5,orto_basemap,inside,,232.4,8.53,22.45,0.941,1214,1.0,0.9958,field,разметка подтверждена,2339443,g0073,1,,c0090,heldout,registered,3.870,1.00,,photo
base_pair_5e6ec263f7e7_00000_inside.npz,base,5e6ec2638c5f5b000536548f,orto_basemap,inside,,193.0,4.23,341.51,0.993,1469,1.0,0.9996,field,разметка подтверждена,2296360,g0142,1,,c0000,train,registered,3.450,1.00,,photo
base_pair_5e6ec263f7e7_00001_partial.npz,base,5e6ec2638c5f5b000536548f,orto_basemap,partial,,231.7,2.03,48.26,1.113,847,0.6782,0.6881,field,разметка подтверждена,1590151,g0142,1,,c0000,train,registered,3.450,1.00,,photo
base_pair_5e6ec263f7e7_00002_partial.npz,base,5e6ec2638c5f5b000536548f,orto_basemap,partial,,209.6,5.16,57.83,1.068,1127,0.8492,0.8422,field,разметка подтверждена,2403576,g0142,1,,c0000,train,registered,3.450,1.00,,photo
base_pair_5e6ec263f7e7_00003_inside.npz,base,5e6ec2638c5f5b000536548f,orto_basemap,inside,,232.4,8.53,22.45,0.941,1214,1.0,0.9995,field,разметка подтверждена,2513017,g0142,1,,c0000,train,registered,3.450,1.00,,photo
base_pair_5e232ad3e50a_00000_inside.npz,base,5e232ad350259f000541fc50,orto_basemap,inside,,193.0,4.23,341.51,0.684,1011,1.0,0.9944,field,разметка подтверждена,1816178,g0131,1,,c0101,heldout,registered,4.990,1.00,,photo
base_pair_5e232ad3e50a_00001_partial.npz,base,5e232ad350259f000541fc50,orto_basemap,partial,,231.7,2.03,48.26,0.821,768,0.746,0.7513,field,разметка подтверждена,1510556,g0131,1,,c0101,heldout,registered,4.990,1.00,,photo
base_pair_5e232ad3e50a_00002_partial.npz,base,5e232ad350259f000541fc50,orto_basemap,partial,,209.6,5.16,57.83,0.743,784,0.8492,0.8411,field,разметка подтверждена,2084135,g0131,1,,c0101,heldout,registered,4.990,1.00,,photo
base_pair_5e232ad3e50a_00003_inside.npz,base,5e232ad350259f000541fc50,orto_basemap,inside,,232.4,8.53,22.45,0.823,1062,1.0,0.9986,field,разметка подтверждена,2091496,g0131,1,,c0101,heldout,registered,4.990,1.00,,photo
base_pair_5b78f9979eaf_00000_inside.npz,base,5b78f99705203f6dbb94d91b,orto_basemap,inside,,193.0,4.23,341.51,0.993,1469,1.0,0.9995,field,разметка подтверждена,2361841,g0046,1,,c0082,train,registered,8.140,1.00,,photo
base_pair_5b78f9979eaf_00001_partial.npz,base,5b78f99705203f6dbb94d91b,orto_basemap,partial,,231.7,2.03,48.26,1.113,847,0.6782,0.6854,field,разметка подтверждена,1631793,g0046,1,,c0082,train,registered,8.140,1.00,,photo
base_pair_5b78f9979eaf_00002_partial.npz,base,5b78f99705203f6dbb94d91b,orto_basemap,partial,,209.6,5.16,57.83,1.068,1127,0.8492,0.8402,field,разметка подтверждена,2396311,g0046,1,,c0082,train,registered,8.140,1.00,,photo
base_pair_5b78f9979eaf_00003_inside.npz,base,5b78f99705203f6dbb94d91b,orto_basemap,inside,,232.4,8.53,22.45,0.941,1214,1.0,0.9978,field,разметка подтверждена,2461008,g0046,1,,c0082,train,registered,8.140,1.00,,photo
base_pair_60bd650cb676_00000_inside.npz,base,60bd650cbf1e3700068051dd,orto_basemap,inside,,193.0,4.23,341.51,0.993,1469,1.0,0.9916,field,разметка подтверждена,2263346,g0285,1,,c0010,val,registered,4.160,1.00,,photo
base_pair_60bd650cb676_00001_partial.npz,base,60bd650cbf1e3700068051dd,orto_basemap,partial,,231.7,2.03,48.26,1.113,847,0.6782,0.6882,field,разметка подтверждена,1547013,g0285,1,,c0010,val,registered,4.160,1.00,,photo
base_pair_60bd650cb676_00002_partial.npz,base,60bd650cbf1e3700068051dd,orto_basemap,partial,,209.6,5.16,57.83,1.068,1127,0.8492,0.8388,field,разметка подтверждена,2382633,g0285,1,,c0010,val,registered,4.160,1.00,,photo
base_pair_60bd650cb676_00003_inside.npz,base,60bd650cbf1e3700068051dd,orto_basemap,inside,,232.4,8.53,22.45,0.941,1214,1.0,0.9929,field,разметка подтверждена,2422432,g0285,1,,c0010,val,registered,4.160,1.00,,photo
base_pair_60bd650cb676_00004_partial.npz,base,60bd650cbf1e3700068051dd,orto_basemap,partial,,273.4,1.91,68.98,1.149,1623,0.847,0.8514,field,разметка подтверждена,2785163,g0285,1,,c0010,val,registered,4.160,1.00,,photo
base_pair_60bd650cb676_00005_inside.npz,base,60bd650cbf1e3700068051dd,orto_basemap,inside,,265.0,2.15,300.8,1.132,1384,1.0,0.9997,field,разметка подтверждена,2377054,g0285,1,,c0010,val,registered,4.160,1.00,,photo
base_pair_60bd650cb676_00007_inside.npz,base,60bd650cbf1e3700068051dd,orto_basemap,inside,,175.7,1.06,94.5,0.983,1335,1.0,0.9962,field,разметка подтверждена,2055581,g0285,1,,c0010,val,registered,4.160,1.00,,photo
base_pair_60bd650cb676_00008_partial.npz,base,60bd650cbf1e3700068051dd,orto_basemap,partial,,243.0,2.43,70.67,0.876,1871,0.8047,0.8061,field,разметка подтверждена,2844477,g0285,1,,c0010,val,registered,4.160,1.00,,photo
base_pair_60bd650cb676_00009_inside.npz,base,60bd650cbf1e3700068051dd,orto_basemap,inside,,227.6,5.87,239.39,1.104,1801,1.0,0.9959,field,разметка подтверждена,2531787,g0285,1,,c0010,val,registered,4.160,1.00,,photo
base_pair_60bd650cb676_00010_inside.npz,base,60bd650cbf1e3700068051dd,orto_basemap,inside,,214.1,7.75,207.61,1.116,1612,1.0,0.9999,global,разметка подтверждена,2916724,g0285,1,,c0010,val,approx,8.000,0.30,,photo
base_pair_60bd650cb676_00011_inside.npz,base,60bd650cbf1e3700068051dd,orto_basemap,inside,,191.6,2.95,182.18,1.034,1918,1.0,0.9998,global,разметка подтверждена,3008446,g0285,1,,c0010,val,approx,8.000,0.30,,photo
base_pair_5ecb0947433b_00000_inside.npz,base,5ecb0947f62f370006df3439,orto_basemap,inside,,193.0,4.23,341.51,0.993,1469,1.0,0.9998,field,разметка подтверждена,2092443,g0173,1,,c0000,train,registered,8.000,1.00,,photo
base_pair_5ecb0947433b_00001_partial.npz,base,5ecb0947f62f370006df3439,orto_basemap,partial,,231.7,2.03,48.26,1.113,847,0.6782,0.6888,field,разметка подтверждена,1453136,g0173,1,,c0000,train,registered,8.000,1.00,,photo
base_pair_5ecb0947433b_00002_partial.npz,base,5ecb0947f62f370006df3439,orto_basemap,partial,,209.6,5.16,57.83,1.068,1127,0.8492,0.8422,field,разметка подтверждена,2267832,g0173,1,,c0000,train,registered,8.000,1.00,,photo
base_pair_5ecb0947433b_00003_inside.npz,base,5ecb0947f62f370006df3439,orto_basemap,inside,,232.4,8.53,22.45,0.941,1214,1.0,0.9986,field,разметка подтверждена,2351746,g0173,1,,c0000,train,registered,8.000,1.00,,photo
base_pair_5ecb0947433b_00004_partial.npz,base,5ecb0947f62f370006df3439,orto_basemap,partial,,273.4,1.91,68.98,1.149,1623,0.847,0.853,field,разметка подтверждена,2612783,g0173,1,,c0000,train,registered,8.000,1.00,,photo
base_pair_5ecb0947433b_00005_inside.npz,base,5ecb0947f62f370006df3439,orto_basemap,inside,,265.0,2.15,300.8,1.132,1384,1.0,1.0,field,разметка подтверждена,2286377,g0173,1,,c0000,train,registered,8.000,1.00,,photo
base_pair_5ecb0947433b_00007_inside.npz,base,5ecb0947f62f370006df3439,orto_basemap,inside,,175.7,1.06,94.5,0.983,1335,1.0,0.9998,field,разметка подтверждена,2029267,g0173,1,,c0000,train,registered,8.000,1.00,,photo
base_pair_5ecb0947433b_00008_partial.npz,base,5ecb0947f62f370006df3439,orto_basemap,partial,,243.0,2.43,70.67,0.876,1871,0.8047,0.805,field,разметка подтверждена,2771145,g0173,1,,c0000,train,registered,8.000,1.00,,photo
base_pair_5ecb0947433b_00009_inside.npz,base,5ecb0947f62f370006df3439,orto_basemap,inside,,227.6,5.87,239.39,1.104,1801,1.0,0.9988,field,разметка подтверждена,2420530,g0173,1,,c0000,train,registered,8.000,1.00,,photo
base_pair_5ecb0947433b_00010_inside.npz,base,5ecb0947f62f370006df3439,orto_basemap,inside,,214.1,7.75,207.61,1.116,1612,1.0,0.9999,field,разметка подтверждена,2875118,g0173,1,,c0000,train,registered,8.000,1.00,,photo
base_pair_5ecb0947433b_00011_inside.npz,base,5ecb0947f62f370006df3439,orto_basemap,inside,,191.6,2.95,182.18,1.034,1918,1.0,1.0,field,разметка подтверждена,2932993,g0173,1,,c0000,train,registered,8.000,1.00,,photo
base_pair_5fb6367c4f2d_00000_inside.npz,base,5fb6367c68af790007275a60,orto_basemap,inside,,193.0,4.23,341.51,0.993,1469,1.0,0.9123,field,разметка подтверждена,2381311,g0235,1,,c0001,train,registered,7.350,1.00,,photo
base_pair_5fb6367c4f2d_00001_partial.npz,base,5fb6367c68af790007275a60,orto_basemap,partial,,231.7,2.03,48.26,1.113,847,0.6782,0.6504,field,разметка подтверждена,1516264,g0235,1,,c0001,train,registered,7.350,1.00,,photo
base_pair_5fb6367c4f2d_00002_partial.npz,base,5fb6367c68af790007275a60,orto_basemap,partial,,209.6,5.16,57.83,1.068,1127,0.8492,0.824,field,разметка подтверждена,2442735,g0235,1,,c0001,train,registered,7.350,1.00,,photo
base_pair_5fb6367c4f2d_00003_inside.npz,base,5fb6367c68af790007275a60,orto_basemap,inside,,232.4,8.53,22.45,0.941,1214,1.0,0.9734,field,разметка подтверждена,2387258,g0235,1,,c0001,train,registered,7.350,1.00,,photo
base_pair_5b70436b73fe_00000_inside.npz,base,5b70436b91cf641d09eeacbd,orto_basemap,inside,,193.0,4.23,341.51,0.873,1291,1.0,0.9794,field,разметка подтверждена,1880084,g0043,1,,c0026,heldout,registered,6.640,1.00,,photo
base_pair_5b70436b73fe_00001_partial.npz,base,5b70436b91cf641d09eeacbd,orto_basemap,partial,,231.7,2.03,48.26,1.048,798,0.6783,0.6845,field,разметка подтверждена,1431966,g0043,1,,c0026,heldout,registered,6.640,1.00,,photo
base_pair_5b70436b73fe_00002_partial.npz,base,5b70436b91cf641d09eeacbd,orto_basemap,partial,,209.6,5.16,57.83,0.948,1000,0.849,0.8422,field,разметка подтверждена,2176539,g0043,1,,c0026,heldout,registered,6.640,1.00,,photo
base_pair_5b70436b73fe_00003_inside.npz,base,5b70436b91cf641d09eeacbd,orto_basemap,inside,,232.4,8.53,22.45,0.941,1214,1.0,1.0,field,разметка подтверждена,2186391,g0043,1,,c0026,heldout,registered,6.640,1.00,,photo
base_pair_5b70436b73fe_00004_partial.npz,base,5b70436b91cf641d09eeacbd,orto_basemap,partial,,273.4,1.91,68.98,1.149,1623,0.847,0.853,field,разметка подтверждена,2356251,g0043,1,,c0026,heldout,registered,6.640,1.00,,photo
base_pair_5b70436b73fe_00005_inside.npz,base,5b70436b91cf641d09eeacbd,orto_basemap,inside,,265.0,2.15,300.8,1.132,1384,1.0,1.0,field,разметка подтверждена,2079605,g0043,1,,c0026,heldout,registered,6.640,1.00,,photo
base_pair_5cbccbad6094_00000_inside.npz,base,5cbccbadd951f000055fdf5c,orto_basemap,inside,,193.0,4.23,341.51,0.993,1469,1.0,1.0,field,разметка подтверждена,2161726,g0104,1,,c0000,train,registered,5.760,1.00,,photo
base_pair_5cbccbad6094_00001_partial.npz,base,5cbccbadd951f000055fdf5c,orto_basemap,partial,,231.7,2.03,48.26,1.113,847,0.6782,0.6888,field,разметка подтверждена,1510147,g0104,1,,c0000,train,registered,5.760,1.00,,photo
base_pair_5cbccbad6094_00002_partial.npz,base,5cbccbadd951f000055fdf5c,orto_basemap,partial,,209.6,5.16,57.83,1.068,1127,0.8492,0.8422,field,разметка подтверждена,2274582,g0104,1,,c0000,train,registered,5.760,1.00,,photo
base_pair_5cbccbad6094_00003_inside.npz,base,5cbccbadd951f000055fdf5c,orto_basemap,inside,,232.4,8.53,22.45,0.941,1214,1.0,1.0,field,разметка подтверждена,2346777,g0104,1,,c0000,train,registered,5.760,1.00,,photo
base_pair_5cbccbad6094_00004_partial.npz,base,5cbccbadd951f000055fdf5c,orto_basemap,partial,,273.4,1.91,68.98,1.149,1623,0.847,0.853,field,разметка подтверждена,2621178,g0104,1,,c0000,train,registered,5.760,1.00,,photo
base_pair_5cbccbad6094_00005_inside.npz,base,5cbccbadd951f000055fdf5c,orto_basemap,inside,,265.0,2.15,300.8,1.132,1384,1.0,0.9999,field,разметка подтверждена,2253611,g0104,1,,c0000,train,registered,5.760,1.00,,photo
base_pair_5cbccbad6094_00007_inside.npz,base,5cbccbadd951f000055fdf5c,orto_basemap,inside,,175.7,1.06,94.5,0.983,1335,1.0,0.9985,field,разметка подтверждена,1870511,g0104,1,,c0000,train,registered,5.760,1.00,,photo
base_pair_5cbccbad6094_00008_partial.npz,base,5cbccbadd951f000055fdf5c,orto_basemap,partial,,243.0,2.43,70.67,0.876,1871,0.8047,0.8074,field,разметка подтверждена,2656204,g0104,1,,c0000,train,registered,5.760,1.00,,photo
base_pair_5cbccbad6094_00009_inside.npz,base,5cbccbadd951f000055fdf5c,orto_basemap,inside,,227.6,5.87,239.39,1.104,1801,1.0,1.0,field,разметка подтверждена,2419076,g0104,1,,c0000,train,registered,5.760,1.00,,photo
base_pair_5cbccbad6094_00010_inside.npz,base,5cbccbadd951f000055fdf5c,orto_basemap,inside,,214.1,7.75,207.61,1.116,1612,1.0,1.0,field,разметка подтверждена,2867864,g0104,1,,c0000,train,registered,5.760,1.00,,photo
base_pair_5cbccbad6094_00011_inside.npz,base,5cbccbadd951f000055fdf5c,orto_basemap,inside,,191.6,2.95,182.18,1.034,1918,1.0,1.0,field,разметка подтверждена,2919168,g0104,1,,c0000,train,registered,5.760,1.00,,photo
base_pair_66fb186a520e_00000_inside.npz,base,66fb186a23ed2600011d5276,orto_basemap,inside,,193.0,4.23,341.51,0.993,1469,1.0,1.0,global,без структуры,2302673,g0455,1,,c0211,train,approx,8.000,0.30,,photo
base_pair_66fb186a520e_00001_partial.npz,base,66fb186a23ed2600011d5276,orto_basemap,partial,,231.7,2.03,48.26,1.113,847,0.6782,0.6888,global,без структуры,1587766,g0455,1,,c0211,train,approx,8.000,0.30,,photo
base_pair_66fb186a520e_00002_partial.npz,base,66fb186a23ed2600011d5276,orto_basemap,partial,,209.6,5.16,57.83,1.068,1127,0.8492,0.8424,field,без структуры,2406267,g0455,1,,c0211,train,approx,8.000,0.30,,photo
base_pair_66fb186a520e_00003_inside.npz,base,66fb186a23ed2600011d5276,orto_basemap,inside,,232.4,8.53,22.45,0.941,1214,1.0,1.0,field,без структуры,2332294,g0455,1,,c0211,train,approx,8.000,0.30,,photo
base_pair_66fb186a520e_00004_partial.npz,base,66fb186a23ed2600011d5276,orto_basemap,partial,,273.4,1.91,68.98,1.149,1623,0.847,0.853,field,без структуры,2607911,g0455,1,,c0211,train,approx,8.000,0.30,,photo
base_pair_66fb186a520e_00005_inside.npz,base,66fb186a23ed2600011d5276,orto_basemap,inside,,265.0,2.15,300.8,1.132,1384,1.0,1.0,field,без структуры,2263247,g0455,1,,c0211,train,approx,8.000,0.30,,photo
base_pair_611407aa3d85_00000_inside.npz,base,611407aaac1a340005a1cd04(1),orto_basemap,inside,,193.0,4.23,341.51,0.993,1469,1.0,0.9999,field,разметка подтверждена,2206282,g0304,1,,c0017,train,registered,1.570,1.00,,photo
base_pair_611407aa3d85_00001_partial.npz,base,611407aaac1a340005a1cd04(1),orto_basemap,partial,,231.7,2.03,48.26,1.113,847,0.6782,0.6887,field,разметка подтверждена,1487366,g0304,1,,c0017,train,registered,1.570,1.00,,photo
base_pair_611407aa3d85_00002_partial.npz,base,611407aaac1a340005a1cd04(1),orto_basemap,partial,,209.6,5.16,57.83,1.068,1127,0.8492,0.842,field,разметка подтверждена,2431827,g0304,1,,c0017,train,registered,1.570,1.00,,photo
base_pair_611407aa3d85_00003_inside.npz,base,611407aaac1a340005a1cd04(1),orto_basemap,inside,,232.4,8.53,22.45,0.941,1214,1.0,0.9993,field,разметка подтверждена,2459306,g0304,1,,c0017,train,registered,1.570,1.00,,photo
base_pair_611407aa3d85_00004_partial.npz,base,611407aaac1a340005a1cd04(1),orto_basemap,partial,,273.4,1.91,68.98,1.149,1623,0.847,0.8517,field,разметка подтверждена,2772487,g0304,1,,c0017,train,registered,1.570,1.00,,photo
base_pair_611407aa3d85_00005_inside.npz,base,611407aaac1a340005a1cd04(1),orto_basemap,inside,,265.0,2.15,300.8,1.132,1384,1.0,0.9997,field,разметка подтверждена,2408420,g0304,1,,c0017,train,registered,1.570,1.00,,photo
base_pair_5ff84224b021_00000_inside.npz,base,5ff84224474d8300067bfa3d,orto_basemap,inside,,193.0,4.23,341.51,0.993,1469,1.0,0.9623,field,разметка подтверждена,2519471,g0247,1,,c0001,train,registered,4.670,1.00,,photo
base_pair_5ff84224b021_00001_partial.npz,base,5ff84224474d8300067bfa3d,orto_basemap,partial,,231.7,2.03,48.26,1.113,847,0.6782,0.6623,field,разметка подтверждена,1584324,g0247,1,,c0001,train,registered,4.670,1.00,,photo
base_pair_5ff84224b021_00002_partial.npz,base,5ff84224474d8300067bfa3d,orto_basemap,partial,,209.6,5.16,57.83,1.068,1127,0.8492,0.7925,field,разметка подтверждена,2511263,g0247,1,,c0001,train,registered,4.670,1.00,,photo
base_pair_5ff84224b021_00003_inside.npz,base,5ff84224474d8300067bfa3d,orto_basemap,inside,,232.4,8.53,22.45,0.941,1214,1.0,0.9635,field,разметка подтверждена,2526441,g0247,1,,c0001,train,registered,4.670,1.00,,photo
base_pair_5ff84224b021_00004_partial.npz,base,5ff84224474d8300067bfa3d,orto_basemap,partial,,273.4,1.91,68.98,1.149,1623,0.847,0.8073,field,разметка подтверждена,2930879,g0247,1,,c0001,train,registered,4.670,1.00,,photo
base_pair_5ff84224b021_00005_inside.npz,base,5ff84224474d8300067bfa3d,orto_basemap,inside,,265.0,2.15,300.8,1.132,1384,1.0,0.9748,field,разметка подтверждена,2561794,g0247,1,,c0001,train,registered,4.670,1.00,,photo
base_pair_5ff84224b021_00007_inside.npz,base,5ff84224474d8300067bfa3d,orto_basemap,inside,,175.7,1.06,94.5,0.983,1335,1.0,0.9427,field,разметка подтверждена,2374055,g0247,1,,c0001,train,registered,4.670,1.00,,photo
base_pair_63430bedcee6_00000_inside.npz,base,63430bedb771680005735a0c,orto_basemap,inside,,193.0,4.23,341.51,0.993,1469,1.0,0.9943,global,без структуры,2387351,g0351,1,,c0158,val,approx,8.000,0.30,,photo
base_pair_63430bedcee6_00001_partial.npz,base,63430bedb771680005735a0c,orto_basemap,partial,,231.7,2.03,48.26,1.113,847,0.6782,0.688,global,без структуры,1616316,g0351,1,,c0158,val,approx,8.000,0.30,,photo
base_pair_63430bedcee6_00002_partial.npz,base,63430bedb771680005735a0c,orto_basemap,partial,,209.6,5.16,57.83,1.068,1127,0.8492,0.8385,field,без структуры,2467628,g0351,1,,c0158,val,approx,8.000,0.30,,photo
base_pair_63430bedcee6_00003_inside.npz,base,63430bedb771680005735a0c,orto_basemap,inside,,232.4,8.53,22.45,0.941,1214,1.0,0.9862,field,без структуры,2540960,g0351,1,,c0158,val,approx,8.000,0.30,,photo
base_pair_63430bedcee6_00004_partial.npz,base,63430bedb771680005735a0c,orto_basemap,partial,,273.4,1.91,68.98,1.149,1623,0.847,0.8491,field,без структуры,2850547,g0351,1,,c0158,val,approx,8.000,0.30,,photo
base_pair_63430bedcee6_00005_inside.npz,base,63430bedb771680005735a0c,orto_basemap,inside,,265.0,2.15,300.8,1.132,1384,1.0,0.9949,field,без структуры,2463949,g0351,1,,c0158,val,approx,8.000,0.30,,photo
base_pair_5fc43410d134_00000_inside.npz,base,5fc4341092e0140005b38bdd,orto_basemap,inside,,193.0,4.23,341.51,0.993,1469,1.0,0.9674,field,без структуры,2458487,g0238,1,,c0001,train,approx,8.000,0.30,,photo
base_pair_5fc43410d134_00001_partial.npz,base,5fc4341092e0140005b38bdd,orto_basemap,partial,,231.7,2.03,48.26,1.113,847,0.6782,0.6766,field,без структуры,1522302,g0238,1,,c0001,train,approx,8.000,0.30,,photo
base_pair_5fc43410d134_00002_partial.npz,base,5fc4341092e0140005b38bdd,orto_basemap,partial,,209.6,5.16,57.83,1.068,1127,0.8492,0.7822,field,без структуры,2441860,g0238,1,,c0001,train,approx,8.000,0.30,,photo
base_pair_5fc43410d134_00003_inside.npz,base,5fc4341092e0140005b38bdd,orto_basemap,inside,,232.4,8.53,22.45,0.941,1214,1.0,0.9491,field,без структуры,2437902,g0238,1,,c0001,train,approx,8.000,0.30,,photo
base_pair_c871ddc80f49_00000_inside.npz,base,c871ddc8-91b3-461f-bc96-f321f33cf483,orto_basemap,inside,,193.0,4.23,341.51,0.993,1469,1.0,0.9495,field,разметка подтверждена,1980561,g0581,1,,c0276,train,registered,2.650,1.00,,photo
base_pair_c871ddc80f49_00001_partial.npz,base,c871ddc8-91b3-461f-bc96-f321f33cf483,orto_basemap,partial,,231.7,2.03,48.26,1.113,847,0.6782,0.6888,field,разметка подтверждена,1388091,g0581,1,,c0276,train,registered,2.650,1.00,,photo
base_pair_d2b44a4605a6_00000_inside.npz,base,d2b44a46-0bef-4057-a9be-5d01e85b3299,orto_basemap,inside,,193.0,4.23,341.51,0.993,1469,1.0,0.9999,field,разметка подтверждена,2328286,g0583,1,,c0034,heldout,registered,5.140,1.00,,photo
base_pair_d2b44a4605a6_00001_partial.npz,base,d2b44a46-0bef-4057-a9be-5d01e85b3299,orto_basemap,partial,,231.7,2.03,48.26,1.113,847,0.6782,0.6881,field,разметка подтверждена,1385172,g0583,1,,c0034,heldout,registered,5.140,1.00,,photo
base_pair_5f1344f8f5bc_00000_inside.npz,base,5f1344f8baa90f0006a0ab2b,orto_basemap,inside,,193.0,4.23,341.51,0.993,1469,1.0,1.0,field,проверено частично,1841134,g0185,1,,c0033,heldout,approx,8.000,0.30,,photo
base_pair_5f1344f8f5bc_00001_partial.npz,base,5f1344f8baa90f0006a0ab2b,orto_basemap,partial,,231.7,2.03,48.26,1.113,847,0.6782,0.6888,field,проверено частично,1336327,g0185,1,,c0033,heldout,approx,8.000,0.30,,photo
base_pair_5f1344f8f5bc_00002_partial.npz,base,5f1344f8baa90f0006a0ab2b,orto_basemap,partial,,209.6,5.16,57.83,1.068,1127,0.8492,0.7963,field,проверено частично,2011095,g0185,1,,c0033,heldout,approx,8.000,0.30,,photo
base_pair_5f1344f8f5bc_00003_inside.npz,base,5f1344f8baa90f0006a0ab2b,orto_basemap,inside,,232.4,8.53,22.45,0.941,1214,1.0,0.9999,field,проверено частично,2147465,g0185,1,,c0033,heldout,approx,8.000,0.30,,photo
base_pair_5f1344f8f5bc_00004_partial.npz,base,5f1344f8baa90f0006a0ab2b,orto_basemap,partial,,273.4,1.91,68.98,1.149,1623,0.847,0.853,field,проверено частично,2339988,g0185,1,,c0033,heldout,approx,8.000,0.30,,photo
base_pair_5f1344f8f5bc_00005_inside.npz,base,5f1344f8baa90f0006a0ab2b,orto_basemap,inside,,265.0,2.15,300.8,1.132,1384,1.0,0.9983,field,проверено частично,2052871,g0185,1,,c0033,heldout,approx,8.000,0.30,,photo
base_pair_5f1344f8f5bc_00007_inside.npz,base,5f1344f8baa90f0006a0ab2b,orto_basemap,inside,,175.7,1.06,94.5,0.976,1325,1.0,0.9935,field,проверено частично,1711968,g0185,1,,c0033,heldout,approx,8.000,0.30,,photo
base_pair_607f3e04b46d_00000_inside.npz,base,607f3e045415000005a52848,orto_basemap,inside,,193.0,4.23,341.51,0.993,1469,1.0,0.9942,field,разметка подтверждена,2430534,g0269,1,,c0001,train,registered,5.500,1.00,,photo
base_pair_607f3e04b46d_00001_partial.npz,base,607f3e045415000005a52848,orto_basemap,partial,,231.7,2.03,48.26,1.113,847,0.6782,0.6854,field,разметка подтверждена,1519277,g0269,1,,c0001,train,registered,5.500,1.00,,photo
base_pair_607f3e04b46d_00002_partial.npz,base,607f3e045415000005a52848,orto_basemap,partial,,209.6,5.16,57.83,1.068,1127,0.8492,0.8186,field,разметка подтверждена,2393540,g0269,1,,c0001,train,registered,5.500,1.00,,photo
base_pair_607f3e04b46d_00003_inside.npz,base,607f3e045415000005a52848,orto_basemap,inside,,232.4,8.53,22.45,0.941,1214,1.0,0.9992,field,разметка подтверждена,2367191,g0269,1,,c0001,train,registered,5.500,1.00,,photo
base_pair_607f3e04b46d_00004_partial.npz,base,607f3e045415000005a52848,orto_basemap,partial,,273.4,1.91,68.98,1.149,1623,0.847,0.8528,field,разметка подтверждена,2651678,g0269,1,,c0001,train,registered,5.500,1.00,,photo
base_pair_607f3e04b46d_00005_inside.npz,base,607f3e045415000005a52848,orto_basemap,inside,,265.0,2.15,300.8,1.132,1384,1.0,0.9994,field,разметка подтверждена,2330211,g0269,1,,c0001,train,registered,5.500,1.00,,photo
base_pair_68cb97ca5244_00000_inside.npz,base,68cb97cafea39f0ce18be995,orto_basemap,inside,,193.0,4.23,341.51,0.693,1026,1.0,0.993,field,разметка подтверждена,1772248,g0511,1,,c0002,heldout,registered,3.100,1.00,,photo
base_pair_68cb97ca5244_00001_partial.npz,base,68cb97cafea39f0ce18be995,orto_basemap,partial,,231.7,2.03,48.26,0.832,768,0.7424,0.751,field,разметка подтверждена,1450522,g0511,1,,c0002,heldout,registered,3.100,1.00,,photo
base_pair_aa368fc74d7a_00000_inside.npz,base,aa368fc7-c1e6-48ef-adbb-bc23da93d397,orto_basemap,inside,,193.0,4.23,341.51,0.993,1469,1.0,1.0,field,разметка подтверждена,1977629,g0574,1,,c0073,train,registered,2.750,1.00,,photo
base_pair_aa368fc74d7a_00001_partial.npz,base,aa368fc7-c1e6-48ef-adbb-bc23da93d397,orto_basemap,partial,,231.7,2.03,48.26,1.113,847,0.6782,0.6885,field,разметка подтверждена,1414127,g0574,1,,c0073,train,registered,2.750,1.00,,photo
base_pair_aa368fc74d7a_00002_partial.npz,base,aa368fc7-c1e6-48ef-adbb-bc23da93d397,orto_basemap,partial,,209.6,5.16,57.83,1.068,1127,0.8492,0.8391,field,разметка подтверждена,2219038,g0574,1,,c0073,train,registered,2.750,1.00,,photo
base_pair_aa368fc74d7a_00003_inside.npz,base,aa368fc7-c1e6-48ef-adbb-bc23da93d397,orto_basemap,inside,,232.4,8.53,22.45,0.941,1214,1.0,0.9979,field,разметка подтверждена,2190421,g0574,1,,c0073,train,registered,2.750,1.00,,photo
base_pair_5e068ec50821_00000_inside.npz,base,5e068ec505e6590005c2f719,orto_basemap,inside,,193.0,4.23,341.51,0.993,1469,1.0,1.0,field,проверено частично,2538080,g0129,1,,c0046,heldout,approx,8.000,0.30,,photo
base_pair_5e068ec50821_00001_partial.npz,base,5e068ec505e6590005c2f719,orto_basemap,partial,,231.7,2.03,48.26,1.113,847,0.6782,0.6888,field,проверено частично,1618113,g0129,1,,c0046,heldout,approx,8.000,0.30,,photo
base_pair_5e068ec50821_00002_partial.npz,base,5e068ec505e6590005c2f719,orto_basemap,partial,,209.6,5.16,57.83,1.068,1127,0.8492,0.8424,field,проверено частично,2536586,g0129,1,,c0046,heldout,approx,8.000,0.30,,photo
base_pair_5e068ec50821_00003_inside.npz,base,5e068ec505e6590005c2f719,orto_basemap,inside,,232.4,8.53,22.45,0.941,1214,1.0,0.9999,field,проверено частично,2369388,g0129,1,,c0046,heldout,approx,8.000,0.30,,photo
base_pair_5fc40f62a809_00000_inside.npz,base,5fc40f625c0a9300055a0c12,orto_basemap,inside,,193.0,4.23,341.51,0.993,1469,1.0,0.9529,field,разметка подтверждена,2458615,g0237,1,,c0001,train,registered,5.540,1.00,,photo
base_pair_5fc40f62a809_00001_partial.npz,base,5fc40f625c0a9300055a0c12,orto_basemap,partial,,231.7,2.03,48.26,1.113,847,0.6782,0.6538,field,разметка подтверждена,1508152,g0237,1,,c0001,train,registered,5.540,1.00,,photo
base_pair_5fc40f62a809_00002_partial.npz,base,5fc40f625c0a9300055a0c12,orto_basemap,partial,,209.6,5.16,57.83,1.068,1127,0.8492,0.8113,field,разметка подтверждена,2431857,g0237,1,,c0001,train,registered,5.540,1.00,,photo
base_pair_5fc40f62a809_00003_inside.npz,base,5fc40f625c0a9300055a0c12,orto_basemap,inside,,232.4,8.53,22.45,0.941,1214,1.0,0.9784,field,разметка подтверждена,2421903,g0237,1,,c0001,train,registered,5.540,1.00,,photo
base_pair_5e232d62413d_00000_inside.npz,base,5e232d6250259f000541fc56,orto_basemap,inside,,193.0,4.23,341.51,0.683,1011,1.0,1.0,field,разметка подтверждена,1571421,g0132,1,,c0102,train,registered,8.020,1.00,,photo
base_pair_5e232d62413d_00001_partial.npz,base,5e232d6250259f000541fc56,orto_basemap,partial,,231.7,2.03,48.26,0.82,768,0.7462,0.7554,field,разметка подтверждена,1352937,g0132,1,,c0102,train,registered,8.020,1.00,,photo
base_pair_5ddf372b30e2_00000_inside.npz,base,5ddf372b0140b80006d2e57d,orto_basemap,inside,,193.0,4.23,341.51,0.993,1469,1.0,1.0,field,разметка подтверждена,2204883,g0122,1,,c0096,heldout,registered,5.270,1.00,,photo
base_pair_5ddf372b30e2_00001_partial.npz,base,5ddf372b0140b80006d2e57d,orto_basemap,partial,,231.7,2.03,48.26,1.113,847,0.6782,0.6888,field,разметка подтверждена,1525338,g0122,1,,c0096,heldout,registered,5.270,1.00,,photo
base_pair_5ddf372b30e2_00002_partial.npz,base,5ddf372b0140b80006d2e57d,orto_basemap,partial,,209.6,5.16,57.83,1.068,1127,0.8492,0.8398,field,разметка подтверждена,2264286,g0122,1,,c0096,heldout,registered,5.270,1.00,,photo
base_pair_5ddf372b30e2_00003_inside.npz,base,5ddf372b0140b80006d2e57d,orto_basemap,inside,,232.4,8.53,22.45,0.941,1214,1.0,1.0,field,разметка подтверждена,2204875,g0122,1,,c0096,heldout,registered,5.270,1.00,,photo
base_pair_5e67af4a3bfc_00000_inside.npz,base,5e67af4ae82eb700055028d4,orto_basemap,inside,,193.0,4.23,341.51,0.684,1012,1.0,1.0,field,разметка подтверждена,1715589,g0141,1,,c0108,train,registered,2.960,1.00,,photo
base_pair_5e67af4a3bfc_00001_partial.npz,base,5e67af4ae82eb700055028d4,orto_basemap,partial,,231.7,2.03,48.26,0.821,768,0.7458,0.7555,field,разметка подтверждена,1433792,g0141,1,,c0108,train,registered,2.960,1.00,,photo
base_pair_69d6b4cb21ec_00000_inside.npz,base,69d6b4cb9415aba327dd7486,orto_basemap,inside,,193.0,4.23,341.51,0.859,1271,1.0,1.0,field,разметка подтверждена,1685222,g0536,1,,c0021,train,registered,2.550,1.00,,photo
base_pair_69d6b4cb21ec_00001_partial.npz,base,69d6b4cb9415aba327dd7486,orto_basemap,partial,,231.7,2.03,48.26,1.031,785,0.6782,0.6888,field,разметка подтверждена,1296607,g0536,1,,c0021,train,registered,2.550,1.00,,photo
base_pair_68f3d63110db_00000_inside.npz,base,68f3d63137c118f529c05180,orto_basemap,inside,,193.0,4.23,341.51,0.692,1023,1.0,0.9962,global,разметка подтверждена,1662531,g0522,1,,c0251,heldout,approx,8.000,0.30,,photo
base_pair_68f3d63110db_00001_partial.npz,base,68f3d63137c118f529c05180,orto_basemap,partial,,231.7,2.03,48.26,0.83,768,0.743,0.752,global,разметка подтверждена,1374582,g0522,1,,c0251,heldout,approx,8.000,0.30,,photo
base_pair_68f3d63110db_00002_partial.npz,base,68f3d63137c118f529c05180,orto_basemap,partial,,209.6,5.16,57.83,0.751,793,0.8491,0.8255,field,разметка подтверждена,2061145,g0522,1,,c0251,heldout,registered,4.250,1.00,,photo
base_pair_68f3d63110db_00003_inside.npz,base,68f3d63137c118f529c05180,orto_basemap,inside,,232.4,8.53,22.45,0.833,1075,1.0,0.9818,field,разметка подтверждена,2136902,g0522,1,,c0251,heldout,registered,4.250,1.00,,photo
base_pair_68f3d63110db_00004_partial.npz,base,68f3d63137c118f529c05180,orto_basemap,partial,,273.4,1.91,68.98,0.98,1384,0.847,0.8419,field,разметка подтверждена,2300460,g0522,1,,c0251,heldout,registered,4.250,1.00,,photo
base_pair_68f3d63110db_00005_inside.npz,base,68f3d63137c118f529c05180,orto_basemap,inside,,265.0,2.15,300.8,0.95,1161,1.0,0.9814,field,разметка подтверждена,2014332,g0522,1,,c0251,heldout,registered,4.250,1.00,,photo
base_pair_68f3d63110db_00007_inside.npz,base,68f3d63137c118f529c05180,orto_basemap,inside,,175.7,1.06,94.5,0.63,855,1.0,0.9928,field,разметка подтверждена,1559717,g0522,1,,c0251,heldout,registered,4.250,1.00,,photo
base_pair_68f3d63110db_00008_inside.npz,base,68f3d63137c118f529c05180,orto_basemap,inside,,227.6,5.87,239.39,0.816,1331,1.0,0.9865,field,разметка подтверждена,1886593,g0522,1,,c0251,heldout,registered,4.250,1.00,,photo
base_pair_68f3d63110db_00009_inside.npz,base,68f3d63137c118f529c05180,orto_basemap,inside,,214.1,7.75,207.61,0.767,1109,1.0,0.9943,field,разметка подтверждена,2381315,g0522,1,,c0251,heldout,registered,4.250,1.00,,photo
base_pair_60c06e83fec0_00000_inside.npz,base,60c06e83ace22e0007396bc0,orto_basemap,inside,,193.0,4.23,341.51,0.993,1469,1.0,0.986,global,разметка подтверждена,2395849,g0286,1,,c0001,train,approx,8.000,0.30,,photo
base_pair_60c06e83fec0_00001_partial.npz,base,60c06e83ace22e0007396bc0,orto_basemap,partial,,231.7,2.03,48.26,1.113,847,0.6782,0.6881,global,разметка подтверждена,1543294,g0286,1,,c0001,train,approx,8.000,0.30,,photo
base_pair_60c06e83fec0_00002_partial.npz,base,60c06e83ace22e0007396bc0,orto_basemap,partial,,209.6,5.16,57.83,1.068,1127,0.8492,0.8192,global,разметка подтверждена,2383368,g0286,1,,c0001,train,approx,8.000,0.30,,photo
base_pair_60c06e83fec0_00003_inside.npz,base,60c06e83ace22e0007396bc0,orto_basemap,inside,,232.4,8.53,22.45,0.941,1214,1.0,0.9819,global,разметка подтверждена,2372005,g0286,1,,c0001,train,approx,8.000,0.30,,photo
base_pair_60c06e83fec0_00004_partial.npz,base,60c06e83ace22e0007396bc0,orto_basemap,partial,,273.4,1.91,68.98,1.149,1623,0.847,0.8048,global,разметка подтверждена,2707548,g0286,1,,c0001,train,approx,8.000,0.30,,photo
base_pair_60c06e83fec0_00005_inside.npz,base,60c06e83ace22e0007396bc0,orto_basemap,inside,,265.0,2.15,300.8,1.132,1384,1.0,0.9534,global,разметка подтверждена,2352213,g0286,1,,c0001,train,approx,8.000,0.30,,photo
base_pair_60c06e83fec0_00007_inside.npz,base,60c06e83ace22e0007396bc0,orto_basemap,inside,,175.7,1.06,94.5,0.983,1335,1.0,0.9801,field,разметка подтверждена,2110266,g0286,1,,c0001,train,registered,8.030,1.00,,photo
base_pair_60c06e83fec0_00008_partial.npz,base,60c06e83ace22e0007396bc0,orto_basemap,partial,,243.0,2.43,70.67,0.876,1871,0.8047,0.7532,cell_refine,разметка подтверждена,2813366,g0286,1,,c0001,train,registered,8.030,1.00,,photo
base_pair_60c06e83fec0_00009_inside.npz,base,60c06e83ace22e0007396bc0,orto_basemap,inside,,227.6,5.87,239.39,1.104,1801,1.0,0.9628,cell_refine,разметка подтверждена,2615872,g0286,1,,c0001,train,registered,8.030,1.00,,photo
base_pair_60c06e83fec0_00010_inside.npz,base,60c06e83ace22e0007396bc0,orto_basemap,inside,,214.1,7.75,207.61,1.116,1612,1.0,0.9755,field,разметка подтверждена,3103632,g0286,1,,c0001,train,registered,8.030,1.00,,photo
base_pair_60c06e83fec0_00011_inside.npz,base,60c06e83ace22e0007396bc0,orto_basemap,inside,,191.6,2.95,182.18,1.034,1918,1.0,0.9804,field,разметка подтверждена,3203992,g0286,1,,c0001,train,registered,8.030,1.00,,photo
base_pair_a54c05a3b03e_00000_inside.npz,base,a54c05a3-3b60-49fe-80b5-fab96e5ba38f,orto_basemap,inside,,193.0,4.23,341.51,0.993,1469,1.0,0.9998,field,разметка подтверждена,2084217,g0573,1,,c0022,train,registered,7.000,1.00,,photo
base_pair_a54c05a3b03e_00001_partial.npz,base,a54c05a3-3b60-49fe-80b5-fab96e5ba38f,orto_basemap,partial,,231.7,2.03,48.26,1.113,847,0.6782,0.6887,field,разметка подтверждена,1433946,g0573,1,,c0022,train,registered,7.000,1.00,,photo
base_pair_a54c05a3b03e_00002_partial.npz,base,a54c05a3-3b60-49fe-80b5-fab96e5ba38f,orto_basemap,partial,,209.6,5.16,57.83,1.068,1127,0.8492,0.8405,field,разметка подтверждена,2323883,g0573,1,,c0022,train,registered,7.000,1.00,,photo
base_pair_a54c05a3b03e_00003_inside.npz,base,a54c05a3-3b60-49fe-80b5-fab96e5ba38f,orto_basemap,inside,,232.4,8.53,22.45,0.941,1214,1.0,0.9994,field,разметка подтверждена,2350757,g0573,1,,c0022,train,registered,7.000,1.00,,photo
base_pair_a54c05a3b03e_00004_partial.npz,base,a54c05a3-3b60-49fe-80b5-fab96e5ba38f,orto_basemap,partial,,273.4,1.91,68.98,1.149,1623,0.847,0.8511,field,разметка подтверждена,2565822,g0573,1,,c0022,train,registered,7.000,1.00,,photo
base_pair_a54c05a3b03e_00005_inside.npz,base,a54c05a3-3b60-49fe-80b5-fab96e5ba38f,orto_basemap,inside,,265.0,2.15,300.8,1.132,1384,1.0,0.9881,field,разметка подтверждена,2245889,g0573,1,,c0022,train,registered,7.000,1.00,,photo
base_pair_a54c05a3b03e_00007_inside.npz,base,a54c05a3-3b60-49fe-80b5-fab96e5ba38f,orto_basemap,inside,,175.7,1.06,94.5,0.983,1335,1.0,0.9953,field,разметка подтверждена,2038420,g0573,1,,c0022,train,registered,7.000,1.00,,photo
base_pair_a54c05a3b03e_00008_partial.npz,base,a54c05a3-3b60-49fe-80b5-fab96e5ba38f,orto_basemap,partial,,243.0,2.43,70.67,0.876,1871,0.8047,0.8047,field,разметка подтверждена,2688921,g0573,1,,c0022,train,registered,7.000,1.00,,photo
base_pair_a54c05a3b03e_00009_inside.npz,base,a54c05a3-3b60-49fe-80b5-fab96e5ba38f,orto_basemap,inside,,227.6,5.87,239.39,1.104,1801,1.0,0.997,field,разметка подтверждена,2399349,g0573,1,,c0022,train,registered,7.000,1.00,,photo
base_pair_a54c05a3b03e_00010_inside.npz,base,a54c05a3-3b60-49fe-80b5-fab96e5ba38f,orto_basemap,inside,,214.1,7.75,207.61,1.116,1612,1.0,0.9931,field,разметка подтверждена,2893370,g0573,1,,c0022,train,registered,7.000,1.00,,photo
base_pair_a54c05a3b03e_00011_inside.npz,base,a54c05a3-3b60-49fe-80b5-fab96e5ba38f,orto_basemap,inside,,191.6,2.95,182.18,1.034,1918,1.0,0.9822,field,разметка подтверждена,2912905,g0573,1,,c0022,train,registered,7.000,1.00,,photo
base_pair_86a6b3cfae47_00000_inside.npz,base,86a6b3cf-aa8a-4be4-81d6-8d6c9aab0976,orto_basemap,inside,,193.0,4.23,341.51,0.743,1099,1.0,0.9975,field,разметка подтверждена,1922667,g0566,1,,c0074,heldout,registered,3.140,1.00,,photo
base_pair_86a6b3cfae47_00001_partial.npz,base,86a6b3cf-aa8a-4be4-81d6-8d6c9aab0976,orto_basemap,partial,,231.7,2.03,48.26,0.892,768,0.7251,0.7348,field,разметка подтверждена,1535148,g0566,1,,c0074,heldout,registered,3.140,1.00,,photo
base_pair_86a6b3cfae47_00002_partial.npz,base,86a6b3cf-aa8a-4be4-81d6-8d6c9aab0976,orto_basemap,partial,,209.6,5.16,57.83,0.807,851,0.8489,0.842,field,разметка подтверждена,2164079,g0566,1,,c0074,heldout,registered,3.140,1.00,,photo
base_pair_86a6b3cfae47_00003_inside.npz,base,86a6b3cf-aa8a-4be4-81d6-8d6c9aab0976,orto_basemap,inside,,232.4,8.53,22.45,0.894,1154,1.0,0.9998,field,разметка подтверждена,2224270,g0566,1,,c0074,heldout,registered,3.140,1.00,,photo
base_pair_86a6b3cfae47_00004_partial.npz,base,86a6b3cf-aa8a-4be4-81d6-8d6c9aab0976,orto_basemap,partial,,273.4,1.91,68.98,1.052,1486,0.847,0.8513,field,разметка подтверждена,2583597,g0566,1,,c0074,heldout,registered,3.140,1.00,,photo
base_pair_86a6b3cfae47_00005_inside.npz,base,86a6b3cf-aa8a-4be4-81d6-8d6c9aab0976,orto_basemap,inside,,265.0,2.15,300.8,1.02,1247,1.0,0.9987,field,разметка подтверждена,2180775,g0566,1,,c0074,heldout,registered,3.140,1.00,,photo
base_pair_86a6b3cfae47_00007_inside.npz,base,86a6b3cf-aa8a-4be4-81d6-8d6c9aab0976,orto_basemap,inside,,175.7,1.06,94.5,0.676,918,1.0,0.9976,field,разметка подтверждена,1645942,g0566,1,,c0074,heldout,registered,3.140,1.00,,photo
base_pair_86a6b3cfae47_00008_partial.npz,base,86a6b3cf-aa8a-4be4-81d6-8d6c9aab0976,orto_basemap,partial,,243.0,2.43,70.67,0.876,1871,0.8047,0.8066,field,разметка подтверждена,2780987,g0566,1,,c0074,heldout,registered,3.140,1.00,,photo
base_pair_86a6b3cfae47_00009_inside.npz,base,86a6b3cf-aa8a-4be4-81d6-8d6c9aab0976,orto_basemap,inside,,227.6,5.87,239.39,0.876,1429,1.0,0.9994,field,разметка подтверждена,2088583,g0566,1,,c0074,heldout,registered,3.140,1.00,,photo
base_pair_86a6b3cfae47_00010_inside.npz,base,86a6b3cf-aa8a-4be4-81d6-8d6c9aab0976,orto_basemap,inside,,214.1,7.75,207.61,0.824,1191,1.0,0.9981,field,разметка подтверждена,2526082,g0566,1,,c0074,heldout,registered,3.140,1.00,,photo
base_pair_86a6b3cfae47_00011_inside.npz,base,86a6b3cf-aa8a-4be4-81d6-8d6c9aab0976,orto_basemap,inside,,191.6,2.95,182.18,0.737,1368,1.0,0.9976,field,разметка подтверждена,2412672,g0566,1,,c0074,heldout,registered,3.140,1.00,,photo
base_pair_5b205967e946_00000_inside.npz,base,5b2059672b6a08001185f7e1,orto_basemap,inside,,193.0,4.23,341.51,0.993,1469,1.0,0.9999,global,разметка подтверждена,2087204,g0034,1,,c0000,train,approx,8.000,0.30,,photo
base_pair_5b205967e946_00001_partial.npz,base,5b2059672b6a08001185f7e1,orto_basemap,partial,,231.7,2.03,48.26,1.113,847,0.6782,0.6888,global,разметка подтверждена,1485561,g0034,1,,c0000,train,approx,8.000,0.30,,photo
base_pair_5b205967e946_00002_partial.npz,base,5b2059672b6a08001185f7e1,orto_basemap,partial,,209.6,5.16,57.83,1.068,1127,0.8492,0.8421,global,разметка подтверждена,2289664,g0034,1,,c0000,train,approx,8.000,0.30,,photo
base_pair_5b205967e946_00003_inside.npz,base,5b2059672b6a08001185f7e1,orto_basemap,inside,,232.4,8.53,22.45,0.941,1214,1.0,1.0,global,разметка подтверждена,2346130,g0034,1,,c0000,train,approx,8.000,0.30,,photo
base_pair_5b205967e946_00004_partial.npz,base,5b2059672b6a08001185f7e1,orto_basemap,partial,,273.4,1.91,68.98,1.149,1623,0.847,0.8525,global,разметка подтверждена,2600356,g0034,1,,c0000,train,approx,8.000,0.30,,photo
base_pair_5b205967e946_00005_inside.npz,base,5b2059672b6a08001185f7e1,orto_basemap,inside,,265.0,2.15,300.8,1.132,1384,1.0,0.9999,global,разметка подтверждена,2262393,g0034,1,,c0000,train,approx,8.000,0.30,,photo
base_pair_5b205967e946_00007_inside.npz,base,5b2059672b6a08001185f7e1,orto_basemap,inside,,175.7,1.06,94.5,0.983,1335,1.0,1.0,field,разметка подтверждена,1896889,g0034,1,,c0000,train,registered,7.800,1.00,,photo
base_pair_5b205967e946_00008_partial.npz,base,5b2059672b6a08001185f7e1,orto_basemap,partial,,243.0,2.43,70.67,0.876,1871,0.8047,0.8033,field,разметка подтверждена,2709362,g0034,1,,c0000,train,registered,7.800,1.00,,photo
base_pair_5b205967e946_00009_inside.npz,base,5b2059672b6a08001185f7e1,orto_basemap,inside,,227.6,5.87,239.39,1.104,1801,1.0,0.9997,field,разметка подтверждена,2472497,g0034,1,,c0000,train,registered,7.800,1.00,,photo
base_pair_5b205967e946_00010_inside.npz,base,5b2059672b6a08001185f7e1,orto_basemap,inside,,214.1,7.75,207.61,1.116,1612,1.0,0.9988,field,разметка подтверждена,2969457,g0034,1,,c0000,train,registered,7.800,1.00,,photo
base_pair_5b205967e946_00011_inside.npz,base,5b2059672b6a08001185f7e1,orto_basemap,inside,,191.6,2.95,182.18,1.034,1918,1.0,0.9985,field,разметка подтверждена,3030373,g0034,1,,c0000,train,registered,7.800,1.00,,photo
base_pair_5f61ffb60004_00000_inside.npz,base,5f61ffb682c1c7000508d8c6,orto_basemap,inside,,193.0,4.23,341.51,0.83,1227,1.0,0.9863,field,разметка подтверждена,1869581,g0206,1,,c0013,train,registered,5.660,1.00,,photo
base_pair_5f61ffb60004_00001_partial.npz,base,5f61ffb682c1c7000508d8c6,orto_basemap,partial,,231.7,2.03,48.26,0.996,768,0.6843,0.6949,field,разметка подтверждена,1403660,g0206,1,,c0013,train,registered,5.660,1.00,,photo
base_pair_5f61ffb60004_00002_partial.npz,base,5f61ffb682c1c7000508d8c6,orto_basemap,partial,,209.6,5.16,57.83,0.901,950,0.8488,0.8421,field,разметка подтверждена,2143382,g0206,1,,c0013,train,registered,5.660,1.00,,photo
base_pair_5f61ffb60004_00003_inside.npz,base,5f61ffb682c1c7000508d8c6,orto_basemap,inside,,232.4,8.53,22.45,0.941,1214,1.0,1.0,field,разметка подтверждена,2234110,g0206,1,,c0013,train,registered,5.660,1.00,,photo
base_pair_5f61ffb60004_00004_partial.npz,base,5f61ffb682c1c7000508d8c6,orto_basemap,partial,,273.4,1.91,68.98,1.149,1623,0.847,0.853,field,разметка подтверждена,2369205,g0206,1,,c0013,train,registered,5.660,1.00,,photo
base_pair_5f61ffb60004_00005_inside.npz,base,5f61ffb682c1c7000508d8c6,orto_basemap,inside,,265.0,2.15,300.8,1.132,1384,1.0,1.0,field,разметка подтверждена,2093419,g0206,1,,c0013,train,registered,5.660,1.00,,photo
base_pair_5f61ffb60004_00007_inside.npz,base,5f61ffb682c1c7000508d8c6,orto_basemap,inside,,175.7,1.06,94.5,0.755,1026,1.0,1.0,field,разметка подтверждена,1646696,g0206,1,,c0013,train,registered,5.660,1.00,,photo
base_pair_5f61ffb60004_00008_partial.npz,base,5f61ffb682c1c7000508d8c6,orto_basemap,partial,,243.0,2.43,70.67,0.876,1871,0.8047,0.8074,field,разметка подтверждена,2385911,g0206,1,,c0013,train,registered,5.660,1.00,,photo
base_pair_5f61ffb60004_00009_inside.npz,base,5f61ffb682c1c7000508d8c6,orto_basemap,inside,,227.6,5.87,239.39,0.978,1595,1.0,1.0,field,разметка подтверждена,2063551,g0206,1,,c0013,train,registered,5.660,1.00,,photo
base_pair_5f61ffb60004_00010_inside.npz,base,5f61ffb682c1c7000508d8c6,orto_basemap,inside,,214.1,7.75,207.61,0.92,1330,1.0,1.0,global,разметка подтверждена,2504017,g0206,1,,c0013,train,approx,8.000,0.30,,photo
base_pair_5f61ffb60004_00011_inside.npz,base,5f61ffb682c1c7000508d8c6,orto_basemap,inside,,191.6,2.95,182.18,0.823,1527,1.0,0.9999,global,разметка подтверждена,2274099,g0206,1,,c0013,train,approx,8.000,0.30,,photo
base_pair_605755637b5b_00000_inside.npz,base,605755636741be0007357111,orto_basemap,inside,,193.0,4.23,341.51,0.993,1469,1.0,0.9977,field,разметка подтверждена,2252606,g0258,1,,c0128,train,registered,2.960,1.00,,photo
base_pair_605755637b5b_00001_partial.npz,base,605755636741be0007357111,orto_basemap,partial,,231.7,2.03,48.26,1.113,847,0.6782,0.6823,field,разметка подтверждена,1455787,g0258,1,,c0128,train,registered,2.960,1.00,,photo
base_pair_605755637b5b_00002_partial.npz,base,605755636741be0007357111,orto_basemap,partial,,209.6,5.16,57.83,1.068,1127,0.8492,0.8387,field,разметка подтверждена,2359632,g0258,1,,c0128,train,registered,2.960,1.00,,photo
base_pair_605755637b5b_00003_inside.npz,base,605755636741be0007357111,orto_basemap,inside,,232.4,8.53,22.45,0.941,1214,1.0,0.9963,field,разметка подтверждена,2298911,g0258,1,,c0128,train,registered,2.960,1.00,,photo
base_pair_605755637b5b_00004_partial.npz,base,605755636741be0007357111,orto_basemap,partial,,273.4,1.91,68.98,1.149,1623,0.847,0.8458,field,разметка подтверждена,2650738,g0258,1,,c0128,train,registered,2.960,1.00,,photo
base_pair_605755637b5b_00005_inside.npz,base,605755636741be0007357111,orto_basemap,inside,,265.0,2.15,300.8,1.132,1384,1.0,0.9798,field,разметка подтверждена,2312698,g0258,1,,c0128,train,registered,2.960,1.00,,photo
base_pair_0f2e9280b238_00000_inside.npz,base,0f2e9280-1857-46a2-8279-9a91b5b2a845,orto_basemap,inside,,193.0,4.23,341.51,0.993,1469,1.0,0.9984,field,разметка подтверждена,2130039,g0019,1,,c0012,val,registered,10.300,1.00,,photo
base_pair_0f2e9280b238_00001_partial.npz,base,0f2e9280-1857-46a2-8279-9a91b5b2a845,orto_basemap,partial,,231.7,2.03,48.26,1.113,847,0.6782,0.6869,field,разметка подтверждена,1470496,g0019,1,,c0012,val,registered,10.300,1.00,,photo
base_pair_0f2e9280b238_00002_partial.npz,base,0f2e9280-1857-46a2-8279-9a91b5b2a845,orto_basemap,partial,,209.6,5.16,57.83,1.068,1127,0.8492,0.8417,global,разметка подтверждена,2300148,g0019,1,,c0012,val,approx,8.000,0.30,,photo
base_pair_0f2e9280b238_00003_inside.npz,base,0f2e9280-1857-46a2-8279-9a91b5b2a845,orto_basemap,inside,,232.4,8.53,22.45,0.941,1214,1.0,0.9991,global,разметка подтверждена,2334036,g0019,1,,c0012,val,approx,8.000,0.30,,photo
base_pair_0f2e9280b238_00004_partial.npz,base,0f2e9280-1857-46a2-8279-9a91b5b2a845,orto_basemap,partial,,273.4,1.91,68.98,1.149,1623,0.847,0.8498,field,разметка подтверждена,2494100,g0019,1,,c0012,val,registered,10.300,1.00,,photo
base_pair_0f2e9280b238_00005_inside.npz,base,0f2e9280-1857-46a2-8279-9a91b5b2a845,orto_basemap,inside,,265.0,2.15,300.8,1.132,1384,1.0,0.9974,field,разметка подтверждена,2247848,g0019,1,,c0012,val,registered,10.300,1.00,,photo
base_pair_0f2e9280b238_00007_inside.npz,base,0f2e9280-1857-46a2-8279-9a91b5b2a845,orto_basemap,inside,,175.7,1.06,94.5,0.983,1335,1.0,0.9978,field,разметка подтверждена,1990980,g0019,1,,c0012,val,registered,10.300,1.00,,photo
base_pair_0f2e9280b238_00008_partial.npz,base,0f2e9280-1857-46a2-8279-9a91b5b2a845,orto_basemap,partial,,243.0,2.43,70.67,0.876,1871,0.8047,0.8069,cell_refine,разметка подтверждена,2660470,g0019,1,,c0012,val,registered,10.300,1.00,,photo
base_pair_0f2e9280b238_00009_inside.npz,base,0f2e9280-1857-46a2-8279-9a91b5b2a845,orto_basemap,inside,,227.6,5.87,239.39,1.104,1801,1.0,0.9974,cell_refine,разметка подтверждена,2504903,g0019,1,,c0012,val,registered,10.300,1.00,,photo
base_pair_0f2e9280b238_00010_inside.npz,base,0f2e9280-1857-46a2-8279-9a91b5b2a845,orto_basemap,inside,,214.1,7.75,207.61,1.116,1612,1.0,0.9998,global,разметка подтверждена,2858354,g0019,1,,c0012,val,approx,8.000,0.30,,photo
base_pair_0f2e9280b238_00011_inside.npz,base,0f2e9280-1857-46a2-8279-9a91b5b2a845,orto_basemap,inside,,191.6,2.95,182.18,1.034,1918,1.0,0.9991,global,разметка подтверждена,2861156,g0019,1,,c0012,val,approx,8.000,0.30,,photo
base_pair_5f6aea9ea6a8_00000_inside.npz,base,5f6aea9e71d1f60005e6ab87,orto_basemap,inside,,193.0,4.23,341.51,0.993,1469,1.0,0.968,field,разметка подтверждена,2479262,g0209,1,,c0001,train,registered,7.070,1.00,,photo
base_pair_5f6aea9ea6a8_00001_partial.npz,base,5f6aea9e71d1f60005e6ab87,orto_basemap,partial,,231.7,2.03,48.26,1.113,847,0.6782,0.6459,field,разметка подтверждена,1542023,g0209,1,,c0001,train,registered,7.070,1.00,,photo
base_pair_5f6aea9ea6a8_00002_partial.npz,base,5f6aea9e71d1f60005e6ab87,orto_basemap,partial,,209.6,5.16,57.83,1.068,1127,0.8492,0.7895,field,разметка подтверждена,2500894,g0209,1,,c0001,train,registered,7.070,1.00,,photo
base_pair_5f6aea9ea6a8_00003_inside.npz,base,5f6aea9e71d1f60005e6ab87,orto_basemap,inside,,232.4,8.53,22.45,0.941,1214,1.0,0.9521,field,разметка подтверждена,2478764,g0209,1,,c0001,train,registered,7.070,1.00,,photo
base_pair_5f6aea9ea6a8_00004_partial.npz,base,5f6aea9e71d1f60005e6ab87,orto_basemap,partial,,273.4,1.91,68.98,1.149,1623,0.847,0.8245,field,разметка подтверждена,2919165,g0209,1,,c0001,train,registered,7.070,1.00,,photo
base_pair_5f6aea9ea6a8_00005_inside.npz,base,5f6aea9e71d1f60005e6ab87,orto_basemap,inside,,265.0,2.15,300.8,1.132,1384,1.0,0.9548,field,разметка подтверждена,2479633,g0209,1,,c0001,train,registered,7.070,1.00,,photo
base_pair_5f6aea9ea6a8_00007_inside.npz,base,5f6aea9e71d1f60005e6ab87,orto_basemap,inside,,175.7,1.06,94.5,0.983,1335,1.0,0.9593,field,разметка подтверждена,2207133,g0209,1,,c0001,train,registered,7.070,1.00,,photo
base_pair_5f6aea9ea6a8_00008_partial.npz,base,5f6aea9e71d1f60005e6ab87,orto_basemap,partial,,243.0,2.43,70.67,0.876,1871,0.8047,0.7802,field,разметка подтверждена,3046882,g0209,1,,c0001,train,registered,7.070,1.00,,photo
base_pair_5f6aea9ea6a8_00009_inside.npz,base,5f6aea9e71d1f60005e6ab87,orto_basemap,inside,,227.6,5.87,239.39,1.104,1801,1.0,0.951,field,разметка подтверждена,2741846,g0209,1,,c0001,train,registered,7.070,1.00,,photo
base_pair_62f658025c86_00000_inside.npz,base,62f65802fb3bec0006dbeb2c,orto_basemap,inside,,193.0,4.23,341.51,0.759,1123,1.0,0.999,field,разметка подтверждена,1783407,g0347,1,,c0011,train,registered,1.150,1.00,,photo
base_pair_62f658025c86_00001_partial.npz,base,62f65802fb3bec0006dbeb2c,orto_basemap,partial,,231.7,2.03,48.26,0.911,768,0.7188,0.7289,field,разметка подтверждена,1397591,g0347,1,,c0011,train,registered,1.150,1.00,,photo
base_pair_62f658025c86_00002_partial.npz,base,62f65802fb3bec0006dbeb2c,orto_basemap,partial,,209.6,5.16,57.83,0.825,870,0.849,0.842,field,разметка подтверждена,2185866,g0347,1,,c0011,train,registered,1.150,1.00,,photo
base_pair_62f658025c86_00003_inside.npz,base,62f65802fb3bec0006dbeb2c,orto_basemap,inside,,232.4,8.53,22.45,0.914,1179,1.0,0.9995,field,разметка подтверждена,2237503,g0347,1,,c0011,train,registered,1.150,1.00,,photo
base_pair_5e906c0a8e5d_00000_inside.npz,base,5e906c0ac6bbac0005e30fad,orto_basemap,inside,,193.0,4.23,341.51,0.993,1469,1.0,1.0,field,разметка подтверждена,2103355,g0152,1,,c0000,train,registered,4.870,1.00,,photo
base_pair_5e906c0a8e5d_00001_partial.npz,base,5e906c0ac6bbac0005e30fad,orto_basemap,partial,,231.7,2.03,48.26,1.113,847,0.6782,0.6888,field,разметка подтверждена,1477718,g0152,1,,c0000,train,registered,4.870,1.00,,photo
base_pair_5e906c0a8e5d_00002_partial.npz,base,5e906c0ac6bbac0005e30fad,orto_basemap,partial,,209.6,5.16,57.83,1.068,1127,0.8492,0.8238,field,разметка подтверждена,2231100,g0152,1,,c0000,train,registered,4.870,1.00,,photo
base_pair_5e906c0a8e5d_00003_inside.npz,base,5e906c0ac6bbac0005e30fad,orto_basemap,inside,,232.4,8.53,22.45,0.941,1214,1.0,0.9965,field,разметка подтверждена,2297726,g0152,1,,c0000,train,registered,4.870,1.00,,photo
base_pair_5e906c0a8e5d_00004_partial.npz,base,5e906c0ac6bbac0005e30fad,orto_basemap,partial,,273.4,1.91,68.98,1.149,1623,0.847,0.8523,field,разметка подтверждена,2565918,g0152,1,,c0000,train,registered,4.870,1.00,,photo
base_pair_5e906c0a8e5d_00005_inside.npz,base,5e906c0ac6bbac0005e30fad,orto_basemap,inside,,265.0,2.15,300.8,1.132,1384,1.0,0.9993,field,разметка подтверждена,2253177,g0152,1,,c0000,train,registered,4.870,1.00,,photo
base_pair_5e906c0a8e5d_00007_inside.npz,base,5e906c0ac6bbac0005e30fad,orto_basemap,inside,,175.7,1.06,94.5,0.983,1335,1.0,0.9999,field,разметка подтверждена,1919675,g0152,1,,c0000,train,registered,4.870,1.00,,photo
base_pair_5b204dddd147_00000_inside.npz,base,5b204ddd2b6a08001185f7de,orto_basemap,inside,,193.0,4.23,341.51,0.993,1469,1.0,1.0,field,разметка подтверждена,2166976,g0033,1,,c0000,train,registered,9.540,1.00,,photo
base_pair_5b204dddd147_00001_partial.npz,base,5b204ddd2b6a08001185f7de,orto_basemap,partial,,231.7,2.03,48.26,1.113,847,0.6782,0.6888,field,разметка подтверждена,1499549,g0033,1,,c0000,train,registered,9.540,1.00,,photo
base_pair_6734f7457e96_00000_inside.npz,base,6734f7455604c600010b4330,orto_basemap,inside,,193.0,4.23,341.51,0.696,1029,1.0,0.9528,field,разметка подтверждена,1754674,g0473,1,,c0224,heldout,registered,2.060,1.00,,photo
base_pair_6734f7457e96_00001_partial.npz,base,6734f7455604c600010b4330,orto_basemap,partial,,231.7,2.03,48.26,0.835,768,0.7415,0.7464,field,разметка подтверждена,1411376,g0473,1,,c0224,heldout,registered,2.060,1.00,,photo
base_pair_6734f7457e96_00002_partial.npz,base,6734f7455604c600010b4330,orto_basemap,partial,,209.6,5.16,57.83,0.755,797,0.8489,0.8413,field,разметка подтверждена,2064988,g0473,1,,c0224,heldout,registered,2.060,1.00,,photo
base_pair_6734f7457e96_00003_inside.npz,base,6734f7455604c600010b4330,orto_basemap,inside,,232.4,8.53,22.45,0.838,1081,1.0,0.9997,field,разметка подтверждена,2066784,g0473,1,,c0224,heldout,registered,2.060,1.00,,photo
base_pair_6734f7457e96_00004_partial.npz,base,6734f7455604c600010b4330,orto_basemap,partial,,273.4,1.91,68.98,0.985,1391,0.8468,0.8504,field,разметка подтверждена,2216098,g0473,1,,c0224,heldout,registered,2.060,1.00,,photo
base_pair_6734f7457e96_00005_inside.npz,base,6734f7455604c600010b4330,orto_basemap,inside,,265.0,2.15,300.8,0.955,1168,1.0,1.0,field,разметка подтверждена,1811724,g0473,1,,c0224,heldout,registered,2.060,1.00,,photo
base_pair_6016e1d3bfb5_00000_inside.npz,base,6016e1d3b57e47000824b6e8,orto_basemap,inside,,193.0,4.23,341.51,0.993,1469,1.0,0.9818,field,без структуры,2499207,g0251,1,,c0001,train,approx,8.000,0.30,,photo
base_pair_6016e1d3bfb5_00001_partial.npz,base,6016e1d3b57e47000824b6e8,orto_basemap,partial,,231.7,2.03,48.26,1.113,847,0.6782,0.6786,field,без структуры,1578195,g0251,1,,c0001,train,approx,8.000,0.30,,photo
base_pair_65d9fa65d771_00000_inside.npz,base,65d9fa657175970001f7182e,orto_basemap,inside,,193.0,4.23,341.51,0.993,1469,1.0,0.9993,field,разметка подтверждена,2029149,g0412,1,,c0183,val,registered,5.610,1.00,,photo
base_pair_65d9fa65d771_00001_partial.npz,base,65d9fa657175970001f7182e,orto_basemap,partial,,231.7,2.03,48.26,1.113,847,0.6782,0.6882,field,разметка подтверждена,1442050,g0412,1,,c0183,val,registered,5.610,1.00,,photo
base_pair_5f2fb164574f_00000_inside.npz,base,5f2fb1640d59fe00057c32a7,orto_basemap,inside,,193.0,4.23,341.51,0.993,1469,1.0,1.0,field,разметка подтверждена,2022266,g0192,1,,c0033,heldout,registered,4.990,1.00,,photo
base_pair_5f2fb164574f_00001_partial.npz,base,5f2fb1640d59fe00057c32a7,orto_basemap,partial,,231.7,2.03,48.26,1.113,847,0.6782,0.6888,field,разметка подтверждена,1475526,g0192,1,,c0033,heldout,registered,4.990,1.00,,photo
base_pair_5f2fb164574f_00002_partial.npz,base,5f2fb1640d59fe00057c32a7,orto_basemap,partial,,209.6,5.16,57.83,1.068,1127,0.8492,0.8421,field,разметка подтверждена,2220095,g0192,1,,c0033,heldout,registered,4.990,1.00,,photo
base_pair_5f2fb164574f_00003_inside.npz,base,5f2fb1640d59fe00057c32a7,orto_basemap,inside,,232.4,8.53,22.45,0.941,1214,1.0,1.0,field,разметка подтверждена,2164495,g0192,1,,c0033,heldout,registered,4.990,1.00,,photo
base_pair_5f2fb164574f_00004_partial.npz,base,5f2fb1640d59fe00057c32a7,orto_basemap,partial,,273.4,1.91,68.98,1.149,1623,0.847,0.852,field,разметка подтверждена,2352049,g0192,1,,c0033,heldout,registered,4.990,1.00,,photo
base_pair_5f2fb164574f_00005_inside.npz,base,5f2fb1640d59fe00057c32a7,orto_basemap,inside,,265.0,2.15,300.8,1.132,1384,1.0,0.9989,field,разметка подтверждена,2090494,g0192,1,,c0033,heldout,registered,4.990,1.00,,photo
base_pair_68900d83f062_00000_inside.npz,base,68900d83a95d4b4f7d42ba6b,orto_basemap,inside,,193.0,4.23,341.51,0.694,1026,1.0,0.9995,field,разметка подтверждена,1792694,g0492,1,,c0002,heldout,registered,2.420,1.00,,photo
base_pair_68900d83f062_00001_partial.npz,base,68900d83a95d4b4f7d42ba6b,orto_basemap,partial,,231.7,2.03,48.26,0.833,768,0.7423,0.7523,field,разметка подтверждена,1476594,g0492,1,,c0002,heldout,registered,2.420,1.00,,photo
base_pair_68900d83f062_00002_partial.npz,base,68900d83a95d4b4f7d42ba6b,orto_basemap,partial,,209.6,5.16,57.83,0.753,795,0.8491,0.8423,field,разметка подтверждена,2116285,g0492,1,,c0002,heldout,registered,2.420,1.00,,photo
base_pair_68900d83f062_00003_inside.npz,base,68900d83a95d4b4f7d42ba6b,orto_basemap,inside,,232.4,8.53,22.45,0.835,1077,1.0,0.9998,field,разметка подтверждена,2151284,g0492,1,,c0002,heldout,registered,2.420,1.00,,photo
base_pair_68900d83f062_00004_partial.npz,base,68900d83a95d4b4f7d42ba6b,orto_basemap,partial,,273.4,1.91,68.98,0.982,1387,0.8469,0.8526,field,разметка подтверждена,2347250,g0492,1,,c0002,heldout,registered,2.420,1.00,,photo
base_pair_68900d83f062_00005_inside.npz,base,68900d83a95d4b4f7d42ba6b,orto_basemap,inside,,265.0,2.15,300.8,0.952,1164,1.0,1.0,field,разметка подтверждена,2045301,g0492,1,,c0002,heldout,registered,2.420,1.00,,photo
base_pair_68900d83f062_00007_inside.npz,base,68900d83a95d4b4f7d42ba6b,orto_basemap,inside,,175.7,1.06,94.5,0.631,857,1.0,0.9994,field,разметка подтверждена,1661177,g0492,1,,c0002,heldout,registered,2.420,1.00,,photo
base_pair_6633de4b3640_00000_inside.npz,base,6633de4b6049ef00013b825f,orto_basemap,inside,,193.0,4.23,341.51,0.993,1469,1.0,0.9997,field,разметка подтверждена,2077620,g0431,1,,c0192,train,registered,4.980,1.00,,photo
base_pair_6633de4b3640_00001_partial.npz,base,6633de4b6049ef00013b825f,orto_basemap,partial,,231.7,2.03,48.26,1.113,847,0.6782,0.6887,field,разметка подтверждена,1471854,g0431,1,,c0192,train,registered,4.980,1.00,,photo
base_pair_6633de4b3640_00002_partial.npz,base,6633de4b6049ef00013b825f,orto_basemap,partial,,209.6,5.16,57.83,1.068,1127,0.8492,0.8393,field,разметка подтверждена,2232589,g0431,1,,c0192,train,registered,4.980,1.00,,photo
base_pair_6633de4b3640_00003_inside.npz,base,6633de4b6049ef00013b825f,orto_basemap,inside,,232.4,8.53,22.45,0.941,1214,1.0,1.0,field,разметка подтверждена,2230267,g0431,1,,c0192,train,registered,4.980,1.00,,photo
base_pair_6633de4b3640_00004_partial.npz,base,6633de4b6049ef00013b825f,orto_basemap,partial,,273.4,1.91,68.98,1.149,1623,0.847,0.8525,field,разметка подтверждена,2285740,g0431,1,,c0192,train,registered,4.980,1.00,,photo
base_pair_6633de4b3640_00005_inside.npz,base,6633de4b6049ef00013b825f,orto_basemap,inside,,265.0,2.15,300.8,1.132,1384,1.0,0.9994,field,разметка подтверждена,2055779,g0431,1,,c0192,train,registered,4.980,1.00,,photo
base_pair_68f9cccec0c4_00000_inside.npz,base,68f9ccce631d9ba1ce09666e,orto_basemap,inside,,193.0,4.23,341.51,0.693,1025,1.0,1.0,field,разметка подтверждена,1809965,g0525,1,,c0253,train,registered,10.020,1.00,,photo
base_pair_68f9cccec0c4_00001_partial.npz,base,68f9ccce631d9ba1ce09666e,orto_basemap,partial,,231.7,2.03,48.26,0.832,768,0.7424,0.7524,field,разметка подтверждена,1503031,g0525,1,,c0253,train,registered,10.020,1.00,,photo
base_pair_68f9cccec0c4_00002_partial.npz,base,68f9ccce631d9ba1ce09666e,orto_basemap,partial,,209.6,5.16,57.83,0.753,794,0.8487,0.842,field,разметка подтверждена,1996379,g0525,1,,c0253,train,registered,10.020,1.00,,photo
base_pair_68f9cccec0c4_00003_inside.npz,base,68f9ccce631d9ba1ce09666e,orto_basemap,inside,,232.4,8.53,22.45,0.835,1077,1.0,1.0,field,разметка подтверждена,1993581,g0525,1,,c0253,train,registered,10.020,1.00,,photo
base_pair_5e2332260777_00000_inside.npz,base,5e23322650259f000541fc5f,orto_basemap,inside,,193.0,4.23,341.51,0.685,1014,1.0,1.0,field,разметка подтверждена,1627630,g0134,1,,c0104,val,registered,5.950,1.00,,photo
base_pair_5e2332260777_00001_partial.npz,base,5e23322650259f000541fc5f,orto_basemap,partial,,231.7,2.03,48.26,0.823,768,0.7454,0.7554,field,разметка подтверждена,1434583,g0134,1,,c0104,val,registered,5.950,1.00,,photo
base_pair_5e2332260777_00002_partial.npz,base,5e23322650259f000541fc5f,orto_basemap,partial,,209.6,5.16,57.83,0.744,785,0.8488,0.842,field,разметка подтверждена,2149539,g0134,1,,c0104,val,registered,5.950,1.00,,photo
base_pair_5e2332260777_00003_inside.npz,base,5e23322650259f000541fc5f,orto_basemap,inside,,232.4,8.53,22.45,0.825,1064,1.0,0.9992,field,разметка подтверждена,2182175,g0134,1,,c0104,val,registered,5.950,1.00,,photo
base_pair_68cc42157c7a_00000_inside.npz,base,68cc42150fce059a9fdbd1c3,orto_basemap,inside,,193.0,4.23,341.51,0.694,1026,1.0,0.9999,field,разметка подтверждена,1761753,g0512,1,,c0002,heldout,registered,3.270,1.00,,photo
base_pair_68cc42157c7a_00001_partial.npz,base,68cc42150fce059a9fdbd1c3,orto_basemap,partial,,231.7,2.03,48.26,0.833,768,0.7423,0.7521,field,разметка подтверждена,1390600,g0512,1,,c0002,heldout,registered,3.270,1.00,,photo
base_pair_66f29db12808_00000_inside.npz,base,66f29db15b27b10001e4b6d1,orto_basemap,inside,,193.0,4.23,341.51,0.928,1373,1.0,0.9934,field,разметка подтверждена,2015257,g0452,1,,c0208,train,registered,7.200,1.00,,photo
base_pair_66f29db12808_00001_partial.npz,base,66f29db15b27b10001e4b6d1,orto_basemap,partial,,231.7,2.03,48.26,1.113,847,0.6782,0.682,field,разметка подтверждена,1489586,g0452,1,,c0208,train,registered,7.200,1.00,,photo
base_pair_66f29db12808_00002_partial.npz,base,66f29db15b27b10001e4b6d1,orto_basemap,partial,,209.6,5.16,57.83,1.008,1063,0.8489,0.8395,field,разметка подтверждена,2242713,g0452,1,,c0208,train,registered,7.200,1.00,,photo
base_pair_66f29db12808_00003_inside.npz,base,66f29db15b27b10001e4b6d1,orto_basemap,inside,,232.4,8.53,22.45,0.941,1214,1.0,0.9941,field,разметка подтверждена,2290741,g0452,1,,c0208,train,registered,7.200,1.00,,photo
base_pair_6705931a357e_00000_inside.npz,base,6705931a327f3c00012b0f68,orto_basemap,inside,,193.0,4.23,341.51,0.993,1469,1.0,1.0,field,разметка подтверждена,2262871,g0464,1,,c0217,train,registered,0.860,1.00,,photo
base_pair_6705931a357e_00001_partial.npz,base,6705931a327f3c00012b0f68,orto_basemap,partial,,231.7,2.03,48.26,1.113,847,0.6782,0.6883,field,разметка подтверждена,1521594,g0464,1,,c0217,train,registered,0.860,1.00,,photo
base_pair_6705931a357e_00002_partial.npz,base,6705931a327f3c00012b0f68,orto_basemap,partial,,209.6,5.16,57.83,1.068,1127,0.8492,0.8334,field,разметка подтверждена,2304485,g0464,1,,c0217,train,registered,0.860,1.00,,photo
base_pair_6705931a357e_00003_inside.npz,base,6705931a327f3c00012b0f68,orto_basemap,inside,,232.4,8.53,22.45,0.941,1214,1.0,0.9784,field,разметка подтверждена,2236052,g0464,1,,c0217,train,registered,0.860,1.00,,photo
base_pair_6705931be686_00000_inside.npz,base,6705931b327f3c00012b0f6c,orto_basemap,inside,,193.0,4.23,341.51,0.993,1469,1.0,0.9994,field,разметка подтверждена,2133490,g0466,1,,c0056,heldout,registered,1.650,1.00,,photo
base_pair_6705931be686_00001_partial.npz,base,6705931b327f3c00012b0f6c,orto_basemap,partial,,231.7,2.03,48.26,1.113,847,0.6782,0.6853,field,разметка подтверждена,1486397,g0466,1,,c0056,heldout,registered,1.650,1.00,,photo
base_pair_637274bbe11e_00000_inside.npz,base,637274bbcf5a200008023236,orto_basemap,inside,,193.0,4.23,341.51,0.993,1469,1.0,1.0,field,разметка подтверждена,1995297,g0355,1,,c0000,train,registered,1.310,1.00,,photo
base_pair_637274bbe11e_00001_partial.npz,base,637274bbcf5a200008023236,orto_basemap,partial,,231.7,2.03,48.26,1.113,847,0.6782,0.6888,field,разметка подтверждена,1424286,g0355,1,,c0000,train,registered,1.310,1.00,,photo
base_pair_65578066963e_00000_inside.npz,base,655780663aa0a700013167ca,orto_basemap,inside,,193.0,4.23,341.51,0.993,1469,1.0,1.0,global,без структуры,1904028,g0400,1,,c0175,train,approx,8.000,0.30,,photo
base_pair_65578066963e_00001_partial.npz,base,655780663aa0a700013167ca,orto_basemap,partial,,231.7,2.03,48.26,1.113,847,0.6782,0.6888,global,без структуры,1440231,g0400,1,,c0175,train,approx,8.000,0.30,,photo
base_pair_65578066963e_00002_partial.npz,base,655780663aa0a700013167ca,orto_basemap,partial,,209.6,5.16,57.83,1.068,1127,0.8492,0.8424,field,без структуры,2222428,g0400,1,,c0175,train,approx,8.000,0.30,,photo
base_pair_65578066963e_00003_inside.npz,base,655780663aa0a700013167ca,orto_basemap,inside,,232.4,8.53,22.45,0.941,1214,1.0,1.0,field,без структуры,2101664,g0400,1,,c0175,train,approx,8.000,0.30,,photo
base_pair_65578066963e_00004_partial.npz,base,655780663aa0a700013167ca,orto_basemap,partial,,273.4,1.91,68.98,1.149,1623,0.847,0.853,global,без структуры,2109453,g0400,1,,c0175,train,approx,8.000,0.30,,photo
base_pair_65578066963e_00005_inside.npz,base,655780663aa0a700013167ca,orto_basemap,inside,,265.0,2.15,300.8,1.132,1384,1.0,0.9999,global,без структуры,1891912,g0400,1,,c0175,train,approx,8.000,0.30,,photo
base_pair_65578066963e_00007_inside.npz,base,655780663aa0a700013167ca,orto_basemap,inside,,175.7,1.06,94.5,0.983,1335,1.0,0.9993,global,без структуры,1761185,g0400,1,,c0175,train,approx,8.000,0.30,,photo
base_pair_65578066963e_00009_inside.npz,base,655780663aa0a700013167ca,orto_basemap,inside,,210.5,5.77,113.09,1.121,1478,1.0,0.9991,global,без структуры,1885876,g0400,1,,c0175,train,approx,8.000,0.30,,photo
base_pair_65578066963e_00011_inside.npz,base,655780663aa0a700013167ca,orto_basemap,inside,,190.6,3.92,264.09,1.144,1841,1.0,1.0,global,без структуры,2075360,g0400,1,,c0175,train,approx,8.000,0.30,,photo
base_pair_5bd178f5e405_00000_inside.npz,base,5bd178f5007b56000739580c,orto_basemap,inside,,193.0,4.23,341.51,0.993,1469,1.0,0.998,field,разметка подтверждена,2377166,g0083,1,,c0005,heldout,registered,1.390,1.00,,photo
base_pair_5bd178f5e405_00001_partial.npz,base,5bd178f5007b56000739580c,orto_basemap,partial,,231.7,2.03,48.26,1.113,847,0.6782,0.6883,field,разметка подтверждена,1608809,g0083,1,,c0005,heldout,registered,1.390,1.00,,photo
base_pair_5bd178f5e405_00002_partial.npz,base,5bd178f5007b56000739580c,orto_basemap,partial,,209.6,5.16,57.83,1.068,1127,0.8492,0.8393,field,разметка подтверждена,2404182,g0083,1,,c0005,heldout,registered,1.390,1.00,,photo
base_pair_5bd178f5e405_00003_inside.npz,base,5bd178f5007b56000739580c,orto_basemap,inside,,232.4,8.53,22.45,0.941,1214,1.0,0.9983,field,разметка подтверждена,2471059,g0083,1,,c0005,heldout,registered,1.390,1.00,,photo
base_pair_5bd178f5e405_00004_partial.npz,base,5bd178f5007b56000739580c,orto_basemap,partial,,273.4,1.91,68.98,1.149,1623,0.847,0.8526,field,разметка подтверждена,2831022,g0083,1,,c0005,heldout,registered,1.390,1.00,,photo
base_pair_5bd178f5e405_00005_inside.npz,base,5bd178f5007b56000739580c,orto_basemap,inside,,265.0,2.15,300.8,1.132,1384,1.0,0.9995,field,разметка подтверждена,2422708,g0083,1,,c0005,heldout,registered,1.390,1.00,,photo
base_pair_5bd178f5e405_00007_inside.npz,base,5bd178f5007b56000739580c,orto_basemap,inside,,175.7,1.06,94.5,0.983,1335,1.0,0.9992,field,разметка подтверждена,2044919,g0083,1,,c0005,heldout,registered,1.390,1.00,,photo
base_pair_5bd178f5e405_00008_partial.npz,base,5bd178f5007b56000739580c,orto_basemap,partial,,243.0,2.43,70.67,0.876,1871,0.8047,0.8074,field,разметка подтверждена,2996329,g0083,1,,c0005,heldout,registered,1.390,1.00,,photo
base_pair_5bd178f5e405_00009_inside.npz,base,5bd178f5007b56000739580c,orto_basemap,inside,,227.6,5.87,239.39,1.104,1801,1.0,0.9995,field,разметка подтверждена,2675833,g0083,1,,c0005,heldout,registered,1.390,1.00,,photo
base_pair_5bd178f5e405_00010_inside.npz,base,5bd178f5007b56000739580c,orto_basemap,inside,,214.1,7.75,207.61,1.116,1612,1.0,0.9999,field,разметка подтверждена,3112194,g0083,1,,c0005,heldout,registered,1.390,1.00,,photo
base_pair_5bd178f5e405_00011_inside.npz,base,5bd178f5007b56000739580c,orto_basemap,inside,,191.6,2.95,182.18,1.034,1918,1.0,0.9978,field,разметка подтверждена,3209542,g0083,1,,c0005,heldout,registered,1.390,1.00,,photo
base_pair_e57bdd6ede6e_00000_inside.npz,base,e57bdd6e-8d1c-490b-9ada-86fc939eea1f,orto_basemap,inside,,193.0,4.23,341.51,0.993,1469,1.0,0.9996,cell_refine,разметка подтверждена,2120250,g0585,1,,c0009,heldout,registered,6.850,1.00,,photo
base_pair_e57bdd6ede6e_00001_partial.npz,base,e57bdd6e-8d1c-490b-9ada-86fc939eea1f,orto_basemap,partial,,231.7,2.03,48.26,1.113,847,0.6782,0.6888,cell_refine,разметка подтверждена,1465815,g0585,1,,c0009,heldout,registered,6.850,1.00,,photo
base_pair_e57bdd6ede6e_00002_partial.npz,base,e57bdd6e-8d1c-490b-9ada-86fc939eea1f,orto_basemap,partial,,209.6,5.16,57.83,1.068,1127,0.8492,0.842,field,разметка подтверждена,2297426,g0585,1,,c0009,heldout,registered,6.850,1.00,,photo
base_pair_e57bdd6ede6e_00003_inside.npz,base,e57bdd6e-8d1c-490b-9ada-86fc939eea1f,orto_basemap,inside,,232.4,8.53,22.45,0.941,1214,1.0,0.9995,field,разметка подтверждена,2350973,g0585,1,,c0009,heldout,registered,6.850,1.00,,photo
base_pair_e57bdd6ede6e_00004_partial.npz,base,e57bdd6e-8d1c-490b-9ada-86fc939eea1f,orto_basemap,partial,,273.4,1.91,68.98,1.149,1623,0.847,0.8502,global,разметка подтверждена,2642684,g0585,1,,c0009,heldout,approx,8.000,0.30,,photo
base_pair_e57bdd6ede6e_00005_inside.npz,base,e57bdd6e-8d1c-490b-9ada-86fc939eea1f,orto_basemap,inside,,265.0,2.15,300.8,1.132,1384,1.0,0.9977,global,разметка подтверждена,2284797,g0585,1,,c0009,heldout,approx,8.000,0.30,,photo
base_pair_e57bdd6ede6e_00007_inside.npz,base,e57bdd6e-8d1c-490b-9ada-86fc939eea1f,orto_basemap,inside,,175.7,1.06,94.5,0.983,1335,1.0,0.999,global,разметка подтверждена,2101306,g0585,1,,c0009,heldout,approx,8.000,0.30,,photo
base_pair_e57bdd6ede6e_00008_partial.npz,base,e57bdd6e-8d1c-490b-9ada-86fc939eea1f,orto_basemap,partial,,243.0,2.43,70.67,0.876,1871,0.8047,0.8034,field,разметка подтверждена,2681341,g0585,1,,c0009,heldout,registered,6.850,1.00,,photo
base_pair_e57bdd6ede6e_00009_inside.npz,base,e57bdd6e-8d1c-490b-9ada-86fc939eea1f,orto_basemap,inside,,227.6,5.87,239.39,1.104,1801,1.0,0.9984,field,разметка подтверждена,2472936,g0585,1,,c0009,heldout,registered,6.850,1.00,,photo
base_pair_e57bdd6ede6e_00010_inside.npz,base,e57bdd6e-8d1c-490b-9ada-86fc939eea1f,orto_basemap,inside,,214.1,7.75,207.61,1.116,1612,1.0,0.9962,field,разметка подтверждена,2795643,g0585,1,,c0009,heldout,registered,6.850,1.00,,photo
base_pair_e57bdd6ede6e_00011_inside.npz,base,e57bdd6e-8d1c-490b-9ada-86fc939eea1f,orto_basemap,inside,,191.6,2.95,182.18,1.034,1918,1.0,0.9985,field,разметка подтверждена,2834199,g0585,1,,c0009,heldout,registered,6.850,1.00,,photo
base_pair_6251996f187d_00000_inside.npz,base,6251996ffe1b5d0006ae8cfb,orto_basemap,inside,,193.0,4.23,341.51,0.764,1130,1.0,1.0,field,разметка подтверждена,1781575,g0335,1,,c0152,train,registered,3.030,1.00,,photo
base_pair_6251996f187d_00001_partial.npz,base,6251996ffe1b5d0006ae8cfb,orto_basemap,partial,,231.7,2.03,48.26,0.917,768,0.717,0.7275,field,разметка подтверждена,1450708,g0335,1,,c0152,train,registered,3.030,1.00,,photo
base_pair_6251996f187d_00002_partial.npz,base,6251996ffe1b5d0006ae8cfb,orto_basemap,partial,,209.6,5.16,57.83,0.829,875,0.8489,0.8422,field,разметка подтверждена,2156390,g0335,1,,c0152,train,registered,3.030,1.00,,photo
base_pair_6251996f187d_00003_inside.npz,base,6251996ffe1b5d0006ae8cfb,orto_basemap,inside,,232.4,8.53,22.45,0.92,1186,1.0,0.9973,field,разметка подтверждена,2241259,g0335,1,,c0152,train,registered,3.030,1.00,,photo
base_pair_6251996f187d_00004_partial.npz,base,6251996ffe1b5d0006ae8cfb,orto_basemap,partial,,273.4,1.91,68.98,1.082,1528,0.8471,0.8531,field,разметка подтверждена,2347818,g0335,1,,c0152,train,registered,3.030,1.00,,photo
base_pair_6251996f187d_00005_inside.npz,base,6251996ffe1b5d0006ae8cfb,orto_basemap,inside,,265.0,2.15,300.8,1.049,1282,1.0,1.0,field,разметка подтверждена,2079821,g0335,1,,c0152,train,registered,3.030,1.00,,photo
base_pair_60442262f665_00000_inside.npz,base,60442262b0161f0005391ae6,orto_basemap,inside,,193.0,4.23,341.51,0.993,1469,1.0,0.9948,field,разметка подтверждена,2536250,g0257,1,,c0001,train,registered,6.970,1.00,,photo
base_pair_60442262f665_00001_partial.npz,base,60442262b0161f0005391ae6,orto_basemap,partial,,231.7,2.03,48.26,1.113,847,0.6782,0.6834,field,разметка подтверждена,1579751,g0257,1,,c0001,train,registered,6.970,1.00,,photo
base_pair_60442262f665_00002_partial.npz,base,60442262b0161f0005391ae6,orto_basemap,partial,,209.6,5.16,57.83,1.068,1127,0.8492,0.8203,field,разметка подтверждена,2505245,g0257,1,,c0001,train,registered,6.970,1.00,,photo
base_pair_60442262f665_00003_inside.npz,base,60442262b0161f0005391ae6,orto_basemap,inside,,232.4,8.53,22.45,0.941,1214,1.0,0.9866,field,разметка подтверждена,2509634,g0257,1,,c0001,train,registered,6.970,1.00,,photo
base_pair_60442262f665_00004_partial.npz,base,60442262b0161f0005391ae6,orto_basemap,partial,,273.4,1.91,68.98,1.149,1623,0.847,0.841,cell_refine,разметка подтверждена,2924720,g0257,1,,c0001,train,registered,6.970,1.00,,photo
base_pair_60442262f665_00005_inside.npz,base,60442262b0161f0005391ae6,orto_basemap,inside,,265.0,2.15,300.8,1.132,1384,1.0,0.9848,cell_refine,разметка подтверждена,2546410,g0257,1,,c0001,train,registered,6.970,1.00,,photo
base_pair_60442262f665_00007_inside.npz,base,60442262b0161f0005391ae6,orto_basemap,inside,,175.7,1.06,94.5,0.983,1335,1.0,0.9583,field,разметка подтверждена,2249644,g0257,1,,c0001,train,registered,6.970,1.00,,photo
base_pair_60442262f665_00008_partial.npz,base,60442262b0161f0005391ae6,orto_basemap,partial,,243.0,2.43,70.67,0.876,1871,0.8047,0.7939,global,разметка подтверждена,3122939,g0257,1,,c0001,train,approx,8.000,0.30,,photo
base_pair_60442262f665_00009_inside.npz,base,60442262b0161f0005391ae6,orto_basemap,inside,,227.6,5.87,239.39,1.104,1801,1.0,0.9659,global,разметка подтверждена,2903530,g0257,1,,c0001,train,approx,8.000,0.30,,photo
base_pair_5bb0b6f7501d_00000_inside.npz,base,5bb0b6f7a28dc0000543f084,orto_basemap,inside,,193.0,4.23,341.51,0.993,1469,1.0,1.0,field,разметка подтверждена,2238807,g0071,1,,c0000,train,registered,5.810,1.00,,photo
base_pair_5bb0b6f7501d_00001_partial.npz,base,5bb0b6f7a28dc0000543f084,orto_basemap,partial,,231.7,2.03,48.26,1.113,847,0.6782,0.6888,field,разметка подтверждена,1563504,g0071,1,,c0000,train,registered,5.810,1.00,,photo
base_pair_5bb0b6f7501d_00002_partial.npz,base,5bb0b6f7a28dc0000543f084,orto_basemap,partial,,209.6,5.16,57.83,1.068,1127,0.8492,0.8422,field,разметка подтверждена,2347376,g0071,1,,c0000,train,registered,5.810,1.00,,photo
base_pair_5bb0b6f7501d_00003_inside.npz,base,5bb0b6f7a28dc0000543f084,orto_basemap,inside,,232.4,8.53,22.45,0.941,1214,1.0,0.9999,field,разметка подтверждена,2407234,g0071,1,,c0000,train,registered,5.810,1.00,,photo
base_pair_5bb0b6f7501d_00004_partial.npz,base,5bb0b6f7a28dc0000543f084,orto_basemap,partial,,273.4,1.91,68.98,1.149,1623,0.847,0.853,field,разметка подтверждена,2642270,g0071,1,,c0000,train,registered,5.810,1.00,,photo
base_pair_5bb0b6f7501d_00005_inside.npz,base,5bb0b6f7a28dc0000543f084,orto_basemap,inside,,265.0,2.15,300.8,1.132,1384,1.0,0.9999,field,разметка подтверждена,2278131,g0071,1,,c0000,train,registered,5.810,1.00,,photo
base_pair_5bb0b6f7501d_00007_inside.npz,base,5bb0b6f7a28dc0000543f084,orto_basemap,inside,,175.7,1.06,94.5,0.983,1335,1.0,0.9996,field,разметка подтверждена,1919801,g0071,1,,c0000,train,registered,5.810,1.00,,photo
base_pair_5bb0b6f7501d_00008_partial.npz,base,5bb0b6f7a28dc0000543f084,orto_basemap,partial,,243.0,2.43,70.67,0.876,1871,0.8047,0.8074,field,разметка подтверждена,2746439,g0071,1,,c0000,train,registered,5.810,1.00,,photo
base_pair_5bb0b6f7501d_00009_inside.npz,base,5bb0b6f7a28dc0000543f084,orto_basemap,inside,,227.6,5.87,239.39,1.104,1801,1.0,0.9999,field,разметка подтверждена,2497704,g0071,1,,c0000,train,registered,5.810,1.00,,photo
base_pair_5ead82d9f764_00000_inside.npz,base,5ead82d93295f300072a6d7b,orto_basemap,inside,,193.0,4.23,341.51,0.993,1469,1.0,0.999,field,разметка подтверждена,2314305,g0162,1,,c0005,heldout,registered,4.570,1.00,,photo
base_pair_5ead82d9f764_00001_partial.npz,base,5ead82d93295f300072a6d7b,orto_basemap,partial,,231.7,2.03,48.26,1.113,847,0.6782,0.6887,field,разметка подтверждена,1579889,g0162,1,,c0005,heldout,registered,4.570,1.00,,photo
base_pair_5ead82d9f764_00002_partial.npz,base,5ead82d93295f300072a6d7b,orto_basemap,partial,,209.6,5.16,57.83,1.068,1127,0.8492,0.8419,field,разметка подтверждена,2494471,g0162,1,,c0005,heldout,registered,4.570,1.00,,photo
base_pair_5ead82d9f764_00003_inside.npz,base,5ead82d93295f300072a6d7b,orto_basemap,inside,,232.4,8.53,22.45,0.941,1214,1.0,0.9997,field,разметка подтверждена,2581921,g0162,1,,c0005,heldout,registered,4.570,1.00,,photo
base_pair_5ead82d9f764_00004_partial.npz,base,5ead82d93295f300072a6d7b,orto_basemap,partial,,273.4,1.91,68.98,1.149,1623,0.847,0.853,field,разметка подтверждена,2729688,g0162,1,,c0005,heldout,registered,4.570,1.00,,photo
base_pair_5ead82d9f764_00005_inside.npz,base,5ead82d93295f300072a6d7b,orto_basemap,inside,,265.0,2.15,300.8,1.132,1384,1.0,1.0,field,разметка подтверждена,2369940,g0162,1,,c0005,heldout,registered,4.570,1.00,,photo
base_pair_5ead82d9f764_00007_inside.npz,base,5ead82d93295f300072a6d7b,orto_basemap,inside,,175.7,1.06,94.5,0.983,1335,1.0,0.9999,field,разметка подтверждена,2076169,g0162,1,,c0005,heldout,registered,4.570,1.00,,photo
base_pair_5fb4fc23cde6_00000_inside.npz,base,5fb4fc23d89ab70006abca02,orto_basemap,inside,,193.0,4.23,341.51,0.759,1123,1.0,0.9996,field,разметка подтверждена,1825553,g0234,1,,c0011,train,registered,2.130,1.00,,photo
base_pair_5fb4fc23cde6_00001_partial.npz,base,5fb4fc23d89ab70006abca02,orto_basemap,partial,,231.7,2.03,48.26,0.911,768,0.7188,0.7292,field,разметка подтверждена,1483954,g0234,1,,c0011,train,registered,2.130,1.00,,photo
base_pair_5fb4fc23cde6_00002_partial.npz,base,5fb4fc23d89ab70006abca02,orto_basemap,partial,,209.6,5.16,57.83,0.825,870,0.849,0.8421,field,разметка подтверждена,2167832,g0234,1,,c0011,train,registered,2.130,1.00,,photo
base_pair_5fb4fc23cde6_00003_inside.npz,base,5fb4fc23d89ab70006abca02,orto_basemap,inside,,232.4,8.53,22.45,0.914,1180,1.0,0.9998,field,разметка подтверждена,2283977,g0234,1,,c0011,train,registered,2.130,1.00,,photo
base_pair_5fb4fc23cde6_00004_partial.npz,base,5fb4fc23d89ab70006abca02,orto_basemap,partial,,273.4,1.91,68.98,1.076,1519,0.847,0.8518,field,разметка подтверждена,2548936,g0234,1,,c0011,train,registered,2.130,1.00,,photo
base_pair_5fb4fc23cde6_00005_inside.npz,base,5fb4fc23d89ab70006abca02,orto_basemap,inside,,265.0,2.15,300.8,1.042,1275,1.0,0.9991,field,разметка подтверждена,2204559,g0234,1,,c0011,train,registered,2.130,1.00,,photo
base_pair_ea5a31307923_00000_inside.npz,base,ea5a3130-d437-4ea0-9b99-e73345e1c01f,orto_basemap,inside,,193.0,4.23,341.51,0.993,1469,1.0,0.9996,field,разметка подтверждена,2317432,g0587,1,,c0278,heldout,registered,2.670,1.00,,photo
base_pair_ea5a31307923_00001_partial.npz,base,ea5a3130-d437-4ea0-9b99-e73345e1c01f,orto_basemap,partial,,231.7,2.03,48.26,1.113,847,0.6782,0.6874,field,разметка подтверждена,1582265,g0587,1,,c0278,heldout,registered,2.670,1.00,,photo
base_pair_ea5a31307923_00002_partial.npz,base,ea5a3130-d437-4ea0-9b99-e73345e1c01f,orto_basemap,partial,,209.6,5.16,57.83,1.068,1127,0.8492,0.8415,field,разметка подтверждена,2401885,g0587,1,,c0278,heldout,registered,2.670,1.00,,photo
base_pair_ea5a31307923_00003_inside.npz,base,ea5a3130-d437-4ea0-9b99-e73345e1c01f,orto_basemap,inside,,232.4,8.53,22.45,0.941,1214,1.0,0.9995,field,разметка подтверждена,2356002,g0587,1,,c0278,heldout,registered,2.670,1.00,,photo
base_pair_ea5a31307923_00004_partial.npz,base,ea5a3130-d437-4ea0-9b99-e73345e1c01f,orto_basemap,partial,,273.4,1.91,68.98,1.149,1623,0.847,0.8481,field,разметка подтверждена,2586385,g0587,1,,c0278,heldout,registered,2.670,1.00,,photo
base_pair_ea5a31307923_00005_inside.npz,base,ea5a3130-d437-4ea0-9b99-e73345e1c01f,orto_basemap,inside,,265.0,2.15,300.8,1.132,1384,1.0,0.9954,field,разметка подтверждена,2291183,g0587,1,,c0278,heldout,registered,2.670,1.00,,photo
base_pair_60a234d99137_00000_inside.npz,base,60a234d925820c0005e458d6,orto_basemap,inside,,193.0,4.23,341.51,0.993,1469,1.0,0.9536,field,разметка подтверждена,2403749,g0280,1,,c0001,train,registered,3.920,1.00,,photo
base_pair_60a234d99137_00001_partial.npz,base,60a234d925820c0005e458d6,orto_basemap,partial,,231.7,2.03,48.26,1.113,847,0.6782,0.6703,field,разметка подтверждена,1497795,g0280,1,,c0001,train,registered,3.920,1.00,,photo
base_pair_60a234d99137_00002_partial.npz,base,60a234d925820c0005e458d6,orto_basemap,partial,,209.6,5.16,57.83,1.068,1127,0.8492,0.83,field,разметка подтверждена,2430128,g0280,1,,c0001,train,registered,3.920,1.00,,photo
base_pair_60a234d99137_00003_inside.npz,base,60a234d925820c0005e458d6,orto_basemap,inside,,232.4,8.53,22.45,0.941,1214,1.0,0.9587,field,разметка подтверждена,2395429,g0280,1,,c0001,train,registered,3.920,1.00,,photo
base_pair_60a234d99137_00004_partial.npz,base,60a234d925820c0005e458d6,orto_basemap,partial,,273.4,1.91,68.98,1.149,1623,0.847,0.8008,field,разметка подтверждена,2756883,g0280,1,,c0001,train,registered,3.920,1.00,,photo
base_pair_60a234d99137_00005_inside.npz,base,60a234d925820c0005e458d6,orto_basemap,inside,,265.0,2.15,300.8,1.132,1384,1.0,0.9611,field,разметка подтверждена,2337218,g0280,1,,c0001,train,registered,3.920,1.00,,photo
base_pair_631c459c2aed_00000_inside.npz,base,631c459c14f1ff00081de8a6,orto_basemap,inside,,193.0,4.23,341.51,0.748,1106,1.0,0.9937,field,разметка подтверждена,1847569,g0350,1,,c0157,train,registered,1.450,1.00,,photo
base_pair_631c459c2aed_00001_partial.npz,base,631c459c14f1ff00081de8a6,orto_basemap,partial,,231.7,2.03,48.26,0.898,768,0.7233,0.7319,field,разметка подтверждена,1483312,g0350,1,,c0157,train,registered,1.450,1.00,,photo
base_pair_631c459c2aed_00002_partial.npz,base,631c459c14f1ff00081de8a6,orto_basemap,partial,,209.6,5.16,57.83,0.812,857,0.849,0.842,field,разметка подтверждена,2089292,g0350,1,,c0157,train,registered,1.450,1.00,,photo
base_pair_631c459c2aed_00003_inside.npz,base,631c459c14f1ff00081de8a6,orto_basemap,inside,,232.4,8.53,22.45,0.901,1162,1.0,0.9977,field,разметка подтверждена,2191994,g0350,1,,c0157,train,registered,1.450,1.00,,photo
base_pair_631c459c2aed_00004_partial.npz,base,631c459c14f1ff00081de8a6,orto_basemap,partial,,273.4,1.91,68.98,1.059,1496,0.847,0.8529,field,разметка подтверждена,2352059,g0350,1,,c0157,train,registered,1.450,1.00,,photo
base_pair_631c459c2aed_00005_inside.npz,base,631c459c14f1ff00081de8a6,orto_basemap,inside,,265.0,2.15,300.8,1.027,1256,1.0,0.9996,field,разметка подтверждена,2071759,g0350,1,,c0157,train,registered,1.450,1.00,,photo
base_pair_69fc25d1815f_00000_inside.npz,base,69fc25d191e4ffdcf28ab7c3,orto_basemap,inside,,193.0,4.23,341.51,0.689,1019,1.0,0.9925,field,разметка подтверждена,1794892,g0539,1,,c0259,train,registered,2.820,1.00,,photo
base_pair_69fc25d1815f_00001_partial.npz,base,69fc25d191e4ffdcf28ab7c3,orto_basemap,partial,,231.7,2.03,48.26,0.827,768,0.7439,0.7458,field,разметка подтверждена,1447495,g0539,1,,c0259,train,registered,2.820,1.00,,photo
base_pair_69fc25d1815f_00002_partial.npz,base,69fc25d191e4ffdcf28ab7c3,orto_basemap,partial,,209.6,5.16,57.83,0.748,790,0.8491,0.8242,field,разметка подтверждена,2063724,g0539,1,,c0259,train,registered,2.820,1.00,,photo
base_pair_69fc25d1815f_00003_inside.npz,base,69fc25d191e4ffdcf28ab7c3,orto_basemap,inside,,232.4,8.53,22.45,0.83,1071,1.0,0.9905,field,разметка подтверждена,2096122,g0539,1,,c0259,train,registered,2.820,1.00,,photo
base_pair_69fc25d1815f_00004_partial.npz,base,69fc25d191e4ffdcf28ab7c3,orto_basemap,partial,,273.4,1.91,68.98,0.976,1379,0.8471,0.8426,field,разметка подтверждена,2369908,g0539,1,,c0259,train,registered,2.820,1.00,,photo
base_pair_69fc25d1815f_00005_inside.npz,base,69fc25d191e4ffdcf28ab7c3,orto_basemap,inside,,265.0,2.15,300.8,0.946,1157,1.0,0.996,field,разметка подтверждена,2043131,g0539,1,,c0259,train,registered,2.820,1.00,,photo
base_pair_69fc25d1815f_00007_inside.npz,base,69fc25d191e4ffdcf28ab7c3,orto_basemap,inside,,175.7,1.06,94.5,0.627,852,1.0,0.9961,field,разметка подтверждена,1636500,g0539,1,,c0259,train,registered,2.820,1.00,,photo
base_pair_6849bb01a6ef_00000_inside.npz,base,6849bb0192552e932ff4eee8,orto_basemap,inside,,193.0,4.23,341.51,0.993,1469,1.0,0.9994,field,разметка подтверждена,2075040,g0485,1,,c0236,train,registered,5.510,1.00,,photo
base_pair_6849bb01a6ef_00001_partial.npz,base,6849bb0192552e932ff4eee8,orto_basemap,partial,,231.7,2.03,48.26,1.113,847,0.6782,0.6888,field,разметка подтверждена,1486388,g0485,1,,c0236,train,registered,5.510,1.00,,photo
base_pair_6849bb01a6ef_00002_partial.npz,base,6849bb0192552e932ff4eee8,orto_basemap,partial,,209.6,5.16,57.83,1.068,1127,0.8492,0.8423,field,разметка подтверждена,2251529,g0485,1,,c0236,train,registered,5.510,1.00,,photo
base_pair_6849bb01a6ef_00003_inside.npz,base,6849bb0192552e932ff4eee8,orto_basemap,inside,,232.4,8.53,22.45,0.941,1214,1.0,1.0,field,разметка подтверждена,2162634,g0485,1,,c0236,train,registered,5.510,1.00,,photo
base_pair_6849bb01a6ef_00004_partial.npz,base,6849bb0192552e932ff4eee8,orto_basemap,partial,,273.4,1.91,68.98,1.149,1623,0.847,0.8527,field,разметка подтверждена,2282310,g0485,1,,c0236,train,registered,5.510,1.00,,photo
base_pair_6849bb01a6ef_00005_inside.npz,base,6849bb0192552e932ff4eee8,orto_basemap,inside,,265.0,2.15,300.8,1.132,1384,1.0,0.9997,field,разметка подтверждена,2035577,g0485,1,,c0236,train,registered,5.510,1.00,,photo
base_pair_5097fd963e9e_00000_inside.npz,base,5097fd96-0000-470d-9761-0e8ac89eb82c,orto_basemap,inside,,193.0,4.23,341.51,0.993,1469,1.0,0.9981,field,разметка подтверждена,2165292,g0028,1,,c0080,train,registered,1.650,1.00,,photo
base_pair_5097fd963e9e_00001_partial.npz,base,5097fd96-0000-470d-9761-0e8ac89eb82c,orto_basemap,partial,,231.7,2.03,48.26,1.113,847,0.6782,0.6877,field,разметка подтверждена,1521761,g0028,1,,c0080,train,registered,1.650,1.00,,photo
base_pair_5097fd963e9e_00002_partial.npz,base,5097fd96-0000-470d-9761-0e8ac89eb82c,orto_basemap,partial,,209.6,5.16,57.83,1.068,1127,0.8492,0.8412,field,разметка подтверждена,2273495,g0028,1,,c0080,train,registered,1.650,1.00,,photo
base_pair_5097fd963e9e_00003_inside.npz,base,5097fd96-0000-470d-9761-0e8ac89eb82c,orto_basemap,inside,,232.4,8.53,22.45,0.941,1214,1.0,1.0,field,разметка подтверждена,2157174,g0028,1,,c0080,train,registered,1.650,1.00,,photo
base_pair_5097fd963e9e_00004_partial.npz,base,5097fd96-0000-470d-9761-0e8ac89eb82c,orto_basemap,partial,,273.4,1.91,68.98,1.149,1623,0.847,0.8529,field,разметка подтверждена,2269515,g0028,1,,c0080,train,registered,1.650,1.00,,photo
base_pair_5097fd963e9e_00005_inside.npz,base,5097fd96-0000-470d-9761-0e8ac89eb82c,orto_basemap,inside,,265.0,2.15,300.8,1.132,1384,1.0,0.9999,field,разметка подтверждена,2002645,g0028,1,,c0080,train,registered,1.650,1.00,,photo
base_pair_6357bedca222_00000_inside.npz,base,6357bedc5f1fd800066121a2,orto_basemap,inside,,193.0,4.23,341.51,0.993,1469,1.0,0.9999,field,разметка подтверждена,2358813,g0352,1,,c0017,train,registered,1.900,1.00,,photo
base_pair_6357bedca222_00001_partial.npz,base,6357bedc5f1fd800066121a2,orto_basemap,partial,,231.7,2.03,48.26,1.113,847,0.6782,0.6888,field,разметка подтверждена,1582644,g0352,1,,c0017,train,registered,1.900,1.00,,photo
base_pair_6357bedca222_00002_partial.npz,base,6357bedc5f1fd800066121a2,orto_basemap,partial,,209.6,5.16,57.83,1.068,1127,0.8492,0.8423,field,разметка подтверждена,2334034,g0352,1,,c0017,train,registered,1.900,1.00,,photo
base_pair_6357bedca222_00003_inside.npz,base,6357bedc5f1fd800066121a2,orto_basemap,inside,,232.4,8.53,22.45,0.941,1214,1.0,1.0,field,разметка подтверждена,2360756,g0352,1,,c0017,train,registered,1.900,1.00,,photo
base_pair_6357bedca222_00004_partial.npz,base,6357bedc5f1fd800066121a2,orto_basemap,partial,,273.4,1.91,68.98,1.149,1623,0.847,0.8521,field,разметка подтверждена,2863115,g0352,1,,c0017,train,registered,1.900,1.00,,photo
base_pair_6357bedca222_00005_inside.npz,base,6357bedc5f1fd800066121a2,orto_basemap,inside,,265.0,2.15,300.8,1.132,1384,1.0,0.9989,field,разметка подтверждена,2388169,g0352,1,,c0017,train,registered,1.900,1.00,,photo
base_pair_f5a3e369e3e0_00000_inside.npz,base,f5a3e369-efa2-449d-aa74-6f164d6b9103,orto_basemap,inside,,193.0,4.23,341.51,0.993,1469,1.0,0.9912,field,разметка подтверждена,2380865,g0590,1,,c0279,heldout,registered,2.840,1.00,,photo
base_pair_f5a3e369e3e0_00001_partial.npz,base,f5a3e369-efa2-449d-aa74-6f164d6b9103,orto_basemap,partial,,231.7,2.03,48.26,1.113,847,0.6782,0.6883,field,разметка подтверждена,1566471,g0590,1,,c0279,heldout,registered,2.840,1.00,,photo
base_pair_f5a3e369e3e0_00002_partial.npz,base,f5a3e369-efa2-449d-aa74-6f164d6b9103,orto_basemap,partial,,209.6,5.16,57.83,1.068,1127,0.8492,0.8396,field,разметка подтверждена,2390855,g0590,1,,c0279,heldout,registered,2.840,1.00,,photo
base_pair_f5a3e369e3e0_00003_inside.npz,base,f5a3e369-efa2-449d-aa74-6f164d6b9103,orto_basemap,inside,,232.4,8.53,22.45,0.941,1214,1.0,0.9776,field,разметка подтверждена,2331589,g0590,1,,c0279,heldout,registered,2.840,1.00,,photo
base_pair_f5a3e369e3e0_00004_partial.npz,base,f5a3e369-efa2-449d-aa74-6f164d6b9103,orto_basemap,partial,,273.4,1.91,68.98,1.149,1623,0.847,0.8478,field,разметка подтверждена,2557802,g0590,1,,c0279,heldout,registered,2.840,1.00,,photo
base_pair_f5a3e369e3e0_00005_inside.npz,base,f5a3e369-efa2-449d-aa74-6f164d6b9103,orto_basemap,inside,,265.0,2.15,300.8,1.132,1384,1.0,0.9991,field,разметка подтверждена,2293741,g0590,1,,c0279,heldout,registered,2.840,1.00,,photo
base_pair_5f81327268cd_00000_inside.npz,base,5f8132727eaf6400054c9ad0,orto_basemap,inside,,193.0,4.23,341.51,0.993,1469,1.0,0.9982,field,разметка подтверждена,2352304,g0222,1,,c0120,train,registered,1.980,1.00,,photo
base_pair_5f81327268cd_00001_partial.npz,base,5f8132727eaf6400054c9ad0,orto_basemap,partial,,231.7,2.03,48.26,1.113,847,0.6782,0.6881,field,разметка подтверждена,1458970,g0222,1,,c0120,train,registered,1.980,1.00,,photo
base_pair_5f81327268cd_00002_partial.npz,base,5f8132727eaf6400054c9ad0,orto_basemap,partial,,209.6,5.16,57.83,1.068,1127,0.8492,0.8373,field,разметка подтверждена,2389185,g0222,1,,c0120,train,registered,1.980,1.00,,photo
base_pair_5f81327268cd_00003_inside.npz,base,5f8132727eaf6400054c9ad0,orto_basemap,inside,,232.4,8.53,22.45,0.941,1214,1.0,0.9962,field,разметка подтверждена,2295607,g0222,1,,c0120,train,registered,1.980,1.00,,photo
base_pair_60f0a1cb5bb3_00000_inside.npz,base,60f0a1cb89ec130007b828a7,orto_basemap,inside,,193.0,4.23,341.51,0.685,1013,1.0,1.0,field,разметка подтверждена,1651134,g0299,1,,c0143,train,registered,4.210,1.00,,photo
base_pair_60f0a1cb5bb3_00001_partial.npz,base,60f0a1cb89ec130007b828a7,orto_basemap,partial,,231.7,2.03,48.26,0.822,768,0.7457,0.7556,field,разметка подтверждена,1390099,g0299,1,,c0143,train,registered,4.210,1.00,,photo
base_pair_68e13134d74c_00000_inside.npz,base,68e131340ee38fc46c2f90f3,orto_basemap,inside,,193.0,4.23,341.51,0.993,1469,1.0,0.9999,field,разметка подтверждена,2490879,g0517,1,,c0069,train,registered,5.300,1.00,,photo
base_pair_68e13134d74c_00001_partial.npz,base,68e131340ee38fc46c2f90f3,orto_basemap,partial,,231.7,2.03,48.26,1.113,847,0.6782,0.6888,field,разметка подтверждена,1604138,g0517,1,,c0069,train,registered,5.300,1.00,,photo
base_pair_6a696a28a671_00000_inside.npz,base,6a696a28ad341af93b96aa24,orto_basemap,inside,,193.0,4.23,341.51,0.993,1469,1.0,1.0,field,без структуры,2152009,g0551,1,,c0264,train,approx,8.000,0.30,,photo
base_pair_6a696a28a671_00001_partial.npz,base,6a696a28ad341af93b96aa24,orto_basemap,partial,,231.7,2.03,48.26,1.113,847,0.6782,0.6888,field,без структуры,1508037,g0551,1,,c0264,train,approx,8.000,0.30,,photo
base_pair_5e2330609507_00000_inside.npz,base,5e23306050259f000541fc5c,orto_basemap,inside,,193.0,4.23,341.51,0.686,1014,1.0,1.0,field,без структуры,1669365,g0133,1,,c0103,heldout,approx,8.000,0.30,,photo
base_pair_5e2330609507_00001_partial.npz,base,5e23306050259f000541fc5c,orto_basemap,partial,,231.7,2.03,48.26,0.823,768,0.7453,0.7553,field,без структуры,1411162,g0133,1,,c0103,heldout,approx,8.000,0.30,,photo
base_pair_5e2330609507_00002_partial.npz,base,5e23306050259f000541fc5c,orto_basemap,partial,,209.6,5.16,57.83,0.745,786,0.8491,0.8424,field,без структуры,2052701,g0133,1,,c0103,heldout,approx,8.000,0.30,,photo
base_pair_5e2330609507_00003_inside.npz,base,5e23306050259f000541fc5c,orto_basemap,inside,,232.4,8.53,22.45,0.826,1065,1.0,1.0,field,без структуры,2011454,g0133,1,,c0103,heldout,approx,8.000,0.30,,photo
base_pair_64f0b65d9c14_00000_inside.npz,base,64f0b65d41efac0001e4beb1,orto_basemap,inside,,193.0,4.23,341.51,0.993,1469,1.0,1.0,field,разметка подтверждена,2321244,g0386,1,,c0164,val,registered,2.790,1.00,,photo
base_pair_64f0b65d9c14_00001_partial.npz,base,64f0b65d41efac0001e4beb1,orto_basemap,partial,,231.7,2.03,48.26,1.113,847,0.6782,0.6888,field,разметка подтверждена,1481226,g0386,1,,c0164,val,registered,2.790,1.00,,photo
base_pair_65f8b818b8fb_00000_inside.npz,base,65f8b818ea431b000145aded,orto_basemap,inside,,193.0,4.23,341.51,0.993,1469,1.0,0.9999,field,разметка подтверждена,2090106,g0420,1,,c0186,train,registered,7.180,1.00,,photo
base_pair_65f8b818b8fb_00001_partial.npz,base,65f8b818ea431b000145aded,orto_basemap,partial,,231.7,2.03,48.26,1.113,847,0.6782,0.6888,field,разметка подтверждена,1444647,g0420,1,,c0186,train,registered,7.180,1.00,,photo
base_pair_6875529f5655_00000_inside.npz,base,6875529f22caa22a41b072f8,orto_basemap,inside,,193.0,4.23,341.51,0.693,1026,1.0,1.0,field,разметка подтверждена,1800543,g0487,1,,c0002,heldout,registered,4.870,1.00,,photo
base_pair_6875529f5655_00001_partial.npz,base,6875529f22caa22a41b072f8,orto_basemap,partial,,231.7,2.03,48.26,0.832,768,0.7424,0.7524,field,разметка подтверждена,1479310,g0487,1,,c0002,heldout,registered,4.870,1.00,,photo
base_pair_0f45880aee03_00000_inside_r2.npz,base,0f45880a-9739-4a72-87a7-b39f5c186e02,orto_basemap,inside,,262.2,1.6,122.16,1.011,1395,1.0,0.9812,cell_refine,подтверждена (повтор; прицельный замер),2522675,g0020,1,,c0076,val,registered,6.150,1.00,,photo
base_pair_0f45880aee03_00001_inside_r2.npz,base,0f45880a-9739-4a72-87a7-b39f5c186e02,orto_basemap,inside,,186.2,8.39,62.16,0.895,1207,1.0,0.9965,cell_refine,подтверждена (повтор; прицельный замер),2328894,g0020,1,,c0076,val,registered,6.150,1.00,,photo
base_pair_0f45880aee03_00002_inside_r2.npz,base,0f45880a-9739-4a72-87a7-b39f5c186e02,orto_basemap,inside,,198.8,2.93,33.44,1.023,1311,1.0,0.9998,cell_refine,подтверждена (повтор; прицельный замер),2395339,g0020,1,,c0076,val,registered,6.150,1.00,,photo
base_pair_0f45880aee03_00003_partial_r2.npz,base,0f45880a-9739-4a72-87a7-b39f5c186e02,orto_basemap,partial,,229.5,0.4,113.16,0.991,2022,0.7195,0.7154,cell_refine,подтверждена (повтор; прицельный замер),2856523,g0020,1,,c0076,val,registered,6.150,1.00,,photo
base_pair_0f45880aee03_00004_partial_r2.npz,base,0f45880a-9739-4a72-87a7-b39f5c186e02,orto_basemap,partial,,272.6,6.26,333.9,1.005,1081,0.8672,0.8404,cell_refine,подтверждена (повтор; прицельный замер),1972211,g0020,1,,c0076,val,registered,6.150,1.00,,photo
base_pair_0f45880aee03_00005_inside_r2.npz,base,0f45880a-9739-4a72-87a7-b39f5c186e02,orto_basemap,inside,,195.4,2.44,359.57,0.871,1109,1.0,1.0,cell_refine,подтверждена (повтор; прицельный замер),2120387,g0020,1,,c0076,val,registered,6.150,1.00,,photo
base_pair_5bfc5db8bc47_00000_inside_r2.npz,base,5bfc5db81c3b5c00053c54a9,orto_basemap,inside,,262.2,1.6,122.16,1.011,1395,1.0,0.9998,cell_refine,подтверждена (повтор; прицельный замер),2640343,g0088,1,,c0000,train,registered,7.180,1.00,,photo
base_pair_5bfc5db8bc47_00001_inside_r2.npz,base,5bfc5db81c3b5c00053c54a9,orto_basemap,inside,,186.2,8.39,62.16,0.895,1207,1.0,0.9998,cell_refine,подтверждена (повтор; прицельный замер),2403306,g0088,1,,c0000,train,registered,7.180,1.00,,photo
base_pair_5bfc5db8bc47_00002_inside_r2.npz,base,5bfc5db81c3b5c00053c54a9,orto_basemap,inside,,198.8,2.93,33.44,1.023,1311,1.0,0.9999,cell_refine,подтверждена (повтор; прицельный замер),2423637,g0088,1,,c0000,train,registered,7.180,1.00,,photo
base_pair_5bfc5db8bc47_00003_partial_r2.npz,base,5bfc5db81c3b5c00053c54a9,orto_basemap,partial,,229.5,0.4,113.16,0.991,2022,0.7195,0.7115,cell_refine,подтверждена (повтор; прицельный замер),2892369,g0088,1,,c0000,train,registered,7.180,1.00,,photo
base_pair_5cc5d2ae9574_00000_inside_r2.npz,base,5cc5d2ae9c4e1700060da68c,orto_basemap,inside,,262.2,1.6,122.16,1.011,1395,1.0,0.9996,cell_refine,подтверждена (повтор; прицельный замер),2548804,g0106,1,,c0005,heldout,registered,6.790,1.00,,photo
base_pair_5cc5d2ae9574_00001_inside_r2.npz,base,5cc5d2ae9c4e1700060da68c,orto_basemap,inside,,186.2,8.39,62.16,0.895,1207,1.0,0.9996,cell_refine,подтверждена (повтор; прицельный замер),2327812,g0106,1,,c0005,heldout,registered,6.790,1.00,,photo
base_pair_5cc5d2ae9574_00002_inside_r2.npz,base,5cc5d2ae9c4e1700060da68c,orto_basemap,inside,,198.8,2.93,33.44,1.023,1311,1.0,0.9999,cell_refine,подтверждена (повтор; прицельный замер),2400201,g0106,1,,c0005,heldout,registered,6.790,1.00,,photo
base_pair_5cc5d2ae9574_00003_partial_r2.npz,base,5cc5d2ae9c4e1700060da68c,orto_basemap,partial,,229.5,0.4,113.16,0.991,2022,0.7195,0.7163,cell_refine,подтверждена (повтор; прицельный замер),2868958,g0106,1,,c0005,heldout,registered,6.790,1.00,,photo
base_pair_5cc5d2ae9574_00004_partial_r2.npz,base,5cc5d2ae9c4e1700060da68c,orto_basemap,partial,,272.6,6.26,333.9,1.005,1081,0.8672,0.8517,cell_refine,подтверждена (повтор; прицельный замер),1996978,g0106,1,,c0005,heldout,registered,6.790,1.00,,photo
base_pair_5cc5d2ae9574_00005_inside_r2.npz,base,5cc5d2ae9c4e1700060da68c,orto_basemap,inside,,195.4,2.44,359.57,0.871,1109,1.0,1.0,cell_refine,подтверждена (повтор; прицельный замер),2178067,g0106,1,,c0005,heldout,registered,6.790,1.00,,photo
base_pair_607ec4fcdca9_00000_inside_r2.npz,base,607ec4fc5415000005a52839,orto_basemap,inside,,262.2,1.6,122.16,1.011,1395,1.0,1.0,cell_refine,подтверждена (повтор; прицельный замер),2567155,g0268,1,,c0134,val,registered,4.320,1.00,,photo
base_pair_607ec4fcdca9_00001_inside_r2.npz,base,607ec4fc5415000005a52839,orto_basemap,inside,,186.2,8.39,62.16,0.895,1207,1.0,1.0,cell_refine,подтверждена (повтор; прицельный замер),2388978,g0268,1,,c0134,val,registered,4.320,1.00,,photo
base_pair_607ec4fcdca9_00002_inside_r2.npz,base,607ec4fc5415000005a52839,orto_basemap,inside,,198.8,2.93,33.44,1.023,1311,1.0,0.9987,cell_refine,подтверждена (повтор; прицельный замер),2450650,g0268,1,,c0134,val,registered,4.320,1.00,,photo
base_pair_607ec4fcdca9_00003_partial_r2.npz,base,607ec4fc5415000005a52839,orto_basemap,partial,,229.5,0.4,113.16,0.991,2022,0.7195,0.7161,cell_refine,подтверждена (повтор; прицельный замер),2908109,g0268,1,,c0134,val,registered,4.320,1.00,,photo
base_pair_607ec4fcdca9_00004_partial_r2.npz,base,607ec4fc5415000005a52839,orto_basemap,partial,,272.6,6.26,333.9,1.005,1081,0.8672,0.8515,cell_refine,подтверждена (повтор; прицельный замер),2120980,g0268,1,,c0134,val,registered,4.320,1.00,,photo
base_pair_607ec4fcdca9_00005_inside_r2.npz,base,607ec4fc5415000005a52839,orto_basemap,inside,,195.4,2.44,359.57,0.871,1109,1.0,0.9999,cell_refine,подтверждена (повтор; прицельный замер),2282642,g0268,1,,c0134,val,registered,4.320,1.00,,photo
base_pair_650857ff89dd_00000_inside_r2.npz,base,650857fff17ffb0001796e6c,orto_basemap,inside,,262.2,1.6,122.16,1.011,1395,1.0,0.9881,cell_refine,подтверждена (повтор; прицельный замер),2125703,g0387,1,,c0165,heldout,registered,4.130,1.00,,photo
base_pair_650857ff89dd_00001_inside_r2.npz,base,650857fff17ffb0001796e6c,orto_basemap,inside,,186.2,8.39,62.16,0.895,1207,1.0,0.9785,cell_refine,подтверждена (повтор; прицельный замер),2132395,g0387,1,,c0165,heldout,registered,4.130,1.00,,photo
base_pair_650857ff89dd_00002_inside_r2.npz,base,650857fff17ffb0001796e6c,orto_basemap,inside,,198.8,2.93,33.44,1.023,1311,1.0,0.9964,cell_refine,подтверждена (повтор; прицельный замер),2219138,g0387,1,,c0165,heldout,registered,4.130,1.00,,photo
base_pair_650857ff89dd_00003_inside_r2.npz,base,650857fff17ffb0001796e6c,orto_basemap,inside,,261.5,1.5,281.18,0.9,1407,1.0,0.999,cell_refine,подтверждена (повтор; прицельный замер),2244326,g0387,1,,c0165,heldout,registered,4.130,1.00,,photo
base_pair_5ef7339da722_00000_inside_r2.npz,base,5ef7339d8aefa40005354460,orto_basemap,inside,,262.2,1.6,122.16,1.011,1395,1.0,0.9987,cell_refine,подтверждена (повтор; прицельный замер),2614290,g0181,1,,c0000,train,registered,3.950,1.00,,photo
base_pair_5ef7339da722_00001_inside_r2.npz,base,5ef7339d8aefa40005354460,orto_basemap,inside,,186.2,8.39,62.16,0.895,1207,1.0,0.9998,cell_refine,подтверждена (повтор; прицельный замер),2386931,g0181,1,,c0000,train,registered,3.950,1.00,,photo
base_pair_5ef7339da722_00002_inside_r2.npz,base,5ef7339d8aefa40005354460,orto_basemap,inside,,198.8,2.93,33.44,1.023,1311,1.0,0.9938,cell_refine,подтверждена (повтор; прицельный замер),2341648,g0181,1,,c0000,train,registered,3.950,1.00,,photo
base_pair_5ef7339da722_00003_partial_r2.npz,base,5ef7339d8aefa40005354460,orto_basemap,partial,,229.5,0.4,113.16,0.991,2022,0.7195,0.7156,cell_refine,подтверждена (повтор; прицельный замер),2894478,g0181,1,,c0000,train,registered,3.950,1.00,,photo
base_pair_5b446e1cce9a_00000_inside_r2.npz,base,5b446e1c2b6a08001185f970,orto_basemap,inside,,262.2,1.6,122.16,1.011,1395,1.0,1.0,cell_refine,подтверждена (повтор; прицельный замер),2576692,g0037,1,,c0000,train,registered,4.710,1.00,,photo
base_pair_5b446e1cce9a_00001_inside_r2.npz,base,5b446e1c2b6a08001185f970,orto_basemap,inside,,186.2,8.39,62.16,0.895,1207,1.0,0.9998,cell_refine,подтверждена (повтор; прицельный замер),2364763,g0037,1,,c0000,train,registered,4.710,1.00,,photo
base_pair_5b446e1cce9a_00002_inside_r2.npz,base,5b446e1c2b6a08001185f970,orto_basemap,inside,,198.8,2.93,33.44,1.023,1311,1.0,1.0,cell_refine,подтверждена (повтор; прицельный замер),2430618,g0037,1,,c0000,train,registered,4.710,1.00,,photo
base_pair_5b446e1cce9a_00003_partial_r2.npz,base,5b446e1c2b6a08001185f970,orto_basemap,partial,,229.5,0.4,113.16,0.991,2022,0.7195,0.7164,cell_refine,подтверждена (повтор; прицельный замер),2925565,g0037,1,,c0000,train,registered,4.710,1.00,,photo
base_pair_5b446e1cce9a_00004_partial_r2.npz,base,5b446e1c2b6a08001185f970,orto_basemap,partial,,272.6,6.26,333.9,1.005,1081,0.8672,0.8517,cell_refine,подтверждена (повтор; прицельный замер),1993032,g0037,1,,c0000,train,registered,4.710,1.00,,photo
base_pair_5b446e1cce9a_00005_inside_r2.npz,base,5b446e1c2b6a08001185f970,orto_basemap,inside,,195.4,2.44,359.57,0.871,1109,1.0,1.0,cell_refine,подтверждена (повтор; прицельный замер),2163840,g0037,1,,c0000,train,registered,4.710,1.00,,photo
base_pair_5b446e1cce9a_00006_inside_r2.npz,base,5b446e1c2b6a08001185f970,orto_basemap,inside,,179.8,6.37,41.49,1.075,1767,1.0,0.9999,cell_refine,подтверждена (повтор; прицельный замер),2554155,g0037,1,,c0000,train,registered,4.710,1.00,,photo
base_pair_5b446e1cce9a_00008_partial_r2.npz,base,5b446e1c2b6a08001185f970,orto_basemap,partial,,270.1,2.49,96.21,0.987,1147,0.8524,0.8427,cell_refine,подтверждена (повтор; прицельный замер),2127858,g0037,1,,c0000,train,registered,4.710,1.00,,photo
base_pair_5b446e1cce9a_00009_inside_r2.npz,base,5b446e1c2b6a08001185f970,orto_basemap,inside,,219.7,7.99,264.49,1.044,1453,1.0,0.9999,cell_refine,подтверждена (повтор; прицельный замер),2260331,g0037,1,,c0000,train,registered,4.710,1.00,,photo
base_pair_5b446e1cce9a_00010_inside_r2.npz,base,5b446e1c2b6a08001185f970,orto_basemap,inside,,178.6,7.84,55.77,1.166,1561,1.0,0.9999,cell_refine,подтверждена (повтор; прицельный замер),2775154,g0037,1,,c0000,train,registered,4.710,1.00,,photo
base_pair_5b446e1cce9a_00011_inside_r2.npz,base,5b446e1c2b6a08001185f970,orto_basemap,inside,,284.6,5.6,248.55,1.007,1477,1.0,1.0,cell_refine,подтверждена (повтор; прицельный замер),2665420,g0037,1,,c0000,train,registered,4.710,1.00,,photo
base_pair_5bdf80ef1f7a_00000_inside_r2.npz,base,5bdf80ef430b4d000569fa17,orto_basemap,inside,,262.2,1.6,122.16,1.011,1395,1.0,0.9999,cell_refine,подтверждена (повтор; прицельный замер),2526519,g0086,1,,c0000,train,registered,0.960,1.00,,photo
base_pair_5bdf80ef1f7a_00001_inside_r2.npz,base,5bdf80ef430b4d000569fa17,orto_basemap,inside,,186.2,8.39,62.16,0.895,1207,1.0,0.9998,cell_refine,подтверждена (повтор; прицельный замер),2295716,g0086,1,,c0000,train,registered,0.960,1.00,,photo
base_pair_5bdf80ef1f7a_00002_inside_r2.npz,base,5bdf80ef430b4d000569fa17,orto_basemap,inside,,198.8,2.93,33.44,1.023,1311,1.0,1.0,cell_refine,подтверждена (повтор; прицельный замер),2403439,g0086,1,,c0000,train,registered,0.960,1.00,,photo
base_pair_5bdf80ef1f7a_00003_partial_r2.npz,base,5bdf80ef430b4d000569fa17,orto_basemap,partial,,229.5,0.4,113.16,0.991,2022,0.7195,0.689,cell_refine,подтверждена (повтор; прицельный замер),2666681,g0086,1,,c0000,train,registered,0.960,1.00,,photo
base_pair_5e828a983f16_00000_inside_r2.npz,base,5e828a988c03310007a824db,orto_basemap,inside,,262.2,1.6,122.16,1.011,1395,1.0,0.9999,cell_refine,подтверждена (повтор; прицельный замер),2642217,g0150,1,,c0000,train,registered,7.940,1.00,,photo
base_pair_5e828a983f16_00001_inside_r2.npz,base,5e828a988c03310007a824db,orto_basemap,inside,,186.2,8.39,62.16,0.895,1207,1.0,1.0,cell_refine,подтверждена (повтор; прицельный замер),2361732,g0150,1,,c0000,train,registered,7.940,1.00,,photo
base_pair_5b9138580633_00000_inside_r2.npz,base,5b913858a0d7280005fab362,orto_basemap,inside,,262.2,1.6,122.16,1.011,1395,1.0,0.9986,cell_refine,подтверждена (повтор; прицельный замер),2384689,g0052,1,,c0006,train,registered,5.460,1.00,,photo
base_pair_5b9138580633_00001_inside_r2.npz,base,5b913858a0d7280005fab362,orto_basemap,inside,,186.2,8.39,62.16,0.895,1207,1.0,0.9996,cell_refine,подтверждена (повтор; прицельный замер),2200177,g0052,1,,c0006,train,registered,5.460,1.00,,photo
base_pair_5b9138580633_00002_inside_r2.npz,base,5b913858a0d7280005fab362,orto_basemap,inside,,198.8,2.93,33.44,1.023,1311,1.0,0.9992,cell_refine,подтверждена (повтор; прицельный замер),2294450,g0052,1,,c0006,train,registered,5.460,1.00,,photo
base_pair_5b9138580633_00003_partial_r2.npz,base,5b913858a0d7280005fab362,orto_basemap,partial,,229.5,0.4,113.16,0.991,2022,0.7195,0.7162,cell_refine,подтверждена (повтор; прицельный замер),2485983,g0052,1,,c0006,train,registered,5.460,1.00,,photo
base_pair_5ec3c813f5d7_00000_inside_r2.npz,base,5ec3c813aff5010005865c4e,orto_basemap,inside,,262.2,1.6,122.16,1.011,1395,1.0,0.9984,cell_refine,подтверждена (повтор; прицельный замер),2578843,g0168,1,,c0000,train,registered,9.750,1.00,,photo
base_pair_5ec3c813f5d7_00001_inside_r2.npz,base,5ec3c813aff5010005865c4e,orto_basemap,inside,,186.2,8.39,62.16,0.895,1207,1.0,0.9985,cell_refine,подтверждена (повтор; прицельный замер),2335738,g0168,1,,c0000,train,registered,9.750,1.00,,photo
base_pair_5f38a08ce8d7_00000_inside_r2.npz,base,5f38a08cdf88ab000761cb1c,orto_basemap,inside,,262.2,1.6,122.16,1.011,1395,1.0,0.9999,cell_refine,подтверждена (повтор; прицельный замер),2347021,g0194,1,,c0000,train,registered,2.120,1.00,,photo
base_pair_5f38a08ce8d7_00001_inside_r2.npz,base,5f38a08cdf88ab000761cb1c,orto_basemap,inside,,186.2,8.39,62.16,0.895,1207,1.0,0.9999,cell_refine,подтверждена (повтор; прицельный замер),2182394,g0194,1,,c0000,train,registered,2.120,1.00,,photo
base_pair_5f38a08ce8d7_00002_inside_r2.npz,base,5f38a08cdf88ab000761cb1c,orto_basemap,inside,,198.8,2.93,33.44,1.023,1311,1.0,0.9999,cell_refine,подтверждена (повтор; прицельный замер),2424443,g0194,1,,c0000,train,registered,2.120,1.00,,photo
base_pair_5f38a08ce8d7_00003_partial_r2.npz,base,5f38a08cdf88ab000761cb1c,orto_basemap,partial,,229.5,0.4,113.16,0.991,2022,0.7195,0.7164,cell_refine,подтверждена (повтор; прицельный замер),2944843,g0194,1,,c0000,train,registered,2.120,1.00,,photo
base_pair_5f38a08ce8d7_00004_partial_r2.npz,base,5f38a08cdf88ab000761cb1c,orto_basemap,partial,,272.6,6.26,333.9,1.005,1081,0.8672,0.8505,cell_refine,подтверждена (повтор; прицельный замер),1949389,g0194,1,,c0000,train,registered,2.120,1.00,,photo
base_pair_5f38a08ce8d7_00005_inside_r2.npz,base,5f38a08cdf88ab000761cb1c,orto_basemap,inside,,195.4,2.44,359.57,0.871,1109,1.0,0.9982,cell_refine,подтверждена (повтор; прицельный замер),2130591,g0194,1,,c0000,train,registered,2.120,1.00,,photo
base_pair_5f38a08ce8d7_00006_inside_r2.npz,base,5f38a08cdf88ab000761cb1c,orto_basemap,inside,,179.8,6.37,41.49,1.075,1767,1.0,0.9995,cell_refine,подтверждена (повтор; прицельный замер),2758509,g0194,1,,c0000,train,registered,2.120,1.00,,photo
base_pair_5f38a08ce8d7_00008_partial_r2.npz,base,5f38a08cdf88ab000761cb1c,orto_basemap,partial,,270.1,2.49,96.21,0.987,1147,0.8524,0.8425,cell_refine,подтверждена (повтор; прицельный замер),2142955,g0194,1,,c0000,train,registered,2.120,1.00,,photo
base_pair_5f38a08ce8d7_00009_inside_r2.npz,base,5f38a08cdf88ab000761cb1c,orto_basemap,inside,,219.7,7.99,264.49,1.044,1453,1.0,0.9998,cell_refine,подтверждена (повтор; прицельный замер),2200993,g0194,1,,c0000,train,registered,2.120,1.00,,photo
base_pair_60f45df1706d_00000_inside_r2.npz,base,60f45df142311e0006681a1c,orto_basemap,inside,,262.2,1.6,122.16,1.011,1395,1.0,1.0,cell_refine,подтверждена (повтор; прицельный замер),2296210,g0300,1,,c0144,val,registered,5.390,1.00,,photo
base_pair_60f45df1706d_00001_inside_r2.npz,base,60f45df142311e0006681a1c,orto_basemap,inside,,186.2,8.39,62.16,0.724,976,1.0,1.0,cell_refine,подтверждена (повтор; прицельный замер),2088473,g0300,1,,c0144,val,registered,5.390,1.00,,photo
base_pair_5b773d85a604_00000_inside_r2.npz,base,5b773d856175251e6a5dac70,orto_basemap,inside,,262.2,1.6,122.16,1.011,1395,1.0,1.0,cell_refine,подтверждена (повтор; прицельный замер),2562425,g0045,1,,c0000,train,registered,6.800,1.00,,photo
base_pair_5b773d85a604_00001_inside_r2.npz,base,5b773d856175251e6a5dac70,orto_basemap,inside,,186.2,8.39,62.16,0.895,1207,1.0,0.9999,cell_refine,подтверждена (повтор; прицельный замер),2328737,g0045,1,,c0000,train,registered,6.800,1.00,,photo
base_pair_5b773d85a604_00002_inside_r2.npz,base,5b773d856175251e6a5dac70,orto_basemap,inside,,198.8,2.93,33.44,1.023,1311,1.0,1.0,cell_refine,подтверждена (повтор; прицельный замер),2405738,g0045,1,,c0000,train,registered,6.800,1.00,,photo
base_pair_5b773d85a604_00003_partial_r2.npz,base,5b773d856175251e6a5dac70,orto_basemap,partial,,229.5,0.4,113.16,0.991,2022,0.7195,0.7164,cell_refine,подтверждена (повтор; прицельный замер),2888586,g0045,1,,c0000,train,registered,6.800,1.00,,photo
base_pair_5b773d85a604_00004_partial_r2.npz,base,5b773d856175251e6a5dac70,orto_basemap,partial,,272.6,6.26,333.9,1.005,1081,0.8672,0.8509,cell_refine,подтверждена (повтор; прицельный замер),1979190,g0045,1,,c0000,train,registered,6.800,1.00,,photo
base_pair_5b773d85a604_00005_inside_r2.npz,base,5b773d856175251e6a5dac70,orto_basemap,inside,,195.4,2.44,359.57,0.871,1109,1.0,0.987,cell_refine,подтверждена (повтор; прицельный замер),2173684,g0045,1,,c0000,train,registered,6.800,1.00,,photo
base_pair_5b9edfb61c8d_00000_inside_r2.npz,base,5b9edfb6e7efd00008985454,orto_basemap,inside,,262.2,1.6,122.16,1.011,1395,1.0,1.0,cell_refine,подтверждена (повтор; прицельный замер),2570477,g0064,1,,c0000,train,registered,1.650,1.00,,photo
base_pair_5b9edfb61c8d_00001_inside_r2.npz,base,5b9edfb6e7efd00008985454,orto_basemap,inside,,186.2,8.39,62.16,0.895,1207,1.0,1.0,cell_refine,подтверждена (повтор; прицельный замер),2351069,g0064,1,,c0000,train,registered,1.650,1.00,,photo
base_pair_5f61900285cd_00000_inside_r2.npz,base,5f619002d9f87200078c7f76,orto_basemap,inside,,262.2,1.6,122.16,1.011,1395,1.0,0.904,cell_refine,подтверждена (повтор; прицельный замер),2803383,g0205,1,,c0001,train,registered,2.380,1.00,,photo
base_pair_5f61900285cd_00001_inside_r2.npz,base,5f619002d9f87200078c7f76,orto_basemap,inside,,186.2,8.39,62.16,0.895,1207,1.0,0.9444,cell_refine,подтверждена (повтор; прицельный замер),2560442,g0205,1,,c0001,train,registered,2.380,1.00,,photo
base_pair_5f61900285cd_00002_inside_r2.npz,base,5f619002d9f87200078c7f76,orto_basemap,inside,,198.8,2.93,33.44,1.023,1311,1.0,0.9275,cell_refine,подтверждена (повтор; прицельный замер),2760624,g0205,1,,c0001,train,registered,2.380,1.00,,photo
base_pair_5f61900285cd_00003_partial_r2.npz,base,5f619002d9f87200078c7f76,orto_basemap,partial,,229.5,0.4,113.16,0.991,2022,0.7195,0.663,cell_refine,подтверждена (повтор; прицельный замер),3302284,g0205,1,,c0001,train,registered,2.380,1.00,,photo
base_pair_be11452f2d3c_00000_partial_gate.npz,base,be11452f-4d92-49fa-94a0-afdbe20f9a68,orto_basemap,partial,,263.7,9.81,32.08,0.889,1665,0.7075,0.7151,field,подтверждена (гейт пересмотрен),2290331,g0577,1,,c0009,heldout,registered,7.940,1.00,,photo
base_pair_be11452f2d3c_00001_partial_gate.npz,base,be11452f-4d92-49fa-94a0-afdbe20f9a68,orto_basemap,partial,,281.7,1.85,251.61,0.969,1995,0.6834,0.6931,field,подтверждена (гейт пересмотрен),2882035,g0577,1,,c0009,heldout,registered,7.940,1.00,,photo
base_pair_be11452f2d3c_00002_inside_gate.npz,base,be11452f-4d92-49fa-94a0-afdbe20f9a68,orto_basemap,inside,,234.0,4.3,274.06,1.125,2036,1.0,0.995,field,подтверждена (гейт пересмотрен),2916910,g0577,1,,c0009,heldout,registered,7.940,1.00,,photo
base_pair_be11452f2d3c_00003_inside_gate.npz,base,be11452f-4d92-49fa-94a0-afdbe20f9a68,orto_basemap,inside,,255.2,1.93,99.41,1.099,1601,1.0,0.9951,field,подтверждена (гейт пересмотрен),2655780,g0577,1,,c0009,heldout,registered,7.940,1.00,,photo
base_pair_be11452f2d3c_00004_inside_gate.npz,base,be11452f-4d92-49fa-94a0-afdbe20f9a68,orto_basemap,inside,,296.6,5.92,255.02,1.172,2048,1.0,0.997,field,подтверждена (гейт пересмотрен),3148744,g0577,1,,c0009,heldout,registered,7.940,1.00,,photo
base_pair_be11452f2d3c_00005_inside_gate.npz,base,be11452f-4d92-49fa-94a0-afdbe20f9a68,orto_basemap,inside,,180.5,6.28,62.93,1.051,1800,1.0,0.9957,field,подтверждена (гейт пересмотрен),2552827,g0577,1,,c0009,heldout,registered,7.940,1.00,,photo
base_pair_68a91e0b8cf8_00000_partial_gate.npz,base,68a91e0b-3ff9-4d9f-be55-7d015bdf504b,orto_basemap,partial,,201.2,2.22,307.39,1.184,1995,0.7422,0.7274,field,подтверждена (гейт пересмотрен),2760180,g0505,1,,c0016,train,registered,8.040,1.00,,photo
base_pair_6066cd43d004_00000_partial_gate.npz,base,6066cd43d8a0ef00061b9507,orto_basemap,partial,,263.7,9.81,32.08,0.889,1665,0.7075,0.6138,field,подтверждена (гейт пересмотрен),2259137,g0260,1,,c0001,train,registered,2.820,1.00,,photo
base_pair_6066cd43d004_00002_inside_gate.npz,base,6066cd43d8a0ef00061b9507,orto_basemap,inside,,196.2,0.14,230.94,1.172,1603,1.0,0.9808,field,подтверждена (гейт пересмотрен),2544848,g0260,1,,c0001,train,registered,2.820,1.00,,photo
base_pair_6066cd43d004_00004_partial_gate.npz,base,6066cd43d8a0ef00061b9507,orto_basemap,partial,,257.8,3.81,15.96,1.113,1201,0.7892,0.7783,field,подтверждена (гейт пересмотрен),2102360,g0260,1,,c0001,train,registered,2.820,1.00,,photo
base_pair_6066cd43d004_00005_inside_gate.npz,base,6066cd43d8a0ef00061b9507,orto_basemap,inside,,286.6,7.87,289.49,0.897,1233,1.0,0.9792,field,подтверждена (гейт пересмотрен),2369841,g0260,1,,c0001,train,registered,2.820,1.00,,photo
base_pair_6011120458a7_00000_partial_gate.npz,base,60111204-92b7-47ed-b4b4-b65d4c355750,orto_basemap,partial,,263.7,9.81,32.08,0.889,1665,0.7075,0.6821,field,подтверждена (гейт пересмотрен),2204655,g0250,1,,c0016,train,registered,3.300,1.00,,photo
base_pair_60b29cc741ba_00000_partial_gate.npz,base,60b29cc7a9600f0008458160,orto_basemap,partial,,263.7,9.81,32.08,0.889,1665,0.7075,0.7183,field,подтверждена (гейт пересмотрен),2283873,g0282,1,,c0139,val,registered,4.610,1.00,,photo
base_pair_60b29cc741ba_00002_inside_gate.npz,base,60b29cc7a9600f0008458160,orto_basemap,inside,,196.2,0.14,230.94,0.766,1048,1.0,0.9988,field,подтверждена (гейт пересмотрен),1966067,g0282,1,,c0139,val,registered,4.610,1.00,,photo
base_pair_65578fb4d78a_00000_partial_gate.npz,base,65578fb43aa0a700013167eb,orto_basemap,partial,,201.2,2.22,307.39,0.723,1218,0.7419,0.725,field,подтверждена (гейт пересмотрен),1712701,g0403,1,,c0002,heldout,registered,3.200,1.00,,photo
base_pair_6a4e8448bda3_00000_partial_gate.npz,base,6a4e8448b3c436cbc5535670,orto_basemap,partial,,175.0,7.61,93.69,1.001,837,0.6459,0.6962,field,подтверждена (гейт пересмотрен),1315915,g0544,1,,c0069,train,registered,6.020,1.00,,photo
base_pair_6a4e8448bda3_00001_inside_gate.npz,base,6a4e8448b3c436cbc5535670,orto_basemap,inside,,177.3,3.39,4.28,1.048,1466,1.0,0.9872,field,подтверждена (гейт пересмотрен),2678559,g0544,1,,c0069,train,registered,6.020,1.00,,photo
base_pair_5f60702ad1d7_00000_partial_gate.npz,base,5f60702ad9f87200078c7f64,orto_basemap,partial,,201.2,2.22,307.39,1.184,1995,0.7422,0.7208,field,подтверждена (гейт пересмотрен),3110784,g0203,1,,c0001,train,registered,5.860,1.00,,photo
base_pair_625ec7d2f9e7_00000_partial_gate.npz,base,625ec7d280c7950007509c34,orto_basemap,partial,,175.0,7.61,93.69,0.688,768,0.7151,0.7591,field,подтверждена (гейт пересмотрен),1241900,g0338,1,,c0153,train,registered,5.740,1.00,,photo
base_pair_625ec7d2f9e7_00001_inside_gate.npz,base,625ec7d280c7950007509c34,orto_basemap,inside,,177.3,3.39,4.28,0.697,975,1.0,1.0,field,подтверждена (гейт пересмотрен),2005404,g0338,1,,c0153,train,registered,5.740,1.00,,photo
base_pair_6705931b87aa_00000_partial_gate.npz,base,6705931b327f3c00012b0f6a,orto_basemap,partial,,263.7,9.81,32.08,0.889,1665,0.7075,0.6927,field,подтверждена (гейт пересмотрен),1954183,g0465,1,,c0056,heldout,registered,0.820,1.00,,photo
base_pair_5ba2d6783815_00000_partial_gate.npz,base,5ba2d678a7627100062e451f,orto_basemap,partial,,201.2,2.22,307.39,0.808,1361,0.742,0.706,field,подтверждена (гейт пересмотрен),1982438,g0065,1,,c0085,heldout,registered,2.640,1.00,,photo
base_pair_5ba2d6783815_00001_inside_gate.npz,base,5ba2d678a7627100062e451f,orto_basemap,inside,,196.2,0.14,230.94,0.788,1077,1.0,0.9942,field,подтверждена (гейт пересмотрен),1946315,g0065,1,,c0085,heldout,registered,2.640,1.00,,photo
base_pair_2e669ee7388c_00000_partial_gate.npz,base,2e669ee7-3dc6-4e8c-812b-1d491bdd099a,orto_basemap,partial,,263.7,9.81,32.08,0.889,1665,0.7075,0.7197,field,подтверждена (гейт пересмотрен),2251679,g0025,1,,c0012,val,registered,3.080,1.00,,photo
base_pair_2e669ee7388c_00001_partial_gate.npz,base,2e669ee7-3dc6-4e8c-812b-1d491bdd099a,orto_basemap,partial,,281.7,1.85,251.61,0.969,1995,0.6834,0.6973,field,подтверждена (гейт пересмотрен),2899868,g0025,1,,c0012,val,registered,3.080,1.00,,photo
base_pair_2e669ee7388c_00002_inside_gate.npz,base,2e669ee7-3dc6-4e8c-812b-1d491bdd099a,orto_basemap,inside,,234.0,4.3,274.06,1.125,2036,1.0,0.9979,field,подтверждена (гейт пересмотрен),2859199,g0025,1,,c0012,val,registered,3.080,1.00,,photo
base_pair_2e669ee7388c_00003_inside_gate.npz,base,2e669ee7-3dc6-4e8c-812b-1d491bdd099a,orto_basemap,inside,,255.2,1.93,99.41,1.099,1601,1.0,0.9987,field,подтверждена (гейт пересмотрен),2586977,g0025,1,,c0012,val,registered,3.080,1.00,,photo
base_pair_2e669ee7388c_00004_inside_gate.npz,base,2e669ee7-3dc6-4e8c-812b-1d491bdd099a,orto_basemap,inside,,296.6,5.92,255.02,1.172,2048,1.0,0.9996,field,подтверждена (гейт пересмотрен),3171151,g0025,1,,c0012,val,registered,3.080,1.00,,photo
base_pair_2e669ee7388c_00005_inside_gate.npz,base,2e669ee7-3dc6-4e8c-812b-1d491bdd099a,orto_basemap,inside,,180.5,6.28,62.93,1.051,1800,1.0,0.9997,field,подтверждена (гейт пересмотрен),2335663,g0025,1,,c0012,val,registered,3.080,1.00,,photo
base_pair_2e669ee7388c_00006_partial_gate.npz,base,2e669ee7-3dc6-4e8c-812b-1d491bdd099a,orto_basemap,partial,,190.1,1.35,283.4,0.963,1473,0.8674,0.8697,field,подтверждена (гейт пересмотрен),2595884,g0025,1,,c0012,val,registered,3.080,1.00,,photo
base_pair_2e669ee7388c_00007_partial_gate.npz,base,2e669ee7-3dc6-4e8c-812b-1d491bdd099a,orto_basemap,partial,,178.7,2.96,354.5,1.172,1827,0.8958,0.8853,field,подтверждена (гейт пересмотрен),2378255,g0025,1,,c0012,val,registered,3.080,1.00,,photo
base_pair_2e669ee7388c_00008_inside_gate.npz,base,2e669ee7-3dc6-4e8c-812b-1d491bdd099a,orto_basemap,inside,,299.8,1.13,101.06,0.975,1894,1.0,0.9991,field,подтверждена (гейт пересмотрен),3116913,g0025,1,,c0012,val,registered,3.080,1.00,,photo
base_pair_2e669ee7388c_00009_inside_gate.npz,base,2e669ee7-3dc6-4e8c-812b-1d491bdd099a,orto_basemap,inside,,221.9,5.89,276.55,0.87,1161,1.0,0.9981,field,подтверждена (гейт пересмотрен),2231855,g0025,1,,c0012,val,registered,3.080,1.00,,photo
base_pair_69a377520c8e_00000_partial_gate.npz,base,69a37752e1de1fc8304bc3ba,orto_basemap,partial,,201.2,2.22,307.39,0.895,1509,0.7421,0.7221,field,подтверждена (гейт пересмотрен),1865071,g0534,1,,c0021,train,registered,3.510,1.00,,photo
base_pair_5f6097f9fce9_00000_partial_gate.npz,base,5f6097f9d9f87200078c7f6a,orto_basemap,partial,,201.2,2.22,307.39,1.184,1995,0.7422,0.7254,field,подтверждена (гейт пересмотрен),2962133,g0204,1,,c0001,train,registered,1.970,1.00,,photo
base_pair_5f6097f9fce9_00002_inside_gate.npz,base,5f6097f9d9f87200078c7f6a,orto_basemap,inside,,196.2,0.14,230.94,1.172,1603,1.0,0.9384,field,подтверждена (гейт пересмотрен),2627654,g0204,1,,c0001,train,registered,1.970,1.00,,photo
base_pair_680fc6edbfd6_00000_partial_gate.npz,base,680fc6ed5a239162fb6cbae3,orto_basemap,partial,,201.2,2.22,307.39,1.184,1995,0.7422,0.7279,field,подтверждена (гейт пересмотрен),2670135,g0482,1,,c0233,train,registered,1.510,1.00,,photo
base_pair_5ba3b08a0fa3_00000_partial_gate.npz,base,5ba3b08a15f7f7000547a300,orto_basemap,partial,,175.0,7.61,93.69,0.66,768,0.727,0.7689,field,подтверждена (гейт пересмотрен),1218496,g0066,1,,c0086,heldout,registered,3.760,1.00,,photo
base_pair_5ba3b08a0fa3_00001_inside_gate.npz,base,5ba3b08a15f7f7000547a300,orto_basemap,inside,,177.3,3.39,4.28,0.668,935,1.0,1.0,field,подтверждена (гейт пересмотрен),1978579,g0066,1,,c0086,heldout,registered,3.760,1.00,,photo
base_pair_9c75cb722904_00000_partial_gate.npz,base,9c75cb72-e13a-4862-abe4-62058d5e108c,orto_basemap,partial,,263.7,9.81,32.08,0.889,1665,0.7075,0.7033,field,подтверждена (гейт пересмотрен),2288088,g0569,1,,c0274,train,registered,2.600,1.00,,photo
base_pair_5ff8bb526080_00000_partial_gate.npz,base,5ff8bb52faaf080006252dc0,orto_basemap,partial,,263.7,9.81,32.08,0.889,1665,0.7075,0.7083,field,подтверждена (гейт пересмотрен),2743063,g0248,1,,c0001,train,registered,7.230,1.00,,photo
base_pair_5ff8bb526080_00002_inside_gate.npz,base,5ff8bb52faaf080006252dc0,orto_basemap,inside,,196.2,0.14,230.94,1.172,1603,1.0,0.963,field,подтверждена (гейт пересмотрен),2783456,g0248,1,,c0001,train,registered,7.230,1.00,,photo
base_pair_609ab900452b_00001_inside_gate.npz,base,609ab900924d4600052699aa,orto_basemap,inside,,196.2,0.14,230.94,1.172,1603,1.0,0.9821,field,подтверждена (гейт пересмотрен),2661636,g0276,1,,c0137,train,registered,3.940,1.00,,photo
base_pair_6497c8296ca0_00000_partial_gate.npz,base,6497c829a2f35c00061c10a8,orto_basemap,partial,,263.7,9.81,32.08,0.889,1665,0.7075,0.7202,field,подтверждена (гейт пересмотрен),2067193,g0377,1,,c0008,heldout,registered,5.740,1.00,,photo
base_pair_6497c8296ca0_00002_inside_gate.npz,base,6497c829a2f35c00061c10a8,orto_basemap,inside,,196.2,0.14,230.94,1.172,1603,1.0,0.9997,field,подтверждена (гейт пересмотрен),2149276,g0377,1,,c0008,heldout,registered,5.740,1.00,,photo
base_pair_5fac6873fd02_00000_partial_gate.npz,base,5fac68733729bf0005526787,orto_basemap,partial,,201.2,2.22,307.39,1.184,1995,0.7422,0.719,field,подтверждена (гейт пересмотрен),3120031,g0230,1,,c0001,train,registered,10.180,1.00,,photo
base_pair_652f2862f5c4_00000_partial_gate.npz,base,652f2862fb9f0500010165b0,orto_basemap,partial,,263.7,9.81,32.08,0.889,1665,0.7075,0.7119,global,подтверждена (гейт пересмотрен),1755250,g0392,1,,c0170,train,approx,8.000,0.30,,photo
base_pair_652f2862f5c4_00002_inside_gate.npz,base,652f2862fb9f0500010165b0,orto_basemap,inside,,196.2,0.14,230.94,1.172,1603,1.0,0.9995,global,подтверждена (гейт пересмотрен),2126193,g0392,1,,c0170,train,approx,8.000,0.30,,photo
base_pair_652f2862f5c4_00004_partial_gate.npz,base,652f2862fb9f0500010165b0,orto_basemap,partial,,257.8,3.81,15.96,1.113,1201,0.7892,0.7936,global,подтверждена (гейт пересмотрен),1880968,g0392,1,,c0170,train,approx,8.000,0.30,,photo
base_pair_652f2862f5c4_00005_inside_gate.npz,base,652f2862fb9f0500010165b0,orto_basemap,inside,,286.6,7.87,289.49,0.897,1233,1.0,0.9299,global,подтверждена (гейт пересмотрен),1951543,g0392,1,,c0170,train,approx,8.000,0.30,,photo
base_pair_652f2862f5c4_00006_inside_gate.npz,base,652f2862fb9f0500010165b0,orto_basemap,inside,,279.0,4.31,10.59,1.154,1439,1.0,0.9961,field,подтверждена (гейт пересмотрен),2506707,g0392,1,,c0170,train,registered,4.830,1.00,,photo
base_pair_652f2862f5c4_00007_partial_gate.npz,base,652f2862fb9f0500010165b0,orto_basemap,partial,,210.1,7.48,273.93,0.877,1504,0.6543,0.6052,field,подтверждена (гейт пересмотрен),1690107,g0392,1,,c0170,train,registered,4.830,1.00,,photo
base_pair_652f2862f5c4_00008_partial_gate.npz,base,652f2862fb9f0500010165b0,orto_basemap,partial,,249.5,0.07,135.21,1.056,1141,0.8509,0.8415,field,подтверждена (гейт пересмотрен),2132513,g0392,1,,c0170,train,registered,4.830,1.00,,photo
base_pair_652f2862f5c4_00009_inside_gate.npz,base,652f2862fb9f0500010165b0,orto_basemap,inside,,283.1,3.53,339.93,1.009,1504,1.0,0.9873,field,подтверждена (гейт пересмотрен),2264439,g0392,1,,c0170,train,registered,4.830,1.00,,photo
base_pair_094a605de7d9_00000_partial_gate.npz,base,094a605d-ce73-491c-b093-da4a3426bbf8,orto_basemap,partial,,201.2,2.22,307.39,1.184,1995,0.7422,0.7023,field,подтверждена (гейт пересмотрен),3012518,g0018,1,,c0034,heldout,registered,5.360,1.00,,photo
base_pair_094a605de7d9_00002_inside_gate.npz,base,094a605d-ce73-491c-b093-da4a3426bbf8,orto_basemap,inside,,196.2,0.14,230.94,1.172,1603,1.0,0.992,field,подтверждена (гейт пересмотрен),2382875,g0018,1,,c0034,heldout,registered,5.360,1.00,,photo
base_pair_649751fce05b_00000_partial_gate.npz,base,649751fca2f35c00061c1090,orto_basemap,partial,,263.7,9.81,32.08,0.889,1665,0.7075,0.7184,field,подтверждена (гейт пересмотрен),2167161,g0375,1,,c0008,heldout,registered,6.800,1.00,,photo
base_pair_6951544c841e_00000_partial_gate.npz,base,6951544c9ec18574a42c647c,orto_basemap,partial,,201.2,2.22,307.39,0.895,1509,0.7421,0.7277,field,подтверждена (гейт пересмотрен),1589654,g0529,1,,c0021,train,registered,3.480,1.00,,photo
base_pair_b47d6224e35a_00000_partial_gate.npz,base,b47d6224-26d1-4166-8242-87224272ed96,orto_basemap,partial,,263.7,9.81,32.08,0.889,1665,0.7075,0.6316,field,подтверждена (гейт пересмотрен),2160981,g0575,1,,c0016,train,registered,5.360,1.00,,photo
base_pair_b47d6224e35a_00002_inside_gate.npz,base,b47d6224-26d1-4166-8242-87224272ed96,orto_basemap,inside,,196.2,0.14,230.94,1.172,1603,1.0,0.9991,field,подтверждена (гейт пересмотрен),2498985,g0575,1,,c0016,train,registered,5.360,1.00,,photo
base_pair_b47d6224e35a_00004_partial_gate.npz,base,b47d6224-26d1-4166-8242-87224272ed96,orto_basemap,partial,,257.8,3.81,15.96,1.113,1201,0.7892,0.8017,field,подтверждена (гейт пересмотрен),2127469,g0575,1,,c0016,train,registered,5.360,1.00,,photo
base_pair_b47d6224e35a_00005_inside_gate.npz,base,b47d6224-26d1-4166-8242-87224272ed96,orto_basemap,inside,,286.6,7.87,289.49,0.897,1233,1.0,0.9995,field,подтверждена (гейт пересмотрен),2400946,g0575,1,,c0016,train,registered,5.360,1.00,,photo
base_pair_b47d6224e35a_00006_inside_gate.npz,base,b47d6224-26d1-4166-8242-87224272ed96,orto_basemap,inside,,279.0,4.31,10.59,1.154,1439,1.0,0.9996,field,подтверждена (гейт пересмотрен),2857233,g0575,1,,c0016,train,registered,5.360,1.00,,photo
base_pair_b47d6224e35a_00007_partial_gate.npz,base,b47d6224-26d1-4166-8242-87224272ed96,orto_basemap,partial,,210.1,7.48,273.93,0.877,1504,0.6543,0.6435,field,подтверждена (гейт пересмотрен),2195836,g0575,1,,c0016,train,registered,5.360,1.00,,photo
base_pair_b47d6224e35a_00008_partial_gate.npz,base,b47d6224-26d1-4166-8242-87224272ed96,orto_basemap,partial,,249.5,0.07,135.21,1.056,1141,0.8509,0.8494,field,подтверждена (гейт пересмотрен),2402783,g0575,1,,c0016,train,registered,5.360,1.00,,photo
base_pair_b47d6224e35a_00009_inside_gate.npz,base,b47d6224-26d1-4166-8242-87224272ed96,orto_basemap,inside,,283.1,3.53,339.93,1.009,1504,1.0,0.9994,field,подтверждена (гейт пересмотрен),2795402,g0575,1,,c0016,train,registered,5.360,1.00,,photo
base_pair_b47d6224e35a_00010_partial_gate.npz,base,b47d6224-26d1-4166-8242-87224272ed96,orto_basemap,partial,,204.6,8.05,205.11,1.082,842,0.6505,0.6375,field,подтверждена (гейт пересмотрен),1527905,g0575,1,,c0016,train,registered,5.360,1.00,,photo
base_pair_b47d6224e35a_00011_inside_gate.npz,base,b47d6224-26d1-4166-8242-87224272ed96,orto_basemap,inside,,220.8,4.27,100.15,0.86,1241,1.0,0.9988,field,подтверждена (гейт пересмотрен),2407350,g0575,1,,c0016,train,registered,5.360,1.00,,photo
base_pair_60729564949f_00000_partial_gate.npz,base,60729564e618d50005a98187,orto_basemap,partial,,201.2,2.22,307.39,1.184,1995,0.7422,0.7099,cell_refine,подтверждена (гейт пересмотрен),2855308,g0262,1,,c0131,val,registered,5.640,1.00,,photo
base_pair_60729564949f_00002_inside_gate.npz,base,60729564e618d50005a98187,orto_basemap,inside,,196.2,0.14,230.94,1.172,1603,1.0,0.9987,field,подтверждена (гейт пересмотрен),2548175,g0262,1,,c0131,val,registered,5.640,1.00,,photo
base_pair_60729564949f_00004_partial_gate.npz,base,60729564e618d50005a98187,orto_basemap,partial,,257.8,3.81,15.96,1.113,1201,0.7892,0.7957,field,подтверждена (гейт пересмотрен),2086824,g0262,1,,c0131,val,registered,5.640,1.00,,photo
base_pair_60729564949f_00005_inside_gate.npz,base,60729564e618d50005a98187,orto_basemap,inside,,286.6,7.87,289.49,0.897,1233,1.0,0.9937,field,подтверждена (гейт пересмотрен),2304250,g0262,1,,c0131,val,registered,5.640,1.00,,photo
base_pair_60729564949f_00006_inside_gate.npz,base,60729564e618d50005a98187,orto_basemap,inside,,279.0,4.31,10.59,1.154,1439,1.0,0.9934,global,подтверждена (гейт пересмотрен),2899036,g0262,1,,c0131,val,approx,8.000,0.30,,photo
base_pair_60729564949f_00007_partial_gate.npz,base,60729564e618d50005a98187,orto_basemap,partial,,210.1,7.48,273.93,0.877,1504,0.6543,0.5537,global,подтверждена (гейт пересмотрен),2001259,g0262,1,,c0131,val,approx,8.000,0.30,,photo
base_pair_60729564949f_00008_partial_gate.npz,base,60729564e618d50005a98187,orto_basemap,partial,,249.5,0.07,135.21,1.056,1141,0.8509,0.8475,field,подтверждена (гейт пересмотрен),2360222,g0262,1,,c0131,val,registered,5.640,1.00,,photo
base_pair_60729564949f_00009_inside_gate.npz,base,60729564e618d50005a98187,orto_basemap,inside,,283.1,3.53,339.93,1.009,1504,1.0,0.9902,field,подтверждена (гейт пересмотрен),2728362,g0262,1,,c0131,val,registered,5.640,1.00,,photo
base_pair_662f3261ccec_00000_partial_gate.npz,base,662f32616049ef00013b8115,orto_basemap,partial,,175.0,7.61,93.69,1.001,837,0.6459,0.6919,field,подтверждена (гейт пересмотрен),1335101,g0426,1,,c0189,heldout,registered,2.390,1.00,,photo
base_pair_662f3261ccec_00001_inside_gate.npz,base,662f32616049ef00013b8115,orto_basemap,inside,,177.3,3.39,4.28,1.048,1466,1.0,0.9902,field,подтверждена (гейт пересмотрен),2427188,g0426,1,,c0189,heldout,registered,2.390,1.00,,photo
base_pair_c4eb3cd2d7a8_00000_partial_gate.npz,base,c4eb3cd2-2a73-4586-8115-341d6cf65415,orto_basemap,partial,,263.7,9.81,32.08,0.889,1665,0.7075,0.72,field,подтверждена (гейт пересмотрен),2355483,g0579,1,,c0016,train,registered,3.440,1.00,,photo
base_pair_c4eb3cd2d7a8_00001_inside_gate.npz,base,c4eb3cd2-2a73-4586-8115-341d6cf65415,orto_basemap,inside,,234.0,4.3,274.06,1.125,2036,1.0,0.9992,field,подтверждена (гейт пересмотрен),3058842,g0579,1,,c0016,train,registered,3.440,1.00,,photo
base_pair_c4eb3cd2d7a8_00002_inside_gate.npz,base,c4eb3cd2-2a73-4586-8115-341d6cf65415,orto_basemap,inside,,255.2,1.93,99.41,1.099,1601,1.0,0.9994,field,подтверждена (гейт пересмотрен),2752780,g0579,1,,c0016,train,registered,3.440,1.00,,photo
base_pair_c4eb3cd2d7a8_00003_inside_gate.npz,base,c4eb3cd2-2a73-4586-8115-341d6cf65415,orto_basemap,inside,,296.6,5.92,255.02,1.172,2048,1.0,0.999,field,подтверждена (гейт пересмотрен),3323938,g0579,1,,c0016,train,registered,3.440,1.00,,photo
base_pair_c4eb3cd2d7a8_00004_inside_gate.npz,base,c4eb3cd2-2a73-4586-8115-341d6cf65415,orto_basemap,inside,,180.5,6.28,62.93,1.051,1800,1.0,0.9994,field,подтверждена (гейт пересмотрен),2695735,g0579,1,,c0016,train,registered,3.440,1.00,,photo
base_pair_c4eb3cd2d7a8_00005_partial_gate.npz,base,c4eb3cd2-2a73-4586-8115-341d6cf65415,orto_basemap,partial,,190.1,1.35,283.4,0.963,1473,0.8674,0.8704,field,подтверждена (гейт пересмотрен),2700332,g0579,1,,c0016,train,registered,3.440,1.00,,photo
base_pair_c4eb3cd2d7a8_00006_partial_gate.npz,base,c4eb3cd2-2a73-4586-8115-341d6cf65415,orto_basemap,partial,,178.7,2.96,354.5,1.172,1827,0.8958,0.8886,field,подтверждена (гейт пересмотрен),2357940,g0579,1,,c0016,train,registered,3.440,1.00,,photo
base_pair_c4eb3cd2d7a8_00007_inside_gate.npz,base,c4eb3cd2-2a73-4586-8115-341d6cf65415,orto_basemap,inside,,299.8,1.13,101.06,0.975,1894,1.0,0.9989,field,подтверждена (гейт пересмотрен),3314365,g0579,1,,c0016,train,registered,3.440,1.00,,photo
base_pair_5f5ef3d072f3_00000_partial_gate.npz,base,5f5ef3d0d9f87200078c7f42,orto_basemap,partial,,201.2,2.22,307.39,1.184,1995,0.7422,0.7156,field,подтверждена (гейт пересмотрен),2968113,g0200,1,,c0001,train,registered,9.240,1.00,,photo
base_pair_5f62e03feea1_00000_partial_gate.npz,base,5f62e03f9d06cc000624327e,orto_basemap,partial,,263.7,9.81,32.08,0.889,1665,0.7075,0.7022,field,подтверждена (гейт пересмотрен),2518383,g0207,1,,c0001,train,registered,1.730,1.00,,photo
base_pair_5f62e03feea1_00002_inside_gate.npz,base,5f62e03f9d06cc000624327e,orto_basemap,inside,,196.2,0.14,230.94,1.172,1603,1.0,0.9121,field,подтверждена (гейт пересмотрен),2763614,g0207,1,,c0001,train,registered,1.730,1.00,,photo
base_pair_65f8b818bacc_00000_partial_gate.npz,base,65f8b818ea431b000145adf4,orto_basemap,partial,,201.2,2.22,307.39,1.184,1995,0.7422,0.7268,field,подтверждена (гейт пересмотрен),2478145,g0423,1,,c0188,train,registered,9.110,1.00,,photo
base_pair_6723a2e4b737_00000_partial.npz,base,6723a2e4a17ee50001c9612f,orto_basemap,partial,,190.7,3.5,297.72,1.035,831,0.6734,0.6878,global,разметка подтверждена,1811420,g0467,1,,c0218,heldout,approx,8.000,0.30,,photo
base_pair_6723a2e4b737_00001_inside.npz,base,6723a2e4a17ee50001c9612f,orto_basemap,inside,,249.3,0.58,351.24,0.905,1552,1.0,1.0,global,разметка подтверждена,2656567,g0467,1,,c0218,heldout,approx,8.000,0.30,,photo
base_pair_6723a2e4b737_00002_inside.npz,base,6723a2e4a17ee50001c9612f,orto_basemap,inside,,287.1,8.78,82.05,1.126,1360,1.0,1.0,cell_refine,разметка подтверждена,2563086,g0467,1,,c0218,heldout,registered,0.860,1.00,,photo
base_pair_6723a2e4b737_00003_partial.npz,base,6723a2e4a17ee50001c9612f,orto_basemap,partial,,216.0,7.65,90.1,1.045,1202,0.7879,0.7524,cell_refine,разметка подтверждена,2337683,g0467,1,,c0218,heldout,registered,0.860,1.00,,photo
base_pair_6723a2e4b737_00004_inside.npz,base,6723a2e4a17ee50001c9612f,orto_basemap,inside,,279.0,2.53,261.79,0.887,1206,1.0,1.0,cell_refine,разметка подтверждена,2329542,g0467,1,,c0218,heldout,registered,0.860,1.00,,photo
base_pair_6723a2e4b737_00005_inside.npz,base,6723a2e4a17ee50001c9612f,orto_basemap,inside,,179.2,0.97,224.23,0.973,1195,1.0,1.0,cell_refine,разметка подтверждена,2380522,g0467,1,,c0218,heldout,registered,0.860,1.00,,photo
base_pair_6723a2e4b737_00007_inside.npz,base,6723a2e4a17ee50001c9612f,orto_basemap,inside,,183.6,3.62,297.53,0.926,1634,1.0,1.0,global,разметка подтверждена,1879658,g0467,1,,c0218,heldout,approx,8.000,0.30,,photo
base_pair_6723a2e4b737_00008_partial.npz,base,6723a2e4a17ee50001c9612f,orto_basemap,partial,,281.4,1.39,164.97,1.077,1194,0.7802,0.7858,cell_refine,разметка подтверждена,2082637,g0467,1,,c0218,heldout,registered,0.860,1.00,,photo
base_pair_6723a2e4b737_00009_inside.npz,base,6723a2e4a17ee50001c9612f,orto_basemap,inside,,247.8,7.42,101.61,0.974,1195,1.0,0.9875,cell_refine,разметка подтверждена,2078085,g0467,1,,c0218,heldout,registered,0.860,1.00,,photo
base_pair_6723a2e4b737_00010_inside.npz,base,6723a2e4a17ee50001c9612f,orto_basemap,inside,,196.5,6.85,202.76,1.066,1362,1.0,1.0,cell_refine,разметка подтверждена,2392973,g0467,1,,c0218,heldout,registered,0.860,1.00,,photo
base_pair_6723a2e4b737_00011_inside.npz,base,6723a2e4a17ee50001c9612f,orto_basemap,inside,,226.7,7.7,212.38,0.966,1860,1.0,1.0,cell_refine,разметка подтверждена,3389065,g0467,1,,c0218,heldout,registered,0.860,1.00,,photo
base_pair_5f52e87a1e88_00000_partial.npz,base,5f52e87a5c810b0006d4f2f6,orto_basemap,partial,,190.7,3.5,297.72,1.061,852,0.6739,0.6874,field,разметка подтверждена,1832553,g0199,1,,c0039,train,registered,3.350,1.00,,photo
base_pair_5f52e87a1e88_00001_inside.npz,base,5f52e87a5c810b0006d4f2f6,orto_basemap,inside,,249.3,0.58,351.24,0.905,1552,1.0,0.9999,field,разметка подтверждена,2850021,g0199,1,,c0039,train,registered,3.350,1.00,,photo
base_pair_5f52e87a1e88_00002_inside.npz,base,5f52e87a5c810b0006d4f2f6,orto_basemap,inside,,287.1,8.78,82.05,1.126,1360,1.0,0.9998,field,разметка подтверждена,2444613,g0199,1,,c0039,train,registered,3.350,1.00,,photo
base_pair_5f52e87a1e88_00003_partial.npz,base,5f52e87a5c810b0006d4f2f6,orto_basemap,partial,,216.0,7.65,90.1,1.045,1202,0.7879,0.752,field,разметка подтверждена,2364184,g0199,1,,c0039,train,registered,3.350,1.00,,photo
base_pair_5f52e87a1e88_00004_inside.npz,base,5f52e87a5c810b0006d4f2f6,orto_basemap,inside,,279.0,2.53,261.79,0.887,1206,1.0,0.9999,field,разметка подтверждена,2350928,g0199,1,,c0039,train,registered,3.350,1.00,,photo
base_pair_5f52e87a1e88_00005_inside.npz,base,5f52e87a5c810b0006d4f2f6,orto_basemap,inside,,179.2,0.97,224.23,0.997,1225,1.0,0.9995,field,разметка подтверждена,2332028,g0199,1,,c0039,train,registered,3.350,1.00,,photo
base_pair_5f52e87a1e88_00007_inside.npz,base,5f52e87a5c810b0006d4f2f6,orto_basemap,inside,,183.6,3.62,297.53,0.926,1634,1.0,0.999,field,разметка подтверждена,2401032,g0199,1,,c0039,train,registered,3.350,1.00,,photo
base_pair_5f52e87a1e88_00008_partial.npz,base,5f52e87a5c810b0006d4f2f6,orto_basemap,partial,,281.4,1.39,164.97,1.077,1194,0.7802,0.7882,field,разметка подтверждена,2068958,g0199,1,,c0039,train,registered,3.350,1.00,,photo
base_pair_5f52e87a1e88_00009_inside.npz,base,5f52e87a5c810b0006d4f2f6,orto_basemap,inside,,247.8,7.42,101.61,0.974,1195,1.0,1.0,field,разметка подтверждена,1835272,g0199,1,,c0039,train,registered,3.350,1.00,,photo
base_pair_5f52e87a1e88_00010_inside.npz,base,5f52e87a5c810b0006d4f2f6,orto_basemap,inside,,196.5,6.85,202.76,1.093,1396,1.0,0.9994,field,разметка подтверждена,2344576,g0199,1,,c0039,train,registered,3.350,1.00,,photo
base_pair_5f52e87a1e88_00011_inside.npz,base,5f52e87a5c810b0006d4f2f6,orto_basemap,inside,,226.7,7.7,212.38,0.966,1860,1.0,0.9998,field,разметка подтверждена,3355302,g0199,1,,c0039,train,registered,3.350,1.00,,photo
base_pair_63a5dbcfbdfe_00000_partial.npz,base,63a5dbcfeb16e8000519a1cc,orto_basemap,partial,,190.7,3.5,297.72,1.061,852,0.6739,0.6867,field,разметка подтверждена,1771611,g0359,1,,c0003,val,registered,3.300,1.00,,photo
base_pair_63a5dbcfbdfe_00001_inside.npz,base,63a5dbcfeb16e8000519a1cc,orto_basemap,inside,,249.3,0.58,351.24,0.905,1552,1.0,0.996,field,разметка подтверждена,2838027,g0359,1,,c0003,val,registered,3.300,1.00,,photo
base_pair_63a5dbcfbdfe_00002_inside.npz,base,63a5dbcfeb16e8000519a1cc,orto_basemap,inside,,287.1,8.78,82.05,1.126,1360,1.0,0.9952,field,разметка подтверждена,2355778,g0359,1,,c0003,val,registered,3.300,1.00,,photo
base_pair_63a5dbcfbdfe_00003_partial.npz,base,63a5dbcfeb16e8000519a1cc,orto_basemap,partial,,216.0,7.65,90.1,1.045,1202,0.7879,0.7463,field,разметка подтверждена,2231251,g0359,1,,c0003,val,registered,3.300,1.00,,photo
base_pair_63a5dbcfbdfe_00004_inside.npz,base,63a5dbcfeb16e8000519a1cc,orto_basemap,inside,,279.0,2.53,261.79,0.887,1206,1.0,0.9954,field,разметка подтверждена,2270832,g0359,1,,c0003,val,registered,3.300,1.00,,photo
base_pair_63a5dbcfbdfe_00005_inside.npz,base,63a5dbcfeb16e8000519a1cc,orto_basemap,inside,,179.2,0.97,224.23,1.076,1322,1.0,0.9993,field,разметка подтверждена,2177201,g0359,1,,c0003,val,registered,3.300,1.00,,photo
base_pair_63a5dbcfbdfe_00007_inside.npz,base,63a5dbcfeb16e8000519a1cc,orto_basemap,inside,,183.6,3.62,297.53,0.926,1634,1.0,0.9996,field,разметка подтверждена,2351565,g0359,1,,c0003,val,registered,3.300,1.00,,photo
base_pair_63a5dbcfbdfe_00008_partial.npz,base,63a5dbcfeb16e8000519a1cc,orto_basemap,partial,,281.4,1.39,164.97,1.077,1194,0.7802,0.786,field,разметка подтверждена,2100641,g0359,1,,c0003,val,registered,3.300,1.00,,photo
base_pair_63a5dbcfbdfe_00009_inside.npz,base,63a5dbcfeb16e8000519a1cc,orto_basemap,inside,,247.8,7.42,101.61,0.974,1195,1.0,0.9979,field,разметка подтверждена,1871590,g0359,1,,c0003,val,registered,3.300,1.00,,photo
base_pair_63a5dbcfbdfe_00010_inside.npz,base,63a5dbcfeb16e8000519a1cc,orto_basemap,inside,,196.5,6.85,202.76,1.105,1411,1.0,1.0,field,разметка подтверждена,2292050,g0359,1,,c0003,val,registered,3.300,1.00,,photo
base_pair_63a5dbcfbdfe_00011_inside.npz,base,63a5dbcfeb16e8000519a1cc,orto_basemap,inside,,226.7,7.7,212.38,0.966,1860,1.0,0.9997,field,разметка подтверждена,2639560,g0359,1,,c0003,val,registered,3.300,1.00,,photo
base_pair_65734bb19c92_00000_partial.npz,base,65734bb1694a1c0001aa44e1,orto_basemap,partial,,190.7,3.5,297.72,0.486,768,0.826,0.8383,field,разметка подтверждена,1611397,g0404,1,,c0178,train,registered,3.230,1.00,,photo
base_pair_65734bb19c92_00001_inside.npz,base,65734bb1694a1c0001aa44e1,orto_basemap,inside,,249.3,0.58,351.24,0.635,1089,1.0,0.999,field,разметка подтверждена,2388385,g0404,1,,c0178,train,registered,3.230,1.00,,photo
base_pair_65734bb19c92_00002_inside.npz,base,65734bb1694a1c0001aa44e1,orto_basemap,inside,,287.1,8.78,82.05,0.732,884,1.0,0.9981,field,разметка подтверждена,2005672,g0404,1,,c0178,train,registered,3.230,1.00,,photo
base_pair_65734bb19c92_00003_inside.npz,base,65734bb1694a1c0001aa44e1,orto_basemap,inside,,279.0,2.53,261.79,0.711,967,1.0,0.9984,field,разметка подтверждена,2063266,g0404,1,,c0178,train,registered,3.230,1.00,,photo
base_pair_65734bb19c92_00004_inside.npz,base,65734bb1694a1c0001aa44e1,orto_basemap,inside,,179.2,0.97,224.23,0.457,768,1.0,1.0,field,разметка подтверждена,1780165,g0404,1,,c0178,train,registered,3.230,1.00,,photo
base_pair_65734bb19c92_00006_inside.npz,base,65734bb1694a1c0001aa44e1,orto_basemap,inside,,183.6,3.62,297.53,0.468,825,1.0,1.0,field,разметка подтверждена,1459179,g0404,1,,c0178,train,registered,3.230,1.00,,photo
base_pair_65734bb19c92_00007_partial.npz,base,65734bb1694a1c0001aa44e1,orto_basemap,partial,,281.4,1.39,164.97,0.717,795,0.78,0.7879,field,разметка подтверждена,1879536,g0404,1,,c0178,train,registered,3.230,1.00,,photo
base_pair_65734bb19c92_00008_inside.npz,base,65734bb1694a1c0001aa44e1,orto_basemap,inside,,247.8,7.42,101.61,0.632,775,1.0,0.9999,field,разметка подтверждена,1613163,g0404,1,,c0178,train,registered,3.230,1.00,,photo
base_pair_65734bb19c92_00009_inside.npz,base,65734bb1694a1c0001aa44e1,orto_basemap,inside,,196.5,6.85,202.76,0.501,768,1.0,0.9959,field,разметка подтверждена,1582212,g0404,1,,c0178,train,registered,3.230,1.00,,photo
base_pair_65734bb19c92_00010_inside.npz,base,65734bb1694a1c0001aa44e1,orto_basemap,inside,,226.7,7.7,212.38,0.578,1112,1.0,0.9998,field,разметка подтверждена,2217168,g0404,1,,c0178,train,registered,3.230,1.00,,photo
base_pair_65734bb19c92_00011_partial.npz,base,65734bb1694a1c0001aa44e1,orto_basemap,partial,,211.8,0.37,51.99,0.54,895,0.7081,0.7099,field,разметка подтверждена,1667099,g0404,1,,c0178,train,registered,3.230,1.00,,photo
base_pair_63a5a79a9384_00000_partial.npz,base,63a5a79aeb16e8000519a1bc,orto_basemap,partial,,190.7,3.5,297.72,0.64,768,0.7509,0.7657,field,разметка подтверждена,1555308,g0356,1,,c0028,train,registered,2.770,1.00,,photo
base_pair_63a5a79a9384_00001_inside.npz,base,63a5a79aeb16e8000519a1bc,orto_basemap,inside,,249.3,0.58,351.24,0.836,1434,1.0,0.9968,field,разметка подтверждена,2654551,g0356,1,,c0028,train,registered,2.770,1.00,,photo
base_pair_63a5a79a9384_00002_inside.npz,base,63a5a79aeb16e8000519a1bc,orto_basemap,inside,,287.1,8.78,82.05,0.963,1163,1.0,0.9988,field,разметка подтверждена,2225484,g0356,1,,c0028,train,registered,2.770,1.00,,photo
base_pair_63a5a79a9384_00003_partial.npz,base,63a5a79aeb16e8000519a1bc,orto_basemap,partial,,216.0,7.65,90.1,0.725,833,0.7873,0.7513,field,разметка подтверждена,1970542,g0356,1,,c0028,train,registered,2.770,1.00,,photo
base_pair_63a5a79a9384_00004_inside.npz,base,63a5a79aeb16e8000519a1bc,orto_basemap,inside,,279.0,2.53,261.79,0.887,1206,1.0,0.9975,field,разметка подтверждена,2241827,g0356,1,,c0028,train,registered,2.770,1.00,,photo
base_pair_63a5a79a9384_00005_inside.npz,base,63a5a79aeb16e8000519a1bc,orto_basemap,inside,,179.2,0.97,224.23,0.601,768,1.0,0.9965,field,разметка подтверждена,1803137,g0356,1,,c0028,train,registered,2.770,1.00,,photo
base_pair_63a5a79a9384_00007_inside.npz,base,63a5a79aeb16e8000519a1bc,orto_basemap,inside,,183.6,3.62,297.53,0.616,1086,1.0,0.9986,field,разметка подтверждена,1844288,g0356,1,,c0028,train,registered,2.770,1.00,,photo
base_pair_63a5a79a9384_00008_partial.npz,base,63a5a79aeb16e8000519a1bc,orto_basemap,partial,,281.4,1.39,164.97,0.944,1046,0.7801,0.7874,field,разметка подтверждена,2043622,g0356,1,,c0028,train,registered,2.770,1.00,,photo
base_pair_63a5a79a9384_00009_inside.npz,base,63a5a79aeb16e8000519a1bc,orto_basemap,inside,,247.8,7.42,101.61,0.831,1020,1.0,0.9965,field,разметка подтверждена,1773396,g0356,1,,c0028,train,registered,2.770,1.00,,photo
base_pair_63a5a79a9384_00010_inside.npz,base,63a5a79aeb16e8000519a1bc,orto_basemap,inside,,196.5,6.85,202.76,0.659,842,1.0,0.9956,field,разметка подтверждена,1737743,g0356,1,,c0028,train,registered,2.770,1.00,,photo
base_pair_63a5a79a9384_00011_inside.npz,base,63a5a79aeb16e8000519a1bc,orto_basemap,inside,,226.7,7.7,212.38,0.761,1464,1.0,0.995,field,разметка подтверждена,2425411,g0356,1,,c0028,train,registered,2.770,1.00,,photo
base_pair_5ece627e02fb_00000_partial.npz,base,5ece627e57676e00057f5808,orto_basemap,partial,,190.7,3.5,297.72,0.533,768,0.8013,0.8026,field,разметка подтверждена,1561427,g0174,1,,c0114,train,registered,2.410,1.00,,photo
base_pair_5ece627e02fb_00001_inside.npz,base,5ece627e57676e00057f5808,orto_basemap,inside,,249.3,0.58,351.24,0.696,1193,1.0,0.9991,field,разметка подтверждена,2334342,g0174,1,,c0114,train,registered,2.410,1.00,,photo
base_pair_5ece627e02fb_00002_inside.npz,base,5ece627e57676e00057f5808,orto_basemap,inside,,287.1,8.78,82.05,0.802,968,1.0,0.9999,field,разметка подтверждена,1951353,g0174,1,,c0114,train,registered,2.410,1.00,,photo
base_pair_5ece627e02fb_00003_partial.npz,base,5ece627e57676e00057f5808,orto_basemap,partial,,216.0,7.65,90.1,0.603,768,0.8371,0.802,field,разметка подтверждена,1873796,g0174,1,,c0114,train,registered,2.410,1.00,,photo
base_pair_5ece627e02fb_00004_inside.npz,base,5ece627e57676e00057f5808,orto_basemap,inside,,279.0,2.53,261.79,0.779,1059,1.0,0.9987,field,разметка подтверждена,2004671,g0174,1,,c0114,train,registered,2.410,1.00,,photo
base_pair_5ece627e02fb_00005_inside.npz,base,5ece627e57676e00057f5808,orto_basemap,inside,,179.2,0.97,224.23,0.5,768,1.0,0.9943,field,разметка подтверждена,1780990,g0174,1,,c0114,train,registered,2.410,1.00,,photo
base_pair_5ece627e02fb_00007_inside.npz,base,5ece627e57676e00057f5808,orto_basemap,inside,,183.6,3.62,297.53,0.513,904,1.0,0.996,field,разметка подтверждена,1573854,g0174,1,,c0114,train,registered,2.410,1.00,,photo
base_pair_5ece627e02fb_00008_partial.npz,base,5ece627e57676e00057f5808,orto_basemap,partial,,281.4,1.39,164.97,0.786,871,0.7801,0.7881,field,разметка подтверждена,1833559,g0174,1,,c0114,train,registered,2.410,1.00,,photo
base_pair_5ece627e02fb_00009_inside.npz,base,5ece627e57676e00057f5808,orto_basemap,inside,,247.8,7.42,101.61,0.692,849,1.0,1.0,field,разметка подтверждена,1557988,g0174,1,,c0114,train,registered,2.410,1.00,,photo
base_pair_5ece627e02fb_00010_inside.npz,base,5ece627e57676e00057f5808,orto_basemap,inside,,196.5,6.85,202.76,0.549,768,1.0,0.9981,field,разметка подтверждена,1633979,g0174,1,,c0114,train,registered,2.410,1.00,,photo
base_pair_5ece627e02fb_00011_inside.npz,base,5ece627e57676e00057f5808,orto_basemap,inside,,226.7,7.7,212.38,0.633,1219,1.0,0.999,field,разметка подтверждена,2247473,g0174,1,,c0114,train,registered,2.410,1.00,,photo
base_pair_66deb0c22aec_00000_partial.npz,base,66deb0c2cd0baa0001b61ff1,orto_basemap,partial,,190.7,3.5,297.72,1.061,852,0.6739,0.6874,field,разметка подтверждена,1849362,g0451,1,,c0207,train,registered,4.990,1.00,,photo
base_pair_66deb0c22aec_00001_inside.npz,base,66deb0c2cd0baa0001b61ff1,orto_basemap,inside,,249.3,0.58,351.24,0.905,1552,1.0,1.0,field,разметка подтверждена,2743636,g0451,1,,c0207,train,registered,4.990,1.00,,photo
base_pair_66deb0c22aec_00002_inside.npz,base,66deb0c2cd0baa0001b61ff1,orto_basemap,inside,,287.1,8.78,82.05,1.126,1360,1.0,0.99,field,разметка подтверждена,2254749,g0451,1,,c0207,train,registered,4.990,1.00,,photo
base_pair_66deb0c22aec_00003_partial.npz,base,66deb0c2cd0baa0001b61ff1,orto_basemap,partial,,216.0,7.65,90.1,1.045,1202,0.7879,0.7524,field,разметка подтверждена,2262662,g0451,1,,c0207,train,registered,4.990,1.00,,photo
base_pair_65424d517cce_00000_partial.npz,base,65424d51f0cdb700011d7a5a,orto_basemap,partial,,190.7,3.5,297.72,0.475,768,0.8324,0.8231,field,разметка подтверждена,1619477,g0397,1,,c0173,val,registered,6.830,1.00,,photo
base_pair_65424d517cce_00001_inside.npz,base,65424d51f0cdb700011d7a5a,orto_basemap,inside,,249.3,0.58,351.24,0.621,1064,1.0,0.9953,field,разметка подтверждена,2447207,g0397,1,,c0173,val,registered,6.830,1.00,,photo
base_pair_65424d517cce_00002_inside.npz,base,65424d51f0cdb700011d7a5a,orto_basemap,inside,,287.1,8.78,82.05,0.715,863,1.0,0.9988,field,разметка подтверждена,2055918,g0397,1,,c0173,val,registered,6.830,1.00,,photo
base_pair_65424d517cce_00003_partial.npz,base,65424d51f0cdb700011d7a5a,orto_basemap,partial,,216.0,7.65,90.1,0.538,768,0.6158,0.5702,field,разметка подтверждена,1588544,g0397,1,,c0173,val,registered,6.830,1.00,,photo
base_pair_65424d517cce_00004_inside.npz,base,65424d51f0cdb700011d7a5a,orto_basemap,inside,,279.0,2.53,261.79,0.695,945,1.0,0.9876,field,разметка подтверждена,2164305,g0397,1,,c0173,val,registered,6.830,1.00,,photo
base_pair_65424d517cce_00005_inside.npz,base,65424d51f0cdb700011d7a5a,orto_basemap,inside,,179.2,0.97,224.23,0.446,768,1.0,0.977,field,разметка подтверждена,1843907,g0397,1,,c0173,val,registered,6.830,1.00,,photo
base_pair_65424d517cce_00007_inside.npz,base,65424d51f0cdb700011d7a5a,orto_basemap,inside,,183.6,3.62,297.53,0.457,806,1.0,0.998,field,разметка подтверждена,1522776,g0397,1,,c0173,val,registered,6.830,1.00,,photo
base_pair_617e9bb87242_00000_partial.npz,base,617e9bb88ebcb9000515c50d,orto_basemap,partial,,190.7,3.5,297.72,1.061,852,0.6739,0.687,field,разметка подтверждена,1889856,g0315,1,,c0004,val,registered,2.580,1.00,,photo
base_pair_617e9bb87242_00001_inside.npz,base,617e9bb88ebcb9000515c50d,orto_basemap,inside,,249.3,0.58,351.24,0.905,1552,1.0,0.9993,field,разметка подтверждена,3156063,g0315,1,,c0004,val,registered,2.580,1.00,,photo
base_pair_617e9bb87242_00002_inside.npz,base,617e9bb88ebcb9000515c50d,orto_basemap,inside,,287.1,8.78,82.05,1.126,1360,1.0,0.9811,field,разметка подтверждена,2528567,g0315,1,,c0004,val,registered,2.580,1.00,,photo
base_pair_617e9bb87242_00003_partial.npz,base,617e9bb88ebcb9000515c50d,orto_basemap,partial,,216.0,7.65,90.1,1.045,1202,0.7879,0.7521,field,разметка подтверждена,2467860,g0315,1,,c0004,val,registered,2.580,1.00,,photo
base_pair_617e9bb87242_00004_inside.npz,base,617e9bb88ebcb9000515c50d,orto_basemap,inside,,279.0,2.53,261.79,0.887,1206,1.0,0.9967,field,разметка подтверждена,2511547,g0315,1,,c0004,val,registered,2.580,1.00,,photo
base_pair_617e9bb87242_00005_inside.npz,base,617e9bb88ebcb9000515c50d,orto_basemap,inside,,179.2,0.97,224.23,1.005,1234,1.0,0.9995,field,разметка подтверждена,2490312,g0315,1,,c0004,val,registered,2.580,1.00,,photo
base_pair_617e9bb87242_00007_inside.npz,base,617e9bb88ebcb9000515c50d,orto_basemap,inside,,183.6,3.62,297.53,0.926,1634,1.0,0.9997,field,разметка подтверждена,2533219,g0315,1,,c0004,val,registered,2.580,1.00,,photo
base_pair_6190d1f3e2b3_00000_partial.npz,base,6190d1f3502455000734583f,orto_basemap,partial,,190.7,3.5,297.72,1.061,852,0.6739,0.687,field,разметка подтверждена,1862106,g0322,1,,c0004,val,registered,2.830,1.00,,photo
base_pair_6190d1f3e2b3_00001_inside.npz,base,6190d1f3502455000734583f,orto_basemap,inside,,249.3,0.58,351.24,0.905,1552,1.0,0.9992,field,разметка подтверждена,3170514,g0322,1,,c0004,val,registered,2.830,1.00,,photo
base_pair_6190d1f3e2b3_00002_inside.npz,base,6190d1f3502455000734583f,orto_basemap,inside,,287.1,8.78,82.05,1.126,1360,1.0,0.9997,field,разметка подтверждена,2636800,g0322,1,,c0004,val,registered,2.830,1.00,,photo
base_pair_6190d1f3e2b3_00003_partial.npz,base,6190d1f3502455000734583f,orto_basemap,partial,,216.0,7.65,90.1,1.045,1202,0.7879,0.7515,field,разметка подтверждена,2480220,g0322,1,,c0004,val,registered,2.830,1.00,,photo
base_pair_6190d1f3e2b3_00004_inside.npz,base,6190d1f3502455000734583f,orto_basemap,inside,,279.0,2.53,261.79,0.887,1206,1.0,0.9965,field,разметка подтверждена,2521352,g0322,1,,c0004,val,registered,2.830,1.00,,photo
base_pair_6190d1f3e2b3_00005_inside.npz,base,6190d1f3502455000734583f,orto_basemap,inside,,179.2,0.97,224.23,1.005,1235,1.0,0.9926,field,разметка подтверждена,2414164,g0322,1,,c0004,val,registered,2.830,1.00,,photo
base_pair_6190d1f3e2b3_00007_inside.npz,base,6190d1f3502455000734583f,orto_basemap,inside,,183.6,3.62,297.53,0.926,1634,1.0,0.999,field,разметка подтверждена,2474094,g0322,1,,c0004,val,registered,2.830,1.00,,photo
base_pair_63a9570da46f_00000_partial.npz,base,63a9570deb16e8000519a1e9,orto_basemap,partial,,190.7,3.5,297.72,1.061,852,0.6739,0.6879,field,разметка подтверждена,1786512,g0362,1,,c0003,val,registered,7.380,1.00,,photo
base_pair_63a9570da46f_00001_inside.npz,base,63a9570deb16e8000519a1e9,orto_basemap,inside,,249.3,0.58,351.24,0.905,1552,1.0,0.9974,field,разметка подтверждена,2875196,g0362,1,,c0003,val,registered,7.380,1.00,,photo
base_pair_63a9570da46f_00002_inside.npz,base,63a9570deb16e8000519a1e9,orto_basemap,inside,,287.1,8.78,82.05,1.126,1360,1.0,0.9983,field,разметка подтверждена,2417980,g0362,1,,c0003,val,registered,7.380,1.00,,photo
base_pair_63a9570da46f_00003_partial.npz,base,63a9570deb16e8000519a1e9,orto_basemap,partial,,216.0,7.65,90.1,1.045,1202,0.7879,0.7506,field,разметка подтверждена,2355942,g0362,1,,c0003,val,registered,7.380,1.00,,photo
base_pair_63a9570da46f_00004_inside.npz,base,63a9570deb16e8000519a1e9,orto_basemap,inside,,279.0,2.53,261.79,0.887,1206,1.0,0.9988,field,разметка подтверждена,2363185,g0362,1,,c0003,val,registered,7.380,1.00,,photo
base_pair_63a9570da46f_00005_inside.npz,base,63a9570deb16e8000519a1e9,orto_basemap,inside,,179.2,0.97,224.23,1.076,1322,1.0,0.9956,field,разметка подтверждена,2299387,g0362,1,,c0003,val,registered,7.380,1.00,,photo
base_pair_63a9570da46f_00007_inside.npz,base,63a9570deb16e8000519a1e9,orto_basemap,inside,,183.6,3.62,297.53,0.926,1634,1.0,0.9987,field,разметка подтверждена,2419108,g0362,1,,c0003,val,registered,7.380,1.00,,photo
base_pair_63a9ab35c392_00000_partial.npz,base,63a9ab353fb8c100063c5526,orto_basemap,partial,,190.7,3.5,297.72,1.061,852,0.6739,0.688,field,разметка подтверждена,1785012,g0367,1,,c0003,val,registered,3.550,1.00,,photo
base_pair_63a9ab35c392_00001_inside.npz,base,63a9ab353fb8c100063c5526,orto_basemap,inside,,249.3,0.58,351.24,0.905,1552,1.0,0.9995,field,разметка подтверждена,2902190,g0367,1,,c0003,val,registered,3.550,1.00,,photo
base_pair_63a9ab35c392_00002_inside.npz,base,63a9ab353fb8c100063c5526,orto_basemap,inside,,287.1,8.78,82.05,1.126,1360,1.0,0.9998,field,разметка подтверждена,2400019,g0367,1,,c0003,val,registered,3.550,1.00,,photo
base_pair_63a9ab35c392_00003_partial.npz,base,63a9ab353fb8c100063c5526,orto_basemap,partial,,216.0,7.65,90.1,1.045,1202,0.7879,0.7518,field,разметка подтверждена,2349353,g0367,1,,c0003,val,registered,3.550,1.00,,photo
base_pair_6317b7e69a64_00000_partial.npz,base,6317b7e614f1ff00081de82d,orto_basemap,partial,,190.7,3.5,297.72,0.907,768,0.717,0.7282,field,разметка подтверждена,1953419,g0348,1,,c0155,heldout,registered,2.290,1.00,,photo
base_pair_6317b7e69a64_00001_inside.npz,base,6317b7e614f1ff00081de82d,orto_basemap,inside,,249.3,0.58,351.24,0.905,1552,1.0,0.9962,field,разметка подтверждена,3449710,g0348,1,,c0155,heldout,registered,2.290,1.00,,photo
base_pair_6317b7e69a64_00002_inside.npz,base,6317b7e614f1ff00081de82d,orto_basemap,inside,,287.1,8.78,82.05,1.126,1360,1.0,0.999,field,разметка подтверждена,2826865,g0348,1,,c0155,heldout,registered,2.290,1.00,,photo
base_pair_6317b7e69a64_00003_partial.npz,base,6317b7e614f1ff00081de82d,orto_basemap,partial,,216.0,7.65,90.1,1.027,1181,0.7879,0.7504,field,разметка подтверждена,2514559,g0348,1,,c0155,heldout,registered,2.290,1.00,,photo
base_pair_6317b7e69a64_00004_inside.npz,base,6317b7e614f1ff00081de82d,orto_basemap,inside,,279.0,2.53,261.79,0.887,1206,1.0,0.9976,field,разметка подтверждена,2582615,g0348,1,,c0155,heldout,registered,2.290,1.00,,photo
base_pair_6317b7e69a64_00005_inside.npz,base,6317b7e614f1ff00081de82d,orto_basemap,inside,,179.2,0.97,224.23,0.852,1047,1.0,0.9949,field,разметка подтверждена,2154130,g0348,1,,c0155,heldout,registered,2.290,1.00,,photo
base_pair_61b9e5f2b6a4_00000_partial.npz,base,61b9e5f2b26de1000596d62b,orto_basemap,partial,,190.7,3.5,297.72,1.061,852,0.6739,0.6638,field,разметка подтверждена,1547346,g0005,2,modality,c0045,train,registered,6.900,0.00,relief_xmodal,relief
base_pair_61b9e5f2b6a4_00001_inside.npz,base,61b9e5f2b26de1000596d62b,orto_basemap,inside,,249.3,0.58,351.24,0.905,1552,1.0,0.9841,field,разметка подтверждена,2876352,g0005,2,modality,c0045,train,registered,6.900,0.00,relief_xmodal,relief
base_pair_61b9e5f2b6a4_00002_inside.npz,base,61b9e5f2b26de1000596d62b,orto_basemap,inside,,287.1,8.78,82.05,1.126,1360,1.0,0.9819,field,разметка подтверждена,2326386,g0005,2,modality,c0045,train,registered,6.900,0.00,relief_xmodal,relief
base_pair_61b9e5f2b6a4_00003_partial.npz,base,61b9e5f2b26de1000596d62b,orto_basemap,partial,,216.0,7.65,90.1,1.045,1202,0.7879,0.7081,field,разметка подтверждена,2094440,g0005,2,modality,c0045,train,registered,6.900,0.00,relief_xmodal,relief
base_pair_62272fdd19f5_00000_partial.npz,base,62272fdd1ea0da00077c0c7d,orto_basemap,partial,,190.7,3.5,297.72,0.537,768,0.799,0.8126,field,разметка подтверждена,1635833,g0330,1,,c0027,heldout,registered,2.400,1.00,,photo
base_pair_62272fdd19f5_00001_inside.npz,base,62272fdd1ea0da00077c0c7d,orto_basemap,inside,,249.3,0.58,351.24,0.702,1204,1.0,0.9997,field,разметка подтверждена,2426324,g0330,1,,c0027,heldout,registered,2.400,1.00,,photo
base_pair_62272fdd19f5_00002_inside.npz,base,62272fdd1ea0da00077c0c7d,orto_basemap,inside,,287.1,8.78,82.05,0.809,976,1.0,0.9992,field,разметка подтверждена,2043124,g0330,1,,c0027,heldout,registered,2.400,1.00,,photo
base_pair_62272fdd19f5_00003_partial.npz,base,62272fdd1ea0da00077c0c7d,orto_basemap,partial,,216.0,7.65,90.1,0.608,768,0.8327,0.8023,field,разметка подтверждена,1917133,g0330,1,,c0027,heldout,registered,2.400,1.00,,photo
base_pair_67d58e6dddbb_00000_partial.npz,base,67d58e6dc8ccd45a00aa3d39,orto_basemap,partial,,190.7,3.5,297.72,1.061,852,0.6739,0.6806,field,разметка подтверждена,1854930,g0480,1,,c0231,heldout,registered,6.540,1.00,,photo
base_pair_67d58e6dddbb_00001_inside.npz,base,67d58e6dc8ccd45a00aa3d39,orto_basemap,inside,,249.3,0.58,351.24,0.905,1552,1.0,0.9906,field,разметка подтверждена,3089543,g0480,1,,c0231,heldout,registered,6.540,1.00,,photo
base_pair_67d58e6dddbb_00002_inside.npz,base,67d58e6dc8ccd45a00aa3d39,orto_basemap,inside,,287.1,8.78,82.05,1.126,1360,1.0,0.9952,field,разметка подтверждена,2589429,g0480,1,,c0231,heldout,registered,6.540,1.00,,photo
base_pair_67d58e6dddbb_00003_partial.npz,base,67d58e6dc8ccd45a00aa3d39,orto_basemap,partial,,216.0,7.65,90.1,1.045,1202,0.7879,0.7283,field,разметка подтверждена,2337935,g0480,1,,c0231,heldout,registered,6.540,1.00,,photo
base_pair_69a599f19572_00000_partial.npz,base,69a599f10b6e2755bd7ea22b,orto_basemap,partial,,190.7,3.5,297.72,0.907,768,0.7172,0.7318,field,разметка подтверждена,1850703,g0016,2,modality,c0066,train,registered,4.130,1.00,,photo
base_pair_69a599f19572_00001_inside.npz,base,69a599f10b6e2755bd7ea22b,orto_basemap,inside,,219.0,3.22,255.3,0.938,1203,1.0,0.9997,field,разметка подтверждена,2687487,g0016,2,modality,c0066,train,registered,4.130,1.00,,photo
base_pair_5ec8b033f703_00000_partial.npz,base,5ec8b033f62f370006df341f,orto_basemap,partial,,190.7,3.5,297.72,0.618,768,0.7621,0.7755,field,разметка подтверждена,1647897,g0172,1,,c0007,val,registered,3.060,1.00,,photo
base_pair_5ec8b033f703_00001_inside.npz,base,5ec8b033f62f370006df341f,orto_basemap,inside,,249.3,0.58,351.24,0.808,1385,1.0,0.9921,field,разметка подтверждена,2698497,g0172,1,,c0007,val,registered,3.060,1.00,,photo
base_pair_640e727f3bbe_00000_partial.npz,base,640e727fc2655600066c2a5d,orto_basemap,partial,,190.7,3.5,297.72,1.061,852,0.6739,0.6443,cell_refine,разметка подтверждена,1842043,g0374,1,,c0162,train,registered,0.550,1.00,,photo
base_pair_640e727f3bbe_00001_inside.npz,base,640e727fc2655600066c2a5d,orto_basemap,inside,,249.3,0.58,351.24,0.905,1552,1.0,0.9737,cell_refine,разметка подтверждена,3245276,g0374,1,,c0162,train,registered,0.550,1.00,,photo
base_pair_640e727f3bbe_00002_inside.npz,base,640e727fc2655600066c2a5d,orto_basemap,inside,,287.1,8.78,82.05,1.126,1360,1.0,0.9816,field,разметка подтверждена,2762414,g0374,1,,c0162,train,registered,0.550,1.00,,photo
base_pair_640e727f3bbe_00003_partial.npz,base,640e727fc2655600066c2a5d,orto_basemap,partial,,216.0,7.65,90.1,1.045,1202,0.7879,0.7268,field,разметка подтверждена,2560627,g0374,1,,c0162,train,registered,0.550,1.00,,photo
base_pair_640e727f3bbe_00004_inside.npz,base,640e727fc2655600066c2a5d,orto_basemap,inside,,279.0,2.53,261.79,0.887,1206,1.0,0.9944,cell_refine,разметка подтверждена,2592803,g0374,1,,c0162,train,registered,0.550,1.00,,photo
base_pair_640e727f3bbe_00005_inside.npz,base,640e727fc2655600066c2a5d,orto_basemap,inside,,179.2,0.97,224.23,1.076,1322,1.0,0.9953,cell_refine,разметка подтверждена,2413261,g0374,1,,c0162,train,registered,0.550,1.00,,photo
base_pair_640e727f3bbe_00007_inside.npz,base,640e727fc2655600066c2a5d,orto_basemap,inside,,183.6,3.62,297.53,0.926,1634,1.0,0.9999,field,разметка подтверждена,2372463,g0374,1,,c0162,train,registered,0.550,1.00,,photo
base_pair_640e727f3bbe_00008_partial.npz,base,640e727fc2655600066c2a5d,orto_basemap,partial,,281.4,1.39,164.97,1.077,1194,0.7802,0.7882,field,разметка подтверждена,2228704,g0374,1,,c0162,train,registered,0.550,1.00,,photo
base_pair_640e727f3bbe_00009_inside.npz,base,640e727fc2655600066c2a5d,orto_basemap,inside,,247.8,7.42,101.61,0.974,1195,1.0,1.0,field,разметка подтверждена,2023118,g0374,1,,c0162,train,registered,0.550,1.00,,photo
base_pair_640e727f3bbe_00010_inside.npz,base,640e727fc2655600066c2a5d,orto_basemap,inside,,196.5,6.85,202.76,1.105,1411,1.0,0.9999,field,разметка подтверждена,2405158,g0374,1,,c0162,train,registered,0.550,1.00,,photo
base_pair_640e727f3bbe_00011_inside.npz,base,640e727fc2655600066c2a5d,orto_basemap,inside,,226.7,7.7,212.38,0.966,1860,1.0,0.9998,field,разметка подтверждена,3217633,g0374,1,,c0162,train,registered,0.550,1.00,,photo
base_pair_66f7320ab4dd_00000_partial.npz,base,66f7320a5b27b10001e4b796,orto_basemap,partial,,190.7,3.5,297.72,0.437,768,0.8551,0.8664,field,разметка подтверждена,1387729,g0453,1,,c0209,val,registered,4.060,1.00,,photo
base_pair_66f7320ab4dd_00001_inside.npz,base,66f7320a5b27b10001e4b796,orto_basemap,inside,,249.3,0.58,351.24,0.572,980,1.0,1.0,field,разметка подтверждена,2151986,g0453,1,,c0209,val,registered,4.060,1.00,,photo
base_pair_66f7320ab4dd_00002_inside.npz,base,66f7320a5b27b10001e4b796,orto_basemap,inside,,287.1,8.78,82.05,0.659,795,1.0,1.0,field,разметка подтверждена,1886721,g0453,1,,c0209,val,registered,4.060,1.00,,photo
base_pair_66f7320ab4dd_00003_partial.npz,base,66f7320a5b27b10001e4b796,orto_basemap,partial,,216.0,7.65,90.1,0.495,768,0.6385,0.5942,field,разметка подтверждена,1510475,g0453,1,,c0209,val,registered,4.060,1.00,,photo
base_pair_66f7320ab4dd_00004_inside.npz,base,66f7320a5b27b10001e4b796,orto_basemap,inside,,279.0,2.53,261.79,0.64,870,1.0,1.0,field,разметка подтверждена,1866950,g0453,1,,c0209,val,registered,4.060,1.00,,photo
base_pair_66f7320ab4dd_00005_inside.npz,base,66f7320a5b27b10001e4b796,orto_basemap,inside,,179.2,0.97,224.23,0.411,768,1.0,1.0,field,разметка подтверждена,1583216,g0453,1,,c0209,val,registered,4.060,1.00,,photo
base_pair_66f7320ab4dd_00007_inside.npz,base,66f7320a5b27b10001e4b796,orto_basemap,inside,,183.6,3.62,297.53,0.421,768,1.0,1.0,field,разметка подтверждена,1326266,g0453,1,,c0209,val,registered,4.060,1.00,,photo
base_pair_66f7320ab4dd_00008_partial.npz,base,66f7320a5b27b10001e4b796,orto_basemap,partial,,281.4,1.39,164.97,0.645,768,0.8015,0.8088,field,разметка подтверждена,1836468,g0453,1,,c0209,val,registered,4.060,1.00,,photo
base_pair_66f7320ab4dd_00009_inside.npz,base,66f7320a5b27b10001e4b796,orto_basemap,inside,,247.8,7.42,101.61,0.568,768,1.0,0.9998,field,разметка подтверждена,1546538,g0453,1,,c0209,val,registered,4.060,1.00,,photo
base_pair_66f7320ab4dd_00010_inside.npz,base,66f7320a5b27b10001e4b796,orto_basemap,inside,,196.5,6.85,202.76,0.451,768,1.0,1.0,field,разметка подтверждена,1535022,g0453,1,,c0209,val,registered,4.060,1.00,,photo
base_pair_66f7320ab4dd_00011_inside.npz,base,66f7320a5b27b10001e4b796,orto_basemap,inside,,226.7,7.7,212.38,0.52,1001,1.0,1.0,field,разметка подтверждена,1984950,g0453,1,,c0209,val,registered,4.060,1.00,,photo
base_pair_6634215904d7_00000_partial.npz,base,663421596049ef00013b827b,orto_basemap,partial,,190.7,3.5,297.72,1.056,848,0.6736,0.6879,field,разметка подтверждена,1624525,g0434,1,,c0195,train,registered,1.680,1.00,,photo
base_pair_6634215904d7_00001_inside.npz,base,663421596049ef00013b827b,orto_basemap,inside,,249.3,0.58,351.24,0.905,1552,1.0,0.9918,field,разметка подтверждена,2634015,g0434,1,,c0195,train,registered,1.680,1.00,,photo
base_pair_6634215904d7_00002_inside.npz,base,663421596049ef00013b827b,orto_basemap,inside,,287.1,8.78,82.05,1.126,1360,1.0,0.9954,field,разметка подтверждена,2299626,g0434,1,,c0195,train,registered,1.680,1.00,,photo
base_pair_6634215904d7_00003_partial.npz,base,663421596049ef00013b827b,orto_basemap,partial,,216.0,7.65,90.1,1.045,1202,0.7879,0.7416,field,разметка подтверждена,2043250,g0434,1,,c0195,train,registered,1.680,1.00,,photo
base_pair_6a92666df1d1_00000_partial.npz,base,6a92666dc3a9617c871ea506,orto_basemap,partial,,190.7,3.5,297.72,0.94,768,0.6879,0.6884,cell_refine,разметка подтверждена,1801708,g0557,1,,c0270,train,registered,2.740,1.00,,photo
base_pair_6a92666df1d1_00001_inside.npz,base,6a92666dc3a9617c871ea506,orto_basemap,inside,,249.3,0.58,351.24,0.905,1552,1.0,0.9831,cell_refine,разметка подтверждена,3054990,g0557,1,,c0270,train,registered,2.740,1.00,,photo
base_pair_6a92666df1d1_00002_inside.npz,base,6a92666dc3a9617c871ea506,orto_basemap,inside,,287.1,8.78,82.05,1.126,1360,1.0,0.9803,field,разметка подтверждена,2575986,g0557,1,,c0270,train,registered,2.740,1.00,,photo
base_pair_6a92666df1d1_00003_partial.npz,base,6a92666dc3a9617c871ea506,orto_basemap,partial,,216.0,7.65,90.1,1.045,1202,0.7879,0.7516,field,разметка подтверждена,2159971,g0557,1,,c0270,train,registered,2.740,1.00,,photo
base_pair_6a92666df1d1_00004_inside.npz,base,6a92666dc3a9617c871ea506,orto_basemap,inside,,279.0,2.53,261.79,0.887,1206,1.0,0.9783,field,разметка подтверждена,2304221,g0557,1,,c0270,train,registered,2.740,1.00,,photo
base_pair_6a92666df1d1_00005_inside.npz,base,6a92666dc3a9617c871ea506,orto_basemap,inside,,179.2,0.97,224.23,0.883,1085,1.0,0.984,field,разметка подтверждена,2090450,g0557,1,,c0270,train,registered,2.740,1.00,,photo
base_pair_6a92666df1d1_00007_inside.npz,base,6a92666dc3a9617c871ea506,orto_basemap,inside,,183.6,3.62,297.53,0.905,1595,1.0,0.9894,field,разметка подтверждена,2217636,g0557,1,,c0270,train,registered,2.740,1.00,,photo
base_pair_6a92666df1d1_00008_partial.npz,base,6a92666dc3a9617c871ea506,orto_basemap,partial,,281.4,1.39,164.97,1.077,1194,0.7802,0.7824,cell_refine,разметка подтверждена,2362516,g0557,1,,c0270,train,registered,2.740,1.00,,photo
base_pair_6a92666df1d1_00009_inside.npz,base,6a92666dc3a9617c871ea506,orto_basemap,inside,,247.8,7.42,101.61,0.974,1195,1.0,0.9929,cell_refine,разметка подтверждена,2137675,g0557,1,,c0270,train,registered,2.740,1.00,,photo
base_pair_6a92666df1d1_00010_inside.npz,base,6a92666dc3a9617c871ea506,orto_basemap,inside,,196.5,6.85,202.76,0.968,1237,1.0,0.9842,cell_refine,разметка подтверждена,2181794,g0557,1,,c0270,train,registered,2.740,1.00,,photo
base_pair_6a92666df1d1_00011_inside.npz,base,6a92666dc3a9617c871ea506,orto_basemap,inside,,226.7,7.7,212.38,0.966,1860,1.0,0.9919,cell_refine,разметка подтверждена,3110577,g0557,1,,c0270,train,registered,2.740,1.00,,photo
base_pair_6633b7daa958_00000_partial.npz,base,6633b7da6049ef00013b824a,orto_basemap,partial,,190.7,3.5,297.72,1.033,829,0.6736,0.688,field,разметка подтверждена,1572258,g0429,1,,c0191,heldout,registered,0.660,1.00,,photo
base_pair_6633b7daa958_00001_inside.npz,base,6633b7da6049ef00013b824a,orto_basemap,inside,,249.3,0.58,351.24,0.905,1552,1.0,0.9989,field,разметка подтверждена,2477747,g0429,1,,c0191,heldout,registered,0.660,1.00,,photo
base_pair_6633b7daa958_00002_inside.npz,base,6633b7da6049ef00013b824a,orto_basemap,inside,,287.1,8.78,82.05,1.126,1360,1.0,1.0,field,разметка подтверждена,2136659,g0429,1,,c0191,heldout,registered,0.660,1.00,,photo
base_pair_6633b7daa958_00003_partial.npz,base,6633b7da6049ef00013b824a,orto_basemap,partial,,216.0,7.65,90.1,1.045,1202,0.7879,0.7524,field,разметка подтверждена,1993157,g0429,1,,c0191,heldout,registered,0.660,1.00,,photo
base_pair_6633b7daa958_00004_inside.npz,base,6633b7da6049ef00013b824a,orto_basemap,inside,,279.0,2.53,261.79,0.887,1206,1.0,0.9995,field,разметка подтверждена,2109069,g0429,1,,c0191,heldout,registered,0.660,1.00,,photo
base_pair_6633b7daa958_00005_inside.npz,base,6633b7da6049ef00013b824a,orto_basemap,inside,,179.2,0.97,224.23,0.97,1192,1.0,0.9989,field,разметка подтверждена,1915190,g0429,1,,c0191,heldout,registered,0.660,1.00,,photo
base_pair_6633b7daa958_00007_inside.npz,base,6633b7da6049ef00013b824a,orto_basemap,inside,,183.6,3.62,297.53,0.926,1634,1.0,1.0,field,разметка подтверждена,1770398,g0429,1,,c0191,heldout,registered,0.660,1.00,,photo
base_pair_6633b7daa958_00008_partial.npz,base,6633b7da6049ef00013b824a,orto_basemap,partial,,281.4,1.39,164.97,1.077,1194,0.7802,0.7879,field,разметка подтверждена,1962375,g0429,1,,c0191,heldout,registered,0.660,1.00,,photo
base_pair_6633b7daa958_00009_inside.npz,base,6633b7da6049ef00013b824a,orto_basemap,inside,,247.8,7.42,101.61,0.974,1195,1.0,0.9991,field,разметка подтверждена,1782136,g0429,1,,c0191,heldout,registered,0.660,1.00,,photo
base_pair_6633b7daa958_00010_inside.npz,base,6633b7da6049ef00013b824a,orto_basemap,inside,,196.5,6.85,202.76,1.064,1358,1.0,0.9993,field,разметка подтверждена,1953737,g0429,1,,c0191,heldout,registered,0.660,1.00,,photo
base_pair_6633b7daa958_00011_inside.npz,base,6633b7da6049ef00013b824a,orto_basemap,inside,,226.7,7.7,212.38,0.966,1860,1.0,0.9981,field,разметка подтверждена,2535211,g0429,1,,c0191,heldout,registered,0.660,1.00,,photo
base_pair_617e9bb8136e_00000_partial.npz,base,617e9bb88ebcb9000515c50f,orto_basemap,partial,,190.7,3.5,297.72,1.061,852,0.6739,0.6877,field,разметка подтверждена,1834829,g0316,1,,c0004,val,registered,2.340,1.00,,photo
base_pair_617e9bb8136e_00001_inside.npz,base,617e9bb88ebcb9000515c50f,orto_basemap,inside,,249.3,0.58,351.24,0.905,1552,1.0,0.9997,field,разметка подтверждена,3008131,g0316,1,,c0004,val,registered,2.340,1.00,,photo
base_pair_617e9bb8136e_00002_inside.npz,base,617e9bb88ebcb9000515c50f,orto_basemap,inside,,287.1,8.78,82.05,1.126,1360,1.0,0.9989,field,разметка подтверждена,2511592,g0316,1,,c0004,val,registered,2.340,1.00,,photo
base_pair_617e9bb8136e_00003_partial.npz,base,617e9bb88ebcb9000515c50f,orto_basemap,partial,,216.0,7.65,90.1,1.045,1202,0.7879,0.7512,field,разметка подтверждена,2365535,g0316,1,,c0004,val,registered,2.340,1.00,,photo
base_pair_617e9bb8136e_00004_inside.npz,base,617e9bb88ebcb9000515c50f,orto_basemap,inside,,279.0,2.53,261.79,0.887,1206,1.0,0.9999,field,разметка подтверждена,2295361,g0316,1,,c0004,val,registered,2.340,1.00,,photo
base_pair_617e9bb8136e_00005_inside.npz,base,617e9bb88ebcb9000515c50f,orto_basemap,inside,,179.2,0.97,224.23,1.005,1235,1.0,0.9981,field,разметка подтверждена,2254451,g0316,1,,c0004,val,registered,2.340,1.00,,photo
base_pair_617e9bb8136e_00007_inside.npz,base,617e9bb88ebcb9000515c50f,orto_basemap,inside,,183.6,3.62,297.53,0.926,1634,1.0,0.9991,field,разметка подтверждена,2521211,g0316,1,,c0004,val,registered,2.340,1.00,,photo
base_pair_6190d1f3e199_00000_partial.npz,base,6190d1f35024550007345842,orto_basemap,partial,,190.7,3.5,297.72,1.061,852,0.6739,0.6882,field,разметка подтверждена,1669338,g0323,1,,c0004,val,registered,2.720,1.00,,photo
base_pair_6190d1f3e199_00001_inside.npz,base,6190d1f35024550007345842,orto_basemap,inside,,249.3,0.58,351.24,0.905,1552,1.0,0.9992,field,разметка подтверждена,2836341,g0323,1,,c0004,val,registered,2.720,1.00,,photo
base_pair_6190d1f3e199_00002_inside.npz,base,6190d1f35024550007345842,orto_basemap,inside,,287.1,8.78,82.05,1.126,1360,1.0,0.9998,field,разметка подтверждена,2385409,g0323,1,,c0004,val,registered,2.720,1.00,,photo
base_pair_6190d1f3e199_00003_partial.npz,base,6190d1f35024550007345842,orto_basemap,partial,,216.0,7.65,90.1,1.045,1202,0.7879,0.7515,field,разметка подтверждена,2430567,g0323,1,,c0004,val,registered,2.720,1.00,,photo
base_pair_6190d1f3e199_00004_inside.npz,base,6190d1f35024550007345842,orto_basemap,inside,,279.0,2.53,261.79,0.887,1206,1.0,0.9952,field,разметка подтверждена,2404383,g0323,1,,c0004,val,registered,2.720,1.00,,photo
base_pair_6190d1f3e199_00005_inside.npz,base,6190d1f35024550007345842,orto_basemap,inside,,179.2,0.97,224.23,1.005,1235,1.0,0.9963,field,разметка подтверждена,2387027,g0323,1,,c0004,val,registered,2.720,1.00,,photo
base_pair_6190d1f3e199_00007_inside.npz,base,6190d1f35024550007345842,orto_basemap,inside,,183.6,3.62,297.53,0.926,1634,1.0,0.9984,field,разметка подтверждена,2424606,g0323,1,,c0004,val,registered,2.720,1.00,,photo
base_pair_6190e66495d3_00000_partial.npz,base,6190e6645024550007345854,orto_basemap,partial,,190.7,3.5,297.72,1.061,852,0.6739,0.6881,field,разметка подтверждена,1814747,g0327,1,,c0004,val,registered,1.390,1.00,,photo
base_pair_6190e66495d3_00001_inside.npz,base,6190e6645024550007345854,orto_basemap,inside,,249.3,0.58,351.24,0.905,1552,1.0,0.9996,field,разметка подтверждена,3010604,g0327,1,,c0004,val,registered,1.390,1.00,,photo
base_pair_6190e66495d3_00002_inside.npz,base,6190e6645024550007345854,orto_basemap,inside,,287.1,8.78,82.05,1.126,1360,1.0,0.9987,field,разметка подтверждена,2572480,g0327,1,,c0004,val,registered,1.390,1.00,,photo
base_pair_6190e66495d3_00003_partial.npz,base,6190e6645024550007345854,orto_basemap,partial,,216.0,7.65,90.1,1.045,1202,0.7879,0.7396,field,разметка подтверждена,2378868,g0327,1,,c0004,val,registered,1.390,1.00,,photo
base_pair_6190e66495d3_00004_inside.npz,base,6190e6645024550007345854,orto_basemap,inside,,279.0,2.53,261.79,0.887,1206,1.0,0.9996,field,разметка подтверждена,2453709,g0327,1,,c0004,val,registered,1.390,1.00,,photo
base_pair_6190e66495d3_00005_inside.npz,base,6190e6645024550007345854,orto_basemap,inside,,179.2,0.97,224.23,1.005,1235,1.0,0.9996,field,разметка подтверждена,2351076,g0327,1,,c0004,val,registered,1.390,1.00,,photo
base_pair_6190e66495d3_00007_inside.npz,base,6190e6645024550007345854,orto_basemap,inside,,183.6,3.62,297.53,0.926,1634,1.0,0.9992,field,разметка подтверждена,2496616,g0327,1,,c0004,val,registered,1.390,1.00,,photo
base_pair_5ef0bff59f7c_00000_partial.npz,base,5ef0bff5dc40b50005b6f1dd,orto_basemap,partial,,190.7,3.5,297.72,0.618,768,0.7621,0.777,field,разметка подтверждена,1667739,g0180,1,,c0007,val,registered,4.450,1.00,,photo
base_pair_5ef0bff59f7c_00001_inside.npz,base,5ef0bff5dc40b50005b6f1dd,orto_basemap,inside,,249.3,0.58,351.24,0.808,1386,1.0,1.0,field,разметка подтверждена,2559164,g0180,1,,c0007,val,registered,4.450,1.00,,photo
base_pair_5ef0bff59f7c_00002_inside.npz,base,5ef0bff5dc40b50005b6f1dd,orto_basemap,inside,,287.1,8.78,82.05,0.931,1124,1.0,0.9989,field,разметка подтверждена,2148511,g0180,1,,c0007,val,registered,4.450,1.00,,photo
base_pair_5ef0bff59f7c_00003_partial.npz,base,5ef0bff5dc40b50005b6f1dd,orto_basemap,partial,,216.0,7.65,90.1,0.7,805,0.7872,0.72,field,разметка подтверждена,1774626,g0180,1,,c0007,val,registered,4.450,1.00,,photo
base_pair_5ef0bff59f7c_00004_inside.npz,base,5ef0bff5dc40b50005b6f1dd,orto_basemap,inside,,279.0,2.53,261.79,0.887,1206,1.0,1.0,field,разметка подтверждена,2163788,g0180,1,,c0007,val,registered,4.450,1.00,,photo
base_pair_5ef0bff59f7c_00005_inside.npz,base,5ef0bff5dc40b50005b6f1dd,orto_basemap,inside,,179.2,0.97,224.23,0.581,768,1.0,1.0,field,разметка подтверждена,1774258,g0180,1,,c0007,val,registered,4.450,1.00,,photo
base_pair_5ef0bff59f7c_00007_inside.npz,base,5ef0bff5dc40b50005b6f1dd,orto_basemap,inside,,183.6,3.62,297.53,0.595,1050,1.0,1.0,field,разметка подтверждена,1694012,g0180,1,,c0007,val,registered,4.450,1.00,,photo
base_pair_63a987c2b86a_00000_partial.npz,base,63a987c23fb8c100063c551a,orto_basemap,partial,,190.7,3.5,297.72,1.061,852,0.6739,0.6804,field,разметка подтверждена,1811319,g0365,1,,c0003,val,registered,5.320,1.00,,photo
base_pair_63a987c2b86a_00001_inside.npz,base,63a987c23fb8c100063c551a,orto_basemap,inside,,249.3,0.58,351.24,0.905,1552,1.0,0.9999,field,разметка подтверждена,2835887,g0365,1,,c0003,val,registered,5.320,1.00,,photo
base_pair_63a987c2b86a_00002_inside.npz,base,63a987c23fb8c100063c551a,orto_basemap,inside,,287.1,8.78,82.05,1.126,1360,1.0,0.9989,field,разметка подтверждена,2348549,g0365,1,,c0003,val,registered,5.320,1.00,,photo
base_pair_63a987c2b86a_00003_partial.npz,base,63a987c23fb8c100063c551a,orto_basemap,partial,,216.0,7.65,90.1,1.045,1202,0.7879,0.7511,field,разметка подтверждена,2311435,g0365,1,,c0003,val,registered,5.320,1.00,,photo
base_pair_63a987c2b86a_00004_inside.npz,base,63a987c23fb8c100063c551a,orto_basemap,inside,,279.0,2.53,261.79,0.887,1206,1.0,0.9991,field,разметка подтверждена,2286911,g0365,1,,c0003,val,registered,5.320,1.00,,photo
base_pair_63a987c2b86a_00005_inside.npz,base,63a987c23fb8c100063c551a,orto_basemap,inside,,179.2,0.97,224.23,1.076,1322,1.0,0.9999,field,разметка подтверждена,2261759,g0365,1,,c0003,val,registered,5.320,1.00,,photo
base_pair_65a8d9c4cab1_00000_partial.npz,base,65a8d9c471b11e0001cea7ee,orto_basemap,partial,,190.7,3.5,297.72,1.061,852,0.6739,0.673,field,разметка подтверждена,1897289,g0406,1,,c0049,heldout,registered,0.940,1.00,,photo
base_pair_65a8d9c4cab1_00001_inside.npz,base,65a8d9c471b11e0001cea7ee,orto_basemap,inside,,249.3,0.58,351.24,0.905,1552,1.0,0.9954,field,разметка подтверждена,3202629,g0406,1,,c0049,heldout,registered,0.940,1.00,,photo
base_pair_65a8d9c4cab1_00002_inside.npz,base,65a8d9c471b11e0001cea7ee,orto_basemap,inside,,287.1,8.78,82.05,1.126,1360,1.0,0.9977,field,разметка подтверждена,2676723,g0406,1,,c0049,heldout,registered,0.940,1.00,,photo
base_pair_65a8d9c4cab1_00003_partial.npz,base,65a8d9c471b11e0001cea7ee,orto_basemap,partial,,216.0,7.65,90.1,1.045,1202,0.7879,0.7508,field,разметка подтверждена,2595811,g0406,1,,c0049,heldout,registered,0.940,1.00,,photo
base_pair_65a8d9c4cab1_00004_inside.npz,base,65a8d9c471b11e0001cea7ee,orto_basemap,inside,,279.0,2.53,261.79,0.887,1206,1.0,0.9959,field,разметка подтверждена,2528909,g0406,1,,c0049,heldout,registered,0.940,1.00,,photo
base_pair_65a8d9c4cab1_00005_inside.npz,base,65a8d9c471b11e0001cea7ee,orto_basemap,inside,,179.2,0.97,224.23,1.076,1322,1.0,0.9985,field,разметка подтверждена,2539315,g0406,1,,c0049,heldout,registered,0.940,1.00,,photo
base_pair_65a8d9c4cab1_00007_inside.npz,base,65a8d9c471b11e0001cea7ee,orto_basemap,inside,,183.6,3.62,297.53,0.926,1634,1.0,0.9975,field,разметка подтверждена,2667377,g0406,1,,c0049,heldout,registered,0.940,1.00,,photo
base_pair_63f21def30ef_00000_partial.npz,base,63f21def525f0700077ed4e3,orto_basemap,partial,,190.7,3.5,297.72,0.539,768,0.7982,0.8113,field,разметка подтверждена,1700461,g0373,1,,c0161,train,registered,1.980,1.00,,photo
base_pair_63f21def30ef_00001_inside.npz,base,63f21def525f0700077ed4e3,orto_basemap,inside,,249.3,0.58,351.24,0.704,1207,1.0,0.9973,field,разметка подтверждена,2653424,g0373,1,,c0161,train,registered,1.980,1.00,,photo
base_pair_63f21def30ef_00002_inside.npz,base,63f21def525f0700077ed4e3,orto_basemap,inside,,287.1,8.78,82.05,0.811,979,1.0,0.9994,field,разметка подтверждена,2243278,g0373,1,,c0161,train,registered,1.980,1.00,,photo
base_pair_63f21def30ef_00003_partial.npz,base,63f21def525f0700077ed4e3,orto_basemap,partial,,216.0,7.65,90.1,0.61,768,0.8312,0.8002,field,разметка подтверждена,2051686,g0373,1,,c0161,train,registered,1.980,1.00,,photo
base_pair_63f21def30ef_00004_inside.npz,base,63f21def525f0700077ed4e3,orto_basemap,inside,,279.0,2.53,261.79,0.788,1072,1.0,0.9979,field,разметка подтверждена,2284052,g0373,1,,c0161,train,registered,1.980,1.00,,photo
base_pair_63f21def30ef_00005_inside.npz,base,63f21def525f0700077ed4e3,orto_basemap,inside,,179.2,0.97,224.23,0.506,768,1.0,0.9995,field,разметка подтверждена,2003025,g0373,1,,c0161,train,registered,1.980,1.00,,photo
base_pair_67ef3883814c_00000_partial.npz,base,67ef3883ca6f76f97a4b0144,orto_basemap,partial,,190.7,3.5,297.72,0.907,768,0.7171,0.7313,field,разметка подтверждена,1909979,g0011,2,modality,c0019,train,registered,1.330,1.00,,photo
base_pair_67ef3883814c_00001_inside.npz,base,67ef3883ca6f76f97a4b0144,orto_basemap,inside,,249.3,0.58,351.24,0.905,1552,1.0,0.9973,field,разметка подтверждена,3540113,g0011,2,modality,c0019,train,registered,1.330,1.00,,photo
base_pair_67ef3883814c_00002_inside.npz,base,67ef3883ca6f76f97a4b0144,orto_basemap,inside,,287.1,8.78,82.05,1.126,1360,1.0,0.9983,field,разметка подтверждена,2939387,g0011,2,modality,c0019,train,registered,1.330,1.00,,photo
base_pair_67ef3883814c_00003_partial.npz,base,67ef3883ca6f76f97a4b0144,orto_basemap,partial,,216.0,7.65,90.1,1.027,1181,0.7879,0.7209,field,разметка подтверждена,2427991,g0011,2,modality,c0019,train,registered,1.330,1.00,,photo
base_pair_5f6af1292f37_00000_partial.npz,base,5f6af12971d1f60005e6ab8a,orto_basemap,partial,,190.7,3.5,297.72,0.618,768,0.762,0.7714,field,разметка подтверждена,1510496,g0210,1,,c0007,val,registered,8.950,1.00,,photo
base_pair_5f6af1292f37_00001_inside.npz,base,5f6af12971d1f60005e6ab8a,orto_basemap,inside,,249.3,0.58,351.24,0.808,1386,1.0,0.9463,field,разметка подтверждена,2473520,g0210,1,,c0007,val,registered,8.950,1.00,,photo
base_pair_5f6af1292f37_00002_inside.npz,base,5f6af12971d1f60005e6ab8a,orto_basemap,inside,,287.1,8.78,82.05,0.931,1124,1.0,0.9917,field,разметка подтверждена,2155696,g0210,1,,c0007,val,registered,8.950,1.00,,photo
base_pair_5f6af1292f37_00003_partial.npz,base,5f6af12971d1f60005e6ab8a,orto_basemap,partial,,216.0,7.65,90.1,0.7,806,0.7877,0.75,field,разметка подтверждена,1894574,g0210,1,,c0007,val,registered,8.950,1.00,,photo
base_pair_67d58565780c_00000_partial.npz,base,67d58565c8ccd45a00aa3325,orto_basemap,partial,,190.7,3.5,297.72,0.907,768,0.7171,0.7284,field,разметка подтверждена,1818438,g0010,2,modality,c0058,train,registered,2.170,1.00,,photo
base_pair_67d58565780c_00001_inside.npz,base,67d58565c8ccd45a00aa3325,orto_basemap,inside,,249.3,0.58,351.24,0.905,1552,1.0,0.9984,field,разметка подтверждена,3340076,g0010,2,modality,c0058,train,registered,2.170,1.00,,photo
base_pair_689f315b13ec_00000_partial.npz,base,689f315b7ed99649ec7f3389,orto_basemap,partial,,190.7,3.5,297.72,0.441,768,0.8531,0.8645,field,разметка подтверждена,1388461,g0500,1,,c0243,val,registered,3.120,1.00,,photo
base_pair_689f315b13ec_00001_inside.npz,base,689f315b7ed99649ec7f3389,orto_basemap,inside,,219.0,3.22,255.3,0.506,768,1.0,0.9998,field,разметка подтверждена,2022901,g0500,1,,c0243,val,registered,3.120,1.00,,photo
base_pair_699b423165e4_00000_partial.npz,base,699b4231f956718c12e9f797,orto_basemap,partial,,190.7,3.5,297.72,1.061,852,0.6739,0.6882,field,разметка подтверждена,1685148,g0532,1,,c0258,train,registered,8.170,1.00,,photo
base_pair_699b423165e4_00001_inside.npz,base,699b4231f956718c12e9f797,orto_basemap,inside,,249.3,0.58,351.24,0.905,1552,1.0,1.0,field,разметка подтверждена,2595533,g0532,1,,c0258,train,registered,8.170,1.00,,photo
base_pair_65c4b9718937_00000_partial.npz,base,65c4b971ed310f000161306b,orto_basemap,partial,,190.7,3.5,297.72,1.061,852,0.6739,0.6776,cell_refine,разметка подтверждена,1877264,g0409,1,,c0180,heldout,registered,4.660,1.00,,photo
base_pair_65c4b9718937_00001_inside.npz,base,65c4b971ed310f000161306b,orto_basemap,inside,,249.3,0.58,351.24,0.905,1552,1.0,0.9952,cell_refine,разметка подтверждена,3239710,g0409,1,,c0180,heldout,registered,4.660,1.00,,photo
base_pair_65c4b9718937_00002_inside.npz,base,65c4b971ed310f000161306b,orto_basemap,inside,,287.1,8.78,82.05,1.126,1360,1.0,1.0,cell_refine,разметка подтверждена,2382347,g0409,1,,c0180,heldout,registered,4.660,1.00,,photo
base_pair_65c4b9718937_00003_partial.npz,base,65c4b971ed310f000161306b,orto_basemap,partial,,216.0,7.65,90.1,1.045,1202,0.7879,0.7524,cell_refine,разметка подтверждена,2431359,g0409,1,,c0180,heldout,registered,4.660,1.00,,photo
base_pair_65c4b9718937_00004_inside.npz,base,65c4b971ed310f000161306b,orto_basemap,inside,,279.0,2.53,261.79,0.887,1206,1.0,0.9892,cell_refine,разметка подтверждена,2569512,g0409,1,,c0180,heldout,registered,4.660,1.00,,photo
base_pair_65c4b9718937_00005_inside.npz,base,65c4b971ed310f000161306b,orto_basemap,inside,,179.2,0.97,224.23,1.076,1322,1.0,0.9834,cell_refine,разметка подтверждена,2683949,g0409,1,,c0180,heldout,registered,4.660,1.00,,photo
base_pair_65c4b9718937_00007_inside.npz,base,65c4b971ed310f000161306b,orto_basemap,inside,,183.6,3.62,297.53,0.926,1634,1.0,0.9968,field,разметка подтверждена,2891076,g0409,1,,c0180,heldout,registered,4.660,1.00,,photo
base_pair_65c4b9718937_00008_partial.npz,base,65c4b971ed310f000161306b,orto_basemap,partial,,281.4,1.39,164.97,1.077,1194,0.7802,0.7882,cell_refine,разметка подтверждена,2181940,g0409,1,,c0180,heldout,registered,4.660,1.00,,photo
base_pair_65c4b9718937_00009_inside.npz,base,65c4b971ed310f000161306b,orto_basemap,inside,,247.8,7.42,101.61,0.974,1195,1.0,1.0,cell_refine,разметка подтверждена,1909151,g0409,1,,c0180,heldout,registered,4.660,1.00,,photo
base_pair_65c4b9718937_00010_inside.npz,base,65c4b971ed310f000161306b,orto_basemap,inside,,226.7,7.7,212.38,0.966,1860,1.0,0.933,cell_refine,разметка подтверждена,3855954,g0409,1,,c0180,heldout,registered,4.660,1.00,,photo
base_pair_65c4b9718937_00011_partial.npz,base,65c4b971ed310f000161306b,orto_basemap,partial,,211.8,0.37,51.99,0.961,1592,0.7084,0.6643,cell_refine,разметка подтверждена,3277625,g0409,1,,c0180,heldout,registered,4.660,1.00,,photo
base_pair_6a8f9da29787_00000_partial.npz,base,6a8f9da28f75f1daf8b405b6,orto_basemap,partial,,190.7,3.5,297.72,0.492,768,0.8226,0.8354,global,разметка подтверждена,1526690,g0555,1,,c0268,train,approx,8.000,0.30,,photo
base_pair_6a8f9da29787_00001_inside.npz,base,6a8f9da28f75f1daf8b405b6,orto_basemap,inside,,249.3,0.58,351.24,0.643,1103,1.0,1.0,global,разметка подтверждена,2278825,g0555,1,,c0268,train,approx,8.000,0.30,,photo
base_pair_6a8f9da29787_00002_inside.npz,base,6a8f9da28f75f1daf8b405b6,orto_basemap,inside,,287.1,8.78,82.05,0.741,895,1.0,1.0,field,разметка подтверждена,1916324,g0555,1,,c0268,train,registered,2.400,1.00,,photo
base_pair_6a8f9da29787_00003_partial.npz,base,6a8f9da28f75f1daf8b405b6,orto_basemap,partial,,216.0,7.65,90.1,0.557,768,0.6064,0.5605,field,разметка подтверждена,1406927,g0555,1,,c0268,train,registered,2.400,1.00,,photo
base_pair_6a8f9da29787_00004_inside.npz,base,6a8f9da28f75f1daf8b405b6,orto_basemap,inside,,279.0,2.53,261.79,0.72,979,1.0,1.0,field,разметка подтверждена,2066903,g0555,1,,c0268,train,registered,2.400,1.00,,photo
base_pair_6a8f9da29787_00005_inside.npz,base,6a8f9da28f75f1daf8b405b6,orto_basemap,inside,,179.2,0.97,224.23,0.463,768,1.0,1.0,field,разметка подтверждена,1770569,g0555,1,,c0268,train,registered,2.400,1.00,,photo
base_pair_6a8f9da29787_00007_inside.npz,base,6a8f9da28f75f1daf8b405b6,orto_basemap,inside,,183.6,3.62,297.53,0.474,836,1.0,1.0,field,разметка подтверждена,1422886,g0555,1,,c0268,train,registered,2.400,1.00,,photo
base_pair_6a8f9da29787_00008_partial.npz,base,6a8f9da28f75f1daf8b405b6,orto_basemap,partial,,281.4,1.39,164.97,0.726,805,0.78,0.788,field,разметка подтверждена,1821558,g0555,1,,c0268,train,registered,2.400,1.00,,photo
base_pair_6a8f9da29787_00009_inside.npz,base,6a8f9da28f75f1daf8b405b6,orto_basemap,inside,,247.8,7.42,101.61,0.64,785,1.0,1.0,field,разметка подтверждена,1596847,g0555,1,,c0268,train,registered,2.400,1.00,,photo
base_pair_6a8f9da29787_00010_inside.npz,base,6a8f9da28f75f1daf8b405b6,orto_basemap,inside,,196.5,6.85,202.76,0.507,768,1.0,0.9913,field,разметка подтверждена,1570259,g0555,1,,c0268,train,registered,2.400,1.00,,photo
base_pair_6a8f9da29787_00011_inside.npz,base,6a8f9da28f75f1daf8b405b6,orto_basemap,inside,,226.7,7.7,212.38,0.585,1126,1.0,0.9952,field,разметка подтверждена,2106023,g0555,1,,c0268,train,registered,2.400,1.00,,photo
base_pair_66340515342f_00000_partial.npz,base,663405156049ef00013b8274,orto_basemap,partial,,190.7,3.5,297.72,1.058,850,0.6739,0.6882,field,разметка подтверждена,1633632,g0432,1,,c0193,train,registered,0.820,1.00,,photo
base_pair_66340515342f_00001_inside.npz,base,663405156049ef00013b8274,orto_basemap,inside,,249.3,0.58,351.24,0.905,1552,1.0,1.0,field,разметка подтверждена,2596701,g0432,1,,c0193,train,registered,0.820,1.00,,photo
base_pair_66340515342f_00002_inside.npz,base,663405156049ef00013b8274,orto_basemap,inside,,287.1,8.78,82.05,1.126,1360,1.0,1.0,field,разметка подтверждена,2147537,g0432,1,,c0193,train,registered,0.820,1.00,,photo
base_pair_66340515342f_00003_partial.npz,base,663405156049ef00013b8274,orto_basemap,partial,,216.0,7.65,90.1,1.045,1202,0.7879,0.7519,field,разметка подтверждена,2064787,g0432,1,,c0193,train,registered,0.820,1.00,,photo
base_pair_66340515342f_00004_inside.npz,base,663405156049ef00013b8274,orto_basemap,inside,,279.0,2.53,261.79,0.887,1206,1.0,0.9988,field,разметка подтверждена,2140197,g0432,1,,c0193,train,registered,0.820,1.00,,photo
base_pair_66340515342f_00005_inside.npz,base,663405156049ef00013b8274,orto_basemap,inside,,179.2,0.97,224.23,0.994,1222,1.0,0.9987,field,разметка подтверждена,2054130,g0432,1,,c0193,train,registered,0.820,1.00,,photo
base_pair_66340515342f_00007_inside.npz,base,663405156049ef00013b8274,orto_basemap,inside,,183.6,3.62,297.53,0.926,1634,1.0,1.0,field,разметка подтверждена,1627409,g0432,1,,c0193,train,registered,0.820,1.00,,photo
base_pair_66340515342f_00008_partial.npz,base,663405156049ef00013b8274,orto_basemap,partial,,281.4,1.39,164.97,1.077,1194,0.7802,0.7882,field,разметка подтверждена,1985219,g0432,1,,c0193,train,registered,0.820,1.00,,photo
base_pair_66340515342f_00009_inside.npz,base,663405156049ef00013b8274,orto_basemap,inside,,247.8,7.42,101.61,0.974,1195,1.0,1.0,field,разметка подтверждена,1839993,g0432,1,,c0193,train,registered,0.820,1.00,,photo
base_pair_66340515342f_00010_inside.npz,base,663405156049ef00013b8274,orto_basemap,inside,,196.5,6.85,202.76,1.09,1392,1.0,0.9979,field,разметка подтверждена,2000079,g0432,1,,c0193,train,registered,0.820,1.00,,photo
base_pair_66340515342f_00011_inside.npz,base,663405156049ef00013b8274,orto_basemap,inside,,226.7,7.7,212.38,0.966,1860,1.0,0.9983,field,разметка подтверждена,2686022,g0432,1,,c0193,train,registered,0.820,1.00,,photo
base_pair_5f09be5918af_00000_partial.npz,base,5f09be59577f160006c1ab65,orto_basemap,partial,,190.7,3.5,297.72,0.533,768,0.801,0.8118,field,разметка подтверждена,1812199,g0183,1,,c0115,heldout,registered,2.940,1.00,,photo
base_pair_5f09be5918af_00001_inside.npz,base,5f09be59577f160006c1ab65,orto_basemap,inside,,249.3,0.58,351.24,0.697,1195,1.0,0.9964,field,разметка подтверждена,2848533,g0183,1,,c0115,heldout,registered,2.940,1.00,,photo
base_pair_5f09be5918af_00002_inside.npz,base,5f09be59577f160006c1ab65,orto_basemap,inside,,287.1,8.78,82.05,0.803,969,1.0,0.9951,field,разметка подтверждена,2364451,g0183,1,,c0115,heldout,registered,2.940,1.00,,photo
base_pair_5f09be5918af_00003_partial.npz,base,5f09be59577f160006c1ab65,orto_basemap,partial,,216.0,7.65,90.1,0.604,768,0.8365,0.8052,field,разметка подтверждена,2082712,g0183,1,,c0115,heldout,registered,2.940,1.00,,photo
base_pair_5f09be5918af_00004_inside.npz,base,5f09be59577f160006c1ab65,orto_basemap,inside,,279.0,2.53,261.79,0.78,1061,1.0,0.9957,field,разметка подтверждена,2458390,g0183,1,,c0115,heldout,registered,2.940,1.00,,photo
base_pair_5f09be5918af_00005_inside.npz,base,5f09be59577f160006c1ab65,orto_basemap,inside,,179.2,0.97,224.23,0.501,768,1.0,0.998,field,разметка подтверждена,2071890,g0183,1,,c0115,heldout,registered,2.940,1.00,,photo
base_pair_5f09be5918af_00007_inside.npz,base,5f09be59577f160006c1ab65,orto_basemap,inside,,183.6,3.62,297.53,0.513,905,1.0,0.9996,field,разметка подтверждена,1892507,g0183,1,,c0115,heldout,registered,2.940,1.00,,photo
base_pair_5ea405963612_00000_partial.npz,base,5ea40596c70abb0005869e99,orto_basemap,partial,,190.7,3.5,297.72,0.64,768,0.7508,0.762,field,разметка подтверждена,1556645,g0157,1,,c0111,train,registered,1.490,1.00,,photo
base_pair_5ea405963612_00001_inside.npz,base,5ea40596c70abb0005869e99,orto_basemap,inside,,249.3,0.58,351.24,0.836,1434,1.0,0.998,field,разметка подтверждена,2563302,g0157,1,,c0111,train,registered,1.490,1.00,,photo
base_pair_5ea405963612_00002_inside.npz,base,5ea40596c70abb0005869e99,orto_basemap,inside,,287.1,8.78,82.05,0.963,1163,1.0,0.9994,field,разметка подтверждена,2158782,g0157,1,,c0111,train,registered,1.490,1.00,,photo
base_pair_5ea405963612_00003_partial.npz,base,5ea40596c70abb0005869e99,orto_basemap,partial,,216.0,7.65,90.1,0.725,834,0.7877,0.749,field,разметка подтверждена,1918703,g0157,1,,c0111,train,registered,1.490,1.00,,photo
base_pair_5ea405963612_00004_inside.npz,base,5ea40596c70abb0005869e99,orto_basemap,inside,,279.0,2.53,261.79,0.887,1206,1.0,1.0,field,разметка подтверждена,2133880,g0157,1,,c0111,train,registered,1.490,1.00,,photo
base_pair_5ea405963612_00005_inside.npz,base,5ea40596c70abb0005869e99,orto_basemap,inside,,179.2,0.97,224.23,0.601,768,1.0,1.0,field,разметка подтверждена,1768178,g0157,1,,c0111,train,registered,1.490,1.00,,photo
base_pair_5ea405963612_00007_inside.npz,base,5ea40596c70abb0005869e99,orto_basemap,inside,,183.6,3.62,297.53,0.616,1087,1.0,0.9989,field,разметка подтверждена,1785329,g0157,1,,c0111,train,registered,1.490,1.00,,photo
base_pair_5ea405963612_00008_partial.npz,base,5ea40596c70abb0005869e99,orto_basemap,partial,,281.4,1.39,164.97,0.944,1047,0.7802,0.7869,field,разметка подтверждена,1989827,g0157,1,,c0111,train,registered,1.490,1.00,,photo
base_pair_5ea405963612_00009_inside.npz,base,5ea40596c70abb0005869e99,orto_basemap,inside,,247.8,7.42,101.61,0.832,1020,1.0,0.9983,field,разметка подтверждена,1785452,g0157,1,,c0111,train,registered,1.490,1.00,,photo
base_pair_5ea405963612_00010_inside.npz,base,5ea40596c70abb0005869e99,orto_basemap,inside,,196.5,6.85,202.76,0.659,842,1.0,0.9998,field,разметка подтверждена,1738381,g0157,1,,c0111,train,registered,1.490,1.00,,photo
base_pair_5ea405963612_00011_inside.npz,base,5ea40596c70abb0005869e99,orto_basemap,inside,,226.7,7.7,212.38,0.761,1465,1.0,0.9995,field,разметка подтверждена,2387773,g0157,1,,c0111,train,registered,1.490,1.00,,photo
base_pair_6a92649b52b6_00000_partial.npz,base,6a92649bc3a9617c871ea3f7,orto_basemap,partial,,190.7,3.5,297.72,0.94,768,0.6878,0.6899,field,разметка подтверждена,1768816,g0556,1,,c0269,train,registered,4.630,1.00,,photo
base_pair_6a92649b52b6_00001_inside.npz,base,6a92649bc3a9617c871ea3f7,orto_basemap,inside,,249.3,0.58,351.24,0.905,1552,1.0,0.9907,field,разметка подтверждена,3043314,g0556,1,,c0269,train,registered,4.630,1.00,,photo
base_pair_6a92649b52b6_00002_inside.npz,base,6a92649bc3a9617c871ea3f7,orto_basemap,inside,,287.1,8.78,82.05,1.126,1360,1.0,0.9868,field,разметка подтверждена,2560859,g0556,1,,c0269,train,registered,4.630,1.00,,photo
base_pair_6a92649b52b6_00003_partial.npz,base,6a92649bc3a9617c871ea3f7,orto_basemap,partial,,216.0,7.65,90.1,1.045,1202,0.7879,0.7375,field,разметка подтверждена,2324278,g0556,1,,c0269,train,registered,4.630,1.00,,photo
base_pair_6a92649b52b6_00004_inside.npz,base,6a92649bc3a9617c871ea3f7,orto_basemap,inside,,279.0,2.53,261.79,0.887,1206,1.0,0.9901,field,разметка подтверждена,2411494,g0556,1,,c0269,train,registered,4.630,1.00,,photo
base_pair_6a92649b52b6_00005_inside.npz,base,6a92649bc3a9617c871ea3f7,orto_basemap,inside,,179.2,0.97,224.23,0.883,1085,1.0,0.9903,field,разметка подтверждена,2174889,g0556,1,,c0269,train,registered,4.630,1.00,,photo
base_pair_6a92649b52b6_00007_inside.npz,base,6a92649bc3a9617c871ea3f7,orto_basemap,inside,,183.6,3.62,297.53,0.905,1596,1.0,0.9888,field,разметка подтверждена,2255062,g0556,1,,c0269,train,registered,4.630,1.00,,photo
base_pair_6a92649b52b6_00008_partial.npz,base,6a92649bc3a9617c871ea3f7,orto_basemap,partial,,281.4,1.39,164.97,1.077,1194,0.7802,0.7785,field,разметка подтверждена,2372975,g0556,1,,c0269,train,registered,4.630,1.00,,photo
base_pair_6a92649b52b6_00009_inside.npz,base,6a92649bc3a9617c871ea3f7,orto_basemap,inside,,247.8,7.42,101.61,0.974,1195,1.0,0.9842,field,разметка подтверждена,2159570,g0556,1,,c0269,train,registered,4.630,1.00,,photo
base_pair_6a92649b52b6_00010_inside.npz,base,6a92649bc3a9617c871ea3f7,orto_basemap,inside,,196.5,6.85,202.76,0.968,1237,1.0,0.9794,field,разметка подтверждена,2214077,g0556,1,,c0269,train,registered,4.630,1.00,,photo
base_pair_6a92649b52b6_00011_inside.npz,base,6a92649bc3a9617c871ea3f7,orto_basemap,inside,,226.7,7.7,212.38,0.966,1860,1.0,0.9876,field,разметка подтверждена,3211682,g0556,1,,c0269,train,registered,4.630,1.00,,photo
base_pair_5eadda5037c7_00000_partial.npz,base,5eadda503295f300072a6d87,orto_basemap,partial,,190.7,3.5,297.72,0.618,768,0.7621,0.7689,field,разметка подтверждена,1641180,g0163,1,,c0007,val,registered,5.960,1.00,,photo
base_pair_5eadda5037c7_00001_inside.npz,base,5eadda503295f300072a6d87,orto_basemap,inside,,249.3,0.58,351.24,0.808,1386,1.0,0.994,field,разметка подтверждена,2606483,g0163,1,,c0007,val,registered,5.960,1.00,,photo
base_pair_5eadda5037c7_00002_inside.npz,base,5eadda503295f300072a6d87,orto_basemap,inside,,287.1,8.78,82.05,0.931,1124,1.0,0.9887,field,разметка подтверждена,2290322,g0163,1,,c0007,val,registered,5.960,1.00,,photo
base_pair_5eadda5037c7_00003_partial.npz,base,5eadda503295f300072a6d87,orto_basemap,partial,,216.0,7.65,90.1,0.7,805,0.7872,0.744,field,разметка подтверждена,1988353,g0163,1,,c0007,val,registered,5.960,1.00,,photo
base_pair_5eadda5037c7_00004_inside.npz,base,5eadda503295f300072a6d87,orto_basemap,inside,,279.0,2.53,261.79,0.887,1206,1.0,0.9921,field,разметка подтверждена,2401773,g0163,1,,c0007,val,registered,5.960,1.00,,photo
base_pair_5eadda5037c7_00005_inside.npz,base,5eadda503295f300072a6d87,orto_basemap,inside,,179.2,0.97,224.23,0.581,768,1.0,0.9956,field,разметка подтверждена,1903907,g0163,1,,c0007,val,registered,5.960,1.00,,photo
base_pair_5eadda5037c7_00007_inside.npz,base,5eadda503295f300072a6d87,orto_basemap,inside,,183.6,3.62,297.53,0.595,1050,1.0,0.9875,field,разметка подтверждена,1886672,g0163,1,,c0007,val,registered,5.960,1.00,,photo
base_pair_5eadda5037c7_00008_partial.npz,base,5eadda503295f300072a6d87,orto_basemap,partial,,281.4,1.39,164.97,0.912,1011,0.7801,0.7827,cell_refine,разметка подтверждена,2017138,g0163,1,,c0007,val,registered,5.960,1.00,,photo
base_pair_5eadda5037c7_00009_inside.npz,base,5eadda503295f300072a6d87,orto_basemap,inside,,247.8,7.42,101.61,0.803,986,1.0,0.9945,cell_refine,разметка подтверждена,1748915,g0163,1,,c0007,val,registered,5.960,1.00,,photo
base_pair_5eadda5037c7_00010_inside.npz,base,5eadda503295f300072a6d87,orto_basemap,inside,,196.5,6.85,202.76,0.637,814,1.0,0.9724,field,разметка подтверждена,1793023,g0163,1,,c0007,val,registered,5.960,1.00,,photo
base_pair_5eadda5037c7_00011_inside.npz,base,5eadda503295f300072a6d87,orto_basemap,inside,,226.7,7.7,212.38,0.735,1415,1.0,0.9708,field,разметка подтверждена,2592528,g0163,1,,c0007,val,registered,5.960,1.00,,photo
base_pair_661caee2d78a_00000_partial.npz,base,661caee21e47d00001ac0363,orto_basemap,partial,,190.7,3.5,297.72,0.539,768,0.798,0.8114,field,разметка подтверждена,1724200,g0425,1,,c0053,train,registered,1.010,1.00,,photo
base_pair_661caee2d78a_00001_inside.npz,base,661caee21e47d00001ac0363,orto_basemap,inside,,249.3,0.58,351.24,0.705,1208,1.0,1.0,field,разметка подтверждена,2526421,g0425,1,,c0053,train,registered,1.010,1.00,,photo
base_pair_661caee2d78a_00002_inside.npz,base,661caee21e47d00001ac0363,orto_basemap,inside,,287.1,8.78,82.05,0.812,980,1.0,1.0,field,разметка подтверждена,2111476,g0425,1,,c0053,train,registered,1.010,1.00,,photo
base_pair_661caee2d78a_00003_partial.npz,base,661caee21e47d00001ac0363,orto_basemap,partial,,216.0,7.65,90.1,0.611,768,0.8308,0.8002,field,разметка подтверждена,1998230,g0425,1,,c0053,train,registered,1.010,1.00,,photo
base_pair_661caee2d78a_00004_inside.npz,base,661caee21e47d00001ac0363,orto_basemap,inside,,279.0,2.53,261.79,0.789,1073,1.0,1.0,field,разметка подтверждена,2166287,g0425,1,,c0053,train,registered,1.010,1.00,,photo
base_pair_661caee2d78a_00005_inside.npz,base,661caee21e47d00001ac0363,orto_basemap,inside,,179.2,0.97,224.23,0.507,768,1.0,1.0,field,разметка подтверждена,1955586,g0425,1,,c0053,train,registered,1.010,1.00,,photo
base_pair_661caee2d78a_00007_inside.npz,base,661caee21e47d00001ac0363,orto_basemap,inside,,183.6,3.62,297.53,0.519,915,1.0,1.0,field,разметка подтверждена,1745673,g0425,1,,c0053,train,registered,1.010,1.00,,photo
base_pair_617e9bb82261_00000_partial.npz,base,617e9bb88ebcb9000515c515,orto_basemap,partial,,190.7,3.5,297.72,1.061,852,0.6739,0.688,field,разметка подтверждена,1877209,g0317,1,,c0004,val,registered,3.010,1.00,,photo
base_pair_617e9bb82261_00001_inside.npz,base,617e9bb88ebcb9000515c515,orto_basemap,inside,,249.3,0.58,351.24,0.905,1552,1.0,0.9994,field,разметка подтверждена,3215840,g0317,1,,c0004,val,registered,3.010,1.00,,photo
base_pair_617e9bb82261_00002_inside.npz,base,617e9bb88ebcb9000515c515,orto_basemap,inside,,287.1,8.78,82.05,1.126,1360,1.0,0.9983,field,разметка подтверждена,2607093,g0317,1,,c0004,val,registered,3.010,1.00,,photo
base_pair_617e9bb82261_00003_partial.npz,base,617e9bb88ebcb9000515c515,orto_basemap,partial,,216.0,7.65,90.1,1.045,1202,0.7879,0.747,field,разметка подтверждена,2443251,g0317,1,,c0004,val,registered,3.010,1.00,,photo
base_pair_617e9bb82261_00004_inside.npz,base,617e9bb88ebcb9000515c515,orto_basemap,inside,,279.0,2.53,261.79,0.887,1206,1.0,0.9999,field,разметка подтверждена,2565481,g0317,1,,c0004,val,registered,3.010,1.00,,photo
base_pair_617e9bb82261_00005_inside.npz,base,617e9bb88ebcb9000515c515,orto_basemap,inside,,179.2,0.97,224.23,1.005,1235,1.0,0.9988,field,разметка подтверждена,2441903,g0317,1,,c0004,val,registered,3.010,1.00,,photo
base_pair_617e9bb82261_00007_inside.npz,base,617e9bb88ebcb9000515c515,orto_basemap,inside,,183.6,3.62,297.53,0.926,1634,1.0,0.9993,field,разметка подтверждена,2655147,g0317,1,,c0004,val,registered,3.010,1.00,,photo
base_pair_6190deab06b9_00000_partial.npz,base,6190deab502455000734584a,orto_basemap,partial,,190.7,3.5,297.72,1.061,852,0.6739,0.6879,field,разметка подтверждена,1761218,g0324,1,,c0004,val,registered,6.910,1.00,,photo
base_pair_6190deab06b9_00001_inside.npz,base,6190deab502455000734584a,orto_basemap,inside,,249.3,0.58,351.24,0.905,1552,1.0,0.9971,field,разметка подтверждена,3057662,g0324,1,,c0004,val,registered,6.910,1.00,,photo
base_pair_6190deab06b9_00002_inside.npz,base,6190deab502455000734584a,orto_basemap,inside,,287.1,8.78,82.05,1.126,1360,1.0,0.9998,field,разметка подтверждена,2393528,g0324,1,,c0004,val,registered,6.910,1.00,,photo
base_pair_6190deab06b9_00003_partial.npz,base,6190deab502455000734584a,orto_basemap,partial,,216.0,7.65,90.1,1.045,1202,0.7879,0.752,field,разметка подтверждена,2330492,g0324,1,,c0004,val,registered,6.910,1.00,,photo
base_pair_6190deab06b9_00004_inside.npz,base,6190deab502455000734584a,orto_basemap,inside,,279.0,2.53,261.79,0.887,1206,1.0,0.9974,field,разметка подтверждена,2445651,g0324,1,,c0004,val,registered,6.910,1.00,,photo
base_pair_6190deab06b9_00005_inside.npz,base,6190deab502455000734584a,orto_basemap,inside,,179.2,0.97,224.23,1.005,1234,1.0,0.9981,field,разметка подтверждена,2335524,g0324,1,,c0004,val,registered,6.910,1.00,,photo
base_pair_6190deab06b9_00007_inside.npz,base,6190deab502455000734584a,orto_basemap,inside,,183.6,3.62,297.53,0.926,1634,1.0,0.9933,field,разметка подтверждена,2387006,g0324,1,,c0004,val,registered,6.910,1.00,,photo
base_pair_6670256b5d60_00000_partial.npz,base,6670256bf1cf8e0001fb2f88,orto_basemap,partial,,190.7,3.5,297.72,0.615,768,0.7638,0.746,field,разметка подтверждена,1654355,g0445,1,,c0202,train,registered,6.620,1.00,,photo
base_pair_6670256b5d60_00001_inside.npz,base,6670256bf1cf8e0001fb2f88,orto_basemap,inside,,249.3,0.58,351.24,0.803,1377,1.0,0.9281,field,разметка подтверждена,2702942,g0445,1,,c0202,train,registered,6.620,1.00,,photo
base_pair_6670256b5d60_00002_inside.npz,base,6670256bf1cf8e0001fb2f88,orto_basemap,inside,,287.1,8.78,82.05,0.925,1117,1.0,0.9252,field,разметка подтверждена,2248328,g0445,1,,c0202,train,registered,6.620,1.00,,photo
base_pair_6670256b5d60_00003_partial.npz,base,6670256bf1cf8e0001fb2f88,orto_basemap,partial,,216.0,7.65,90.1,0.696,801,0.7877,0.7367,field,разметка подтверждена,2018457,g0445,1,,c0202,train,registered,6.620,1.00,,photo
base_pair_6150e4869eb3_00000_partial.npz,base,6150e486e4643000072876c5,orto_basemap,partial,,190.7,3.5,297.72,0.906,768,0.7175,0.7316,field,разметка подтверждена,1880710,g0308,1,,c0147,heldout,registered,6.310,1.00,,photo
base_pair_6150e4869eb3_00001_inside.npz,base,6150e486e4643000072876c5,orto_basemap,inside,,249.3,0.58,351.24,0.905,1552,1.0,0.9975,field,разметка подтверждена,3334301,g0308,1,,c0147,heldout,registered,6.310,1.00,,photo
base_pair_6150e4869eb3_00002_inside.npz,base,6150e486e4643000072876c5,orto_basemap,inside,,287.1,8.78,82.05,1.126,1360,1.0,0.9993,field,разметка подтверждена,2708616,g0308,1,,c0147,heldout,registered,6.310,1.00,,photo
base_pair_6150e4869eb3_00003_partial.npz,base,6150e486e4643000072876c5,orto_basemap,partial,,216.0,7.65,90.1,1.026,1180,0.7877,0.7514,field,разметка подтверждена,2352802,g0308,1,,c0147,heldout,registered,6.310,1.00,,photo
base_pair_5f96670b23d3_00000_partial.npz,base,5f96670b8ff39200079920cf,orto_basemap,partial,,190.7,3.5,297.72,0.542,768,0.7968,0.8085,field,разметка подтверждена,1615377,g0225,1,,c0122,train,registered,1.090,1.00,,photo
base_pair_5f96670b23d3_00001_inside.npz,base,5f96670b8ff39200079920cf,orto_basemap,inside,,218.6,2.28,301.49,0.621,1098,1.0,0.9977,field,разметка подтверждена,2381395,g0225,1,,c0122,train,registered,1.090,1.00,,photo
base_pair_632527a2e9c1_00000_partial.npz,base,632527a29ee90900078a7111,orto_basemap,partial,,190.7,3.5,297.72,0.907,768,0.7171,0.7305,field,разметка подтверждена,1861441,g0006,2,modality,c0031,train,registered,2.540,1.00,,photo
base_pair_632527a2e9c1_00001_inside.npz,base,632527a29ee90900078a7111,orto_basemap,inside,,249.3,0.58,351.24,0.905,1552,1.0,0.999,field,разметка подтверждена,3248604,g0006,2,modality,c0031,train,registered,2.540,1.00,,photo
base_pair_632527a2e9c1_00002_inside.npz,base,632527a29ee90900078a7111,orto_basemap,inside,,287.1,8.78,82.05,1.126,1360,1.0,0.9984,field,разметка подтверждена,2703147,g0006,2,modality,c0031,train,registered,2.540,1.00,,photo
base_pair_632527a2e9c1_00003_partial.npz,base,632527a29ee90900078a7111,orto_basemap,partial,,216.0,7.65,90.1,1.027,1181,0.7879,0.7024,field,разметка подтверждена,2212956,g0006,2,modality,c0031,train,registered,2.540,1.00,,photo
base_pair_666b77758579_00000_partial.npz,base,666b7775f1cf8e0001fb2f0c,orto_basemap,partial,,190.7,3.5,297.72,0.502,768,0.817,0.8208,field,разметка подтверждена,1711214,g0444,1,,c0201,train,registered,1.810,1.00,,photo
base_pair_666b77758579_00001_inside.npz,base,666b7775f1cf8e0001fb2f0c,orto_basemap,inside,,249.3,0.58,351.24,0.657,1126,1.0,0.9962,field,разметка подтверждена,2595190,g0444,1,,c0201,train,registered,1.810,1.00,,photo
base_pair_68bc46485af2_00000_partial.npz,base,68bc4648be6b4e088eefe907,orto_basemap,partial,,190.7,3.5,297.72,0.907,768,0.7169,0.7315,field,разметка подтверждена,1969380,g0013,2,modality,c0061,train,registered,8.800,1.00,,photo
base_pair_68bc46485af2_00001_inside.npz,base,68bc4648be6b4e088eefe907,orto_basemap,inside,,249.3,0.58,351.24,0.905,1552,1.0,1.0,field,разметка подтверждена,3609034,g0013,2,modality,c0061,train,registered,8.800,1.00,,photo
base_pair_601ef7070b98_00000_partial.npz,base,601ef707c4550c00050ee5ba,orto_basemap,partial,,190.7,3.5,297.72,0.515,768,0.8103,0.8216,field,разметка подтверждена,1641572,g0252,1,,c0127,heldout,registered,2.350,1.00,,photo
base_pair_601ef7070b98_00001_inside.npz,base,601ef707c4550c00050ee5ba,orto_basemap,inside,,249.3,0.58,351.24,0.673,1154,1.0,0.9988,field,разметка подтверждена,2503612,g0252,1,,c0127,heldout,registered,2.350,1.00,,photo
base_pair_681791852669_00000_partial.npz,base,6817918525ae1db94ad474bd,orto_basemap,partial,,190.7,3.5,297.72,1.061,852,0.6739,0.6879,field,разметка подтверждена,1852097,g0483,1,,c0234,val,registered,8.750,1.00,,photo
base_pair_681791852669_00001_inside.npz,base,6817918525ae1db94ad474bd,orto_basemap,inside,,249.3,0.58,351.24,0.905,1552,1.0,0.9997,field,разметка подтверждена,2911838,g0483,1,,c0234,val,registered,8.750,1.00,,photo
base_pair_66548ad71a8f_00000_partial.npz,base,66548ad749dd860001fae239,orto_basemap,partial,,190.7,3.5,297.72,0.907,768,0.7171,0.7304,field,разметка подтверждена,1901468,g0442,1,,c0031,train,registered,2.900,1.00,,photo
base_pair_66548ad71a8f_00001_inside.npz,base,66548ad749dd860001fae239,orto_basemap,inside,,249.3,0.58,351.24,0.905,1552,1.0,0.9967,field,разметка подтверждена,3356948,g0442,1,,c0031,train,registered,2.900,1.00,,photo
base_pair_5dae8ffe6ae7_00000_inside.npz,base,5dae8ffe73c69f000530ee73,orto_basemap,inside,,287.1,8.78,82.05,1.126,1360,1.0,0.9833,global,разметка подтверждена,2125584,g0120,1,,c0095,val,approx,8.000,0.30,,photo
base_pair_5dae8ffe6ae7_00001_inside.npz,base,5dae8ffe73c69f000530ee73,orto_basemap,inside,,179.2,0.97,224.23,1.005,1234,1.0,0.9828,global,разметка подтверждена,1987892,g0120,1,,c0095,val,approx,8.000,0.30,,photo
base_pair_5dae8ffe6ae7_00003_inside.npz,base,5dae8ffe73c69f000530ee73,orto_basemap,inside,,183.6,3.62,297.53,0.926,1634,1.0,0.9987,field,разметка подтверждена,2425236,g0120,1,,c0095,val,registered,5.800,1.00,,photo
base_pair_5dae8ffe6ae7_00004_partial.npz,base,5dae8ffe73c69f000530ee73,orto_basemap,partial,,281.4,1.39,164.97,1.077,1194,0.7802,0.7741,global,разметка подтверждена,2144502,g0120,1,,c0095,val,approx,8.000,0.30,,photo
base_pair_5dae8ffe6ae7_00005_inside.npz,base,5dae8ffe73c69f000530ee73,orto_basemap,inside,,247.8,7.42,101.61,0.974,1195,1.0,0.9764,global,разметка подтверждена,1885025,g0120,1,,c0095,val,approx,8.000,0.30,,photo
base_pair_5dae8ffe6ae7_00006_inside.npz,base,5dae8ffe73c69f000530ee73,orto_basemap,inside,,196.5,6.85,202.76,1.101,1407,1.0,0.9936,field,разметка подтверждена,2278620,g0120,1,,c0095,val,registered,5.800,1.00,,photo
base_pair_5dae8ffe6ae7_00007_inside.npz,base,5dae8ffe73c69f000530ee73,orto_basemap,inside,,226.7,7.7,212.38,0.966,1860,1.0,0.9957,field,разметка подтверждена,3238872,g0120,1,,c0095,val,registered,5.800,1.00,,photo
base_pair_5dae8ffe6ae7_00008_partial.npz,base,5dae8ffe73c69f000530ee73,orto_basemap,partial,,211.8,0.37,51.99,0.961,1592,0.7084,0.7096,global,разметка подтверждена,2456601,g0120,1,,c0095,val,approx,8.000,0.30,,photo
base_pair_5dae8ffe6ae7_00009_inside.npz,base,5dae8ffe73c69f000530ee73,orto_basemap,inside,,223.9,4.31,215.48,1.067,1898,1.0,0.9401,global,разметка подтверждена,2769722,g0120,1,,c0095,val,approx,8.000,0.30,,photo
base_pair_5dec59132d3f_00000_partial.npz,base,5dec5913467d29000783154d,orto_basemap,partial,,190.7,3.5,297.72,1.061,852,0.6739,0.6874,field,разметка подтверждена,1776099,g0128,1,,c0039,train,registered,1.210,1.00,,photo
base_pair_5dec59132d3f_00001_inside.npz,base,5dec5913467d29000783154d,orto_basemap,inside,,249.3,0.58,351.24,0.905,1552,1.0,0.9998,field,разметка подтверждена,2830781,g0128,1,,c0039,train,registered,1.210,1.00,,photo
base_pair_5dec59132d3f_00002_inside.npz,base,5dec5913467d29000783154d,orto_basemap,inside,,287.1,8.78,82.05,1.126,1360,1.0,0.9999,field,разметка подтверждена,2371113,g0128,1,,c0039,train,registered,1.210,1.00,,photo
base_pair_5dec59132d3f_00003_partial.npz,base,5dec5913467d29000783154d,orto_basemap,partial,,216.0,7.65,90.1,1.045,1202,0.7879,0.7521,field,разметка подтверждена,2316268,g0128,1,,c0039,train,registered,1.210,1.00,,photo
base_pair_5dec59132d3f_00004_inside.npz,base,5dec5913467d29000783154d,orto_basemap,inside,,279.0,2.53,261.79,0.887,1206,1.0,0.9983,field,разметка подтверждена,2302401,g0128,1,,c0039,train,registered,1.210,1.00,,photo
base_pair_5dec59132d3f_00005_inside.npz,base,5dec5913467d29000783154d,orto_basemap,inside,,179.2,0.97,224.23,0.997,1225,1.0,0.9983,field,разметка подтверждена,2250140,g0128,1,,c0039,train,registered,1.210,1.00,,photo
base_pair_5dec59132d3f_00007_inside.npz,base,5dec5913467d29000783154d,orto_basemap,inside,,183.6,3.62,297.53,0.926,1634,1.0,0.9996,field,разметка подтверждена,2331300,g0128,1,,c0039,train,registered,1.210,1.00,,photo
base_pair_5dec59132d3f_00008_partial.npz,base,5dec5913467d29000783154d,orto_basemap,partial,,281.4,1.39,164.97,1.077,1194,0.7802,0.7881,field,разметка подтверждена,2046462,g0128,1,,c0039,train,registered,1.210,1.00,,photo
base_pair_5dec59132d3f_00009_inside.npz,base,5dec5913467d29000783154d,orto_basemap,inside,,247.8,7.42,101.61,0.974,1195,1.0,0.9999,field,разметка подтверждена,1836460,g0128,1,,c0039,train,registered,1.210,1.00,,photo
base_pair_5dec59132d3f_00010_inside.npz,base,5dec5913467d29000783154d,orto_basemap,inside,,196.5,6.85,202.76,1.093,1396,1.0,1.0,global,разметка подтверждена,2242068,g0128,1,,c0039,train,approx,8.000,0.30,,photo
base_pair_5dec59132d3f_00011_inside.npz,base,5dec5913467d29000783154d,orto_basemap,inside,,226.7,7.7,212.38,0.966,1860,1.0,0.9993,global,разметка подтверждена,3356732,g0128,1,,c0039,train,approx,8.000,0.30,,photo
base_pair_6a926a58eedb_00000_partial.npz,base,6a926a58c3a9617c871ea6e9,orto_basemap,partial,,190.7,3.5,297.72,0.94,768,0.6879,0.696,field,разметка подтверждена,1769949,g0558,1,,c0271,val,registered,1.950,1.00,,photo
base_pair_6a926a58eedb_00001_inside.npz,base,6a926a58c3a9617c871ea6e9,orto_basemap,inside,,249.3,0.58,351.24,0.905,1552,1.0,0.9971,field,разметка подтверждена,2812999,g0558,1,,c0271,val,registered,1.950,1.00,,photo
base_pair_6a926a58eedb_00002_inside.npz,base,6a926a58c3a9617c871ea6e9,orto_basemap,inside,,287.1,8.78,82.05,1.126,1360,1.0,0.9931,field,разметка подтверждена,2505753,g0558,1,,c0271,val,registered,1.950,1.00,,photo
base_pair_6a926a58eedb_00003_partial.npz,base,6a926a58c3a9617c871ea6e9,orto_basemap,partial,,216.0,7.65,90.1,1.045,1202,0.7879,0.7417,field,разметка подтверждена,2234611,g0558,1,,c0271,val,registered,1.950,1.00,,photo
base_pair_6a926a58eedb_00004_inside.npz,base,6a926a58c3a9617c871ea6e9,orto_basemap,inside,,279.0,2.53,261.79,0.887,1206,1.0,0.9867,field,разметка подтверждена,2280950,g0558,1,,c0271,val,registered,1.950,1.00,,photo
base_pair_6a926a58eedb_00005_inside.npz,base,6a926a58c3a9617c871ea6e9,orto_basemap,inside,,179.2,0.97,224.23,0.883,1085,1.0,0.9698,field,разметка подтверждена,2095859,g0558,1,,c0271,val,registered,1.950,1.00,,photo
base_pair_6a926a58eedb_00007_inside.npz,base,6a926a58c3a9617c871ea6e9,orto_basemap,inside,,183.6,3.62,297.53,0.904,1595,1.0,0.9748,field,разметка подтверждена,2295789,g0558,1,,c0271,val,registered,1.950,1.00,,photo
base_pair_6a926a58eedb_00008_partial.npz,base,6a926a58c3a9617c871ea6e9,orto_basemap,partial,,281.4,1.39,164.97,1.077,1194,0.7802,0.7814,field,разметка подтверждена,2227595,g0558,1,,c0271,val,registered,1.950,1.00,,photo
base_pair_6a926a58eedb_00009_inside.npz,base,6a926a58c3a9617c871ea6e9,orto_basemap,inside,,247.8,7.42,101.61,0.974,1195,1.0,0.9889,field,разметка подтверждена,2043082,g0558,1,,c0271,val,registered,1.950,1.00,,photo
base_pair_6a926a58eedb_00010_inside.npz,base,6a926a58c3a9617c871ea6e9,orto_basemap,inside,,196.5,6.85,202.76,0.968,1236,1.0,0.976,field,разметка подтверждена,2064650,g0558,1,,c0271,val,registered,1.950,1.00,,photo
base_pair_6a926a58eedb_00011_inside.npz,base,6a926a58c3a9617c871ea6e9,orto_basemap,inside,,226.7,7.7,212.38,0.966,1860,1.0,0.995,field,разметка подтверждена,2985191,g0558,1,,c0271,val,registered,1.950,1.00,,photo
base_pair_63a5a8188331_00000_partial.npz,base,63a5a818eb16e8000519a1c2,orto_basemap,partial,,190.7,3.5,297.72,0.64,768,0.7509,0.762,field,разметка подтверждена,1571409,g0358,1,,c0028,train,registered,2.980,1.00,,photo
base_pair_63a5a8188331_00001_inside.npz,base,63a5a818eb16e8000519a1c2,orto_basemap,inside,,249.3,0.58,351.24,0.836,1434,1.0,0.9974,field,разметка подтверждена,2670355,g0358,1,,c0028,train,registered,2.980,1.00,,photo
base_pair_63a5a8188331_00002_inside.npz,base,63a5a818eb16e8000519a1c2,orto_basemap,inside,,287.1,8.78,82.05,0.963,1163,1.0,0.9984,field,разметка подтверждена,2205615,g0358,1,,c0028,train,registered,2.980,1.00,,photo
base_pair_63a5a8188331_00003_partial.npz,base,63a5a818eb16e8000519a1c2,orto_basemap,partial,,216.0,7.65,90.1,0.724,833,0.7873,0.7505,field,разметка подтверждена,1972558,g0358,1,,c0028,train,registered,2.980,1.00,,photo
base_pair_63a5a8188331_00004_inside.npz,base,63a5a818eb16e8000519a1c2,orto_basemap,inside,,279.0,2.53,261.79,0.887,1206,1.0,0.9988,field,разметка подтверждена,2303904,g0358,1,,c0028,train,registered,2.980,1.00,,photo
base_pair_63a5a8188331_00005_inside.npz,base,63a5a818eb16e8000519a1c2,orto_basemap,inside,,179.2,0.97,224.23,0.601,768,1.0,0.9935,field,разметка подтверждена,1814521,g0358,1,,c0028,train,registered,2.980,1.00,,photo
base_pair_63a5a8188331_00007_inside.npz,base,63a5a818eb16e8000519a1c2,orto_basemap,inside,,183.6,3.62,297.53,0.616,1086,1.0,0.999,field,разметка подтверждена,1857860,g0358,1,,c0028,train,registered,2.980,1.00,,photo
base_pair_63a5a8188331_00008_partial.npz,base,63a5a818eb16e8000519a1c2,orto_basemap,partial,,281.4,1.39,164.97,0.944,1046,0.7801,0.7879,field,разметка подтверждена,2064095,g0358,1,,c0028,train,registered,2.980,1.00,,photo
base_pair_63a5a8188331_00009_inside.npz,base,63a5a818eb16e8000519a1c2,orto_basemap,inside,,247.8,7.42,101.61,0.831,1020,1.0,0.9995,field,разметка подтверждена,1784112,g0358,1,,c0028,train,registered,2.980,1.00,,photo
base_pair_63a5a8188331_00010_inside.npz,base,63a5a818eb16e8000519a1c2,orto_basemap,inside,,196.5,6.85,202.76,0.659,842,1.0,1.0,field,разметка подтверждена,1711331,g0358,1,,c0028,train,registered,2.980,1.00,,photo
base_pair_63a5a8188331_00011_inside.npz,base,63a5a818eb16e8000519a1c2,orto_basemap,inside,,226.7,7.7,212.38,0.761,1464,1.0,0.9991,field,разметка подтверждена,2369235,g0358,1,,c0028,train,registered,2.980,1.00,,photo
base_pair_6a737dc9abbc_00000_partial.npz,base,6a737dc9acbbde5222f1fa35,orto_basemap,partial,,190.7,3.5,297.72,0.485,768,0.8264,0.8379,field,разметка подтверждена,1624766,g0552,1,,c0265,train,registered,1.280,1.00,,photo
base_pair_6a737dc9abbc_00001_inside.npz,base,6a737dc9acbbde5222f1fa35,orto_basemap,inside,,249.3,0.58,351.24,0.634,1087,1.0,0.9982,field,разметка подтверждена,2494585,g0552,1,,c0265,train,registered,1.280,1.00,,photo
base_pair_6a737dc9abbc_00002_inside.npz,base,6a737dc9acbbde5222f1fa35,orto_basemap,inside,,287.1,8.78,82.05,0.731,882,1.0,0.9986,field,разметка подтверждена,2083355,g0552,1,,c0265,train,registered,1.280,1.00,,photo
base_pair_6a737dc9abbc_00003_partial.npz,base,6a737dc9acbbde5222f1fa35,orto_basemap,partial,,216.0,7.65,90.1,0.549,768,0.6101,0.5632,field,разметка подтверждена,1562480,g0552,1,,c0265,train,registered,1.280,1.00,,photo
base_pair_6a737dc9abbc_00004_inside.npz,base,6a737dc9acbbde5222f1fa35,orto_basemap,inside,,279.0,2.53,261.79,0.71,965,1.0,0.9987,field,разметка подтверждена,2112033,g0552,1,,c0265,train,registered,1.280,1.00,,photo
base_pair_6a737dc9abbc_00005_inside.npz,base,6a737dc9acbbde5222f1fa35,orto_basemap,inside,,179.2,0.97,224.23,0.456,768,1.0,0.9995,field,разметка подтверждена,1789926,g0552,1,,c0265,train,registered,1.280,1.00,,photo
base_pair_6a737dc9abbc_00007_inside.npz,base,6a737dc9acbbde5222f1fa35,orto_basemap,inside,,183.6,3.62,297.53,0.467,824,1.0,0.9949,field,разметка подтверждена,1528035,g0552,1,,c0265,train,registered,1.280,1.00,,photo
base_pair_6a737dc9abbc_00008_partial.npz,base,6a737dc9acbbde5222f1fa35,orto_basemap,partial,,281.4,1.39,164.97,0.716,794,0.7801,0.7875,field,разметка подтверждена,1967449,g0552,1,,c0265,train,registered,1.280,1.00,,photo
base_pair_6a737dc9abbc_00009_inside.npz,base,6a737dc9acbbde5222f1fa35,orto_basemap,inside,,247.8,7.42,101.61,0.63,774,1.0,0.9982,field,разметка подтверждена,1731752,g0552,1,,c0265,train,registered,1.280,1.00,,photo
base_pair_62d333ada360_00000_partial.npz,base,62d333ad0d6f550007e744b6,orto_basemap,partial,,190.7,3.5,297.72,0.537,768,0.799,0.8105,field,разметка подтверждена,1673337,g0345,1,,c0027,heldout,registered,1.340,1.00,,photo
base_pair_62d333ada360_00001_inside.npz,base,62d333ad0d6f550007e744b6,orto_basemap,inside,,249.3,0.58,351.24,0.702,1203,1.0,0.9999,field,разметка подтверждена,2560687,g0345,1,,c0027,heldout,registered,1.340,1.00,,photo
base_pair_62d333ada360_00002_inside.npz,base,62d333ad0d6f550007e744b6,orto_basemap,inside,,287.1,8.78,82.05,0.808,976,1.0,0.9999,field,разметка подтверждена,2141077,g0345,1,,c0027,heldout,registered,1.340,1.00,,photo
base_pair_62d333ada360_00003_partial.npz,base,62d333ad0d6f550007e744b6,orto_basemap,partial,,216.0,7.65,90.1,0.608,768,0.8328,0.8022,field,разметка подтверждена,2010983,g0345,1,,c0027,heldout,registered,1.340,1.00,,photo
base_pair_62d333ada360_00004_inside.npz,base,62d333ad0d6f550007e744b6,orto_basemap,inside,,279.0,2.53,261.79,0.786,1068,1.0,0.9998,field,разметка подтверждена,2242950,g0345,1,,c0027,heldout,registered,1.340,1.00,,photo
base_pair_62d333ada360_00005_inside.npz,base,62d333ad0d6f550007e744b6,orto_basemap,inside,,179.2,0.97,224.23,0.505,768,1.0,0.9999,field,разметка подтверждена,1944212,g0345,1,,c0027,heldout,registered,1.340,1.00,,photo
base_pair_62d333ada360_00007_inside.npz,base,62d333ad0d6f550007e744b6,orto_basemap,inside,,183.6,3.62,297.53,0.517,912,1.0,0.9994,field,разметка подтверждена,1709745,g0345,1,,c0027,heldout,registered,1.340,1.00,,photo
base_pair_62d333ada360_00008_partial.npz,base,62d333ad0d6f550007e744b6,orto_basemap,partial,,281.4,1.39,164.97,0.792,878,0.7799,0.7842,field,разметка подтверждена,1958463,g0345,1,,c0027,heldout,registered,1.340,1.00,,photo
base_pair_62d333ada360_00009_inside.npz,base,62d333ad0d6f550007e744b6,orto_basemap,inside,,247.8,7.42,101.61,0.698,856,1.0,0.9999,field,разметка подтверждена,1698775,g0345,1,,c0027,heldout,registered,1.340,1.00,,photo
base_pair_62d333ada360_00010_inside.npz,base,62d333ad0d6f550007e744b6,orto_basemap,inside,,196.5,6.85,202.76,0.553,768,1.0,0.9999,field,разметка подтверждена,1643781,g0345,1,,c0027,heldout,registered,1.340,1.00,,photo
base_pair_62d333ada360_00011_inside.npz,base,62d333ad0d6f550007e744b6,orto_basemap,inside,,226.7,7.7,212.38,0.638,1229,1.0,0.9997,field,разметка подтверждена,2375420,g0345,1,,c0027,heldout,registered,1.340,1.00,,photo
base_pair_65e7833d23aa_00000_partial.npz,base,65e7833deda08f0001ffcef1,orto_basemap,partial,,190.7,3.5,297.72,0.438,768,0.8551,0.8664,field,разметка подтверждена,1464149,g0417,1,,c0052,train,registered,0.960,1.00,,photo
base_pair_65e7833d23aa_00001_inside.npz,base,65e7833deda08f0001ffcef1,orto_basemap,inside,,249.3,0.58,351.24,0.572,980,1.0,1.0,field,разметка подтверждена,2252694,g0417,1,,c0052,train,registered,0.960,1.00,,photo
base_pair_65e7833d23aa_00002_inside.npz,base,65e7833deda08f0001ffcef1,orto_basemap,inside,,287.1,8.78,82.05,0.659,795,1.0,0.9999,field,разметка подтверждена,1920022,g0417,1,,c0052,train,registered,0.960,1.00,,photo
base_pair_65e7833d23aa_00003_inside.npz,base,65e7833deda08f0001ffcef1,orto_basemap,inside,,279.0,2.53,261.79,0.64,870,1.0,1.0,field,разметка подтверждена,1970342,g0417,1,,c0052,train,registered,0.960,1.00,,photo
base_pair_65e7833d23aa_00004_inside.npz,base,65e7833deda08f0001ffcef1,orto_basemap,inside,,179.2,0.97,224.23,0.411,768,1.0,1.0,field,разметка подтверждена,1672667,g0417,1,,c0052,train,registered,0.960,1.00,,photo
base_pair_65e7833d23aa_00006_inside.npz,base,65e7833deda08f0001ffcef1,orto_basemap,inside,,183.6,3.62,297.53,0.421,768,1.0,0.9973,field,разметка подтверждена,1482725,g0417,1,,c0052,train,registered,0.960,1.00,,photo
base_pair_65e7833d23aa_00007_partial.npz,base,65e7833deda08f0001ffcef1,orto_basemap,partial,,281.4,1.39,164.97,0.645,768,0.8015,0.8069,field,разметка подтверждена,1971645,g0417,1,,c0052,train,registered,0.960,1.00,,photo
base_pair_65e7833d23aa_00008_inside.npz,base,65e7833deda08f0001ffcef1,orto_basemap,inside,,247.8,7.42,101.61,0.568,768,1.0,0.9999,field,разметка подтверждена,1615725,g0417,1,,c0052,train,registered,0.960,1.00,,photo
base_pair_65e7833d23aa_00009_inside.npz,base,65e7833deda08f0001ffcef1,orto_basemap,inside,,196.5,6.85,202.76,0.451,768,1.0,1.0,field,разметка подтверждена,1625579,g0417,1,,c0052,train,registered,0.960,1.00,,photo
base_pair_65e7833d23aa_00010_inside.npz,base,65e7833deda08f0001ffcef1,orto_basemap,inside,,226.7,7.7,212.38,0.52,1001,1.0,1.0,field,разметка подтверждена,2033365,g0417,1,,c0052,train,registered,0.960,1.00,,photo
base_pair_65e7833d23aa_00011_partial.npz,base,65e7833deda08f0001ffcef1,orto_basemap,partial,,211.8,0.37,51.99,0.486,805,0.7078,0.7099,field,разметка подтверждена,1576951,g0417,1,,c0052,train,registered,0.960,1.00,,photo
base_pair_63a987ce5984_00000_partial.npz,base,63a987ce3fb8c100063c551c,orto_basemap,partial,,190.7,3.5,297.72,1.061,852,0.6739,0.6873,field,разметка подтверждена,1817240,g0366,1,,c0003,val,registered,9.620,1.00,,photo
base_pair_63a987ce5984_00001_inside.npz,base,63a987ce3fb8c100063c551c,orto_basemap,inside,,249.3,0.58,351.24,0.905,1552,1.0,0.9985,field,разметка подтверждена,2950282,g0366,1,,c0003,val,registered,9.620,1.00,,photo
base_pair_63a987ce5984_00002_inside.npz,base,63a987ce3fb8c100063c551c,orto_basemap,inside,,287.1,8.78,82.05,1.126,1360,1.0,0.9971,field,разметка подтверждена,2445845,g0366,1,,c0003,val,registered,9.620,1.00,,photo
base_pair_63a987ce5984_00003_partial.npz,base,63a987ce3fb8c100063c551c,orto_basemap,partial,,216.0,7.65,90.1,1.045,1202,0.7879,0.7474,field,разметка подтверждена,2390302,g0366,1,,c0003,val,registered,9.620,1.00,,photo
base_pair_6190d1f326aa_00000_partial.npz,base,6190d1f3502455000734583b,orto_basemap,partial,,190.7,3.5,297.72,1.061,852,0.6739,0.6754,field,разметка подтверждена,1733281,g0321,1,,c0004,val,registered,3.170,1.00,,photo
base_pair_6190d1f326aa_00001_inside.npz,base,6190d1f3502455000734583b,orto_basemap,inside,,249.3,0.58,351.24,0.905,1552,1.0,0.9796,field,разметка подтверждена,2914388,g0321,1,,c0004,val,registered,3.170,1.00,,photo
base_pair_6190d1f326aa_00002_inside.npz,base,6190d1f3502455000734583b,orto_basemap,inside,,287.1,8.78,82.05,1.126,1360,1.0,0.9972,field,разметка подтверждена,2387701,g0321,1,,c0004,val,registered,3.170,1.00,,photo
base_pair_6190d1f326aa_00003_partial.npz,base,6190d1f3502455000734583b,orto_basemap,partial,,216.0,7.65,90.1,1.045,1202,0.7879,0.7503,field,разметка подтверждена,2299898,g0321,1,,c0004,val,registered,3.170,1.00,,photo
base_pair_6190deab6795_00000_partial.npz,base,6190deab502455000734584c,orto_basemap,partial,,190.7,3.5,297.72,1.061,852,0.6739,0.6858,field,разметка подтверждена,1844938,g0326,1,,c0004,val,registered,2.250,1.00,,photo
base_pair_6190deab6795_00001_inside.npz,base,6190deab502455000734584c,orto_basemap,inside,,249.3,0.58,351.24,0.905,1552,1.0,0.9995,field,разметка подтверждена,3180213,g0326,1,,c0004,val,registered,2.250,1.00,,photo
base_pair_6190deab6795_00002_inside.npz,base,6190deab502455000734584c,orto_basemap,inside,,287.1,8.78,82.05,1.126,1360,1.0,0.9972,field,разметка подтверждена,2628270,g0326,1,,c0004,val,registered,2.250,1.00,,photo
base_pair_6190deab6795_00003_partial.npz,base,6190deab502455000734584c,orto_basemap,partial,,216.0,7.65,90.1,1.045,1202,0.7879,0.7515,field,разметка подтверждена,2442614,g0326,1,,c0004,val,registered,2.250,1.00,,photo
base_pair_6190deab6795_00004_inside.npz,base,6190deab502455000734584c,orto_basemap,inside,,279.0,2.53,261.79,0.887,1206,1.0,0.9982,field,разметка подтверждена,2567034,g0326,1,,c0004,val,registered,2.250,1.00,,photo
base_pair_6190deab6795_00005_inside.npz,base,6190deab502455000734584c,orto_basemap,inside,,179.2,0.97,224.23,1.005,1234,1.0,0.9973,field,разметка подтверждена,2444416,g0326,1,,c0004,val,registered,2.250,1.00,,photo
base_pair_6190deab6795_00007_inside.npz,base,6190deab502455000734584c,orto_basemap,inside,,183.6,3.62,297.53,0.926,1634,1.0,0.9977,field,разметка подтверждена,2640727,g0326,1,,c0004,val,registered,2.250,1.00,,photo
base_pair_66c4e5c07781_00000_partial.npz,base,66c4e5c00378ba0001bb5e0b,orto_basemap,partial,,190.7,3.5,297.72,1.061,852,0.6739,0.6758,field,разметка подтверждена,1833471,g0448,1,,c0204,heldout,registered,2.750,1.00,,photo
base_pair_66c4e5c07781_00001_inside.npz,base,66c4e5c00378ba0001bb5e0b,orto_basemap,inside,,249.3,0.58,351.24,0.905,1552,1.0,0.9999,field,разметка подтверждена,2984175,g0448,1,,c0204,heldout,registered,2.750,1.00,,photo
base_pair_66c4e5c07781_00002_inside.npz,base,66c4e5c00378ba0001bb5e0b,orto_basemap,inside,,287.1,8.78,82.05,1.126,1360,1.0,1.0,field,разметка подтверждена,2506268,g0448,1,,c0204,heldout,registered,2.750,1.00,,photo
base_pair_66c4e5c07781_00003_partial.npz,base,66c4e5c00378ba0001bb5e0b,orto_basemap,partial,,216.0,7.65,90.1,1.045,1202,0.7879,0.7521,field,разметка подтверждена,2409340,g0448,1,,c0204,heldout,registered,2.750,1.00,,photo
base_pair_66c4e5c07781_00004_inside.npz,base,66c4e5c00378ba0001bb5e0b,orto_basemap,inside,,279.0,2.53,261.79,0.887,1206,1.0,1.0,field,разметка подтверждена,2441303,g0448,1,,c0204,heldout,registered,2.750,1.00,,photo
base_pair_66c4e5c07781_00005_inside.npz,base,66c4e5c00378ba0001bb5e0b,orto_basemap,inside,,179.2,0.97,224.23,1.044,1282,1.0,1.0,field,разметка подтверждена,2364310,g0448,1,,c0204,heldout,registered,2.750,1.00,,photo
base_pair_63aac314b02d_00000_partial.npz,base,63aac3143fb8c100063c5531,orto_basemap,partial,,190.7,3.5,297.72,1.061,852,0.6739,0.687,field,разметка подтверждена,1821042,g0369,1,,c0003,val,registered,4.600,1.00,,photo
base_pair_63aac314b02d_00001_inside.npz,base,63aac3143fb8c100063c5531,orto_basemap,inside,,249.3,0.58,351.24,0.905,1552,1.0,0.9992,field,разметка подтверждена,2956596,g0369,1,,c0003,val,registered,4.600,1.00,,photo
base_pair_63aac314b02d_00002_inside.npz,base,63aac3143fb8c100063c5531,orto_basemap,inside,,287.1,8.78,82.05,1.126,1360,1.0,0.9991,field,разметка подтверждена,2491791,g0369,1,,c0003,val,registered,4.600,1.00,,photo
base_pair_63aac314b02d_00003_partial.npz,base,63aac3143fb8c100063c5531,orto_basemap,partial,,216.0,7.65,90.1,1.045,1202,0.7879,0.7518,field,разметка подтверждена,2415125,g0369,1,,c0003,val,registered,4.600,1.00,,photo
base_pair_63aac314b02d_00004_inside.npz,base,63aac3143fb8c100063c5531,orto_basemap,inside,,279.0,2.53,261.79,0.887,1206,1.0,0.9993,field,разметка подтверждена,2428249,g0369,1,,c0003,val,registered,4.600,1.00,,photo
base_pair_63aac314b02d_00005_inside.npz,base,63aac3143fb8c100063c5531,orto_basemap,inside,,179.2,0.97,224.23,1.076,1322,1.0,0.997,field,разметка подтверждена,2311322,g0369,1,,c0003,val,registered,4.600,1.00,,photo
base_pair_62273be9bb86_00000_partial.npz,base,62273be91ea0da00077c0c85,orto_basemap,partial,,190.7,3.5,297.72,0.537,768,0.799,0.8078,field,разметка подтверждена,1625363,g0331,1,,c0027,heldout,registered,3.590,1.00,,photo
base_pair_62273be9bb86_00001_inside.npz,base,62273be91ea0da00077c0c85,orto_basemap,inside,,249.3,0.58,351.24,0.702,1204,1.0,0.9982,field,разметка подтверждена,2496320,g0331,1,,c0027,heldout,registered,3.590,1.00,,photo
base_pair_62273be9bb86_00002_inside.npz,base,62273be91ea0da00077c0c85,orto_basemap,inside,,287.1,8.78,82.05,0.809,976,1.0,0.9994,field,разметка подтверждена,2089623,g0331,1,,c0027,heldout,registered,3.590,1.00,,photo
base_pair_62273be9bb86_00003_partial.npz,base,62273be91ea0da00077c0c85,orto_basemap,partial,,216.0,7.65,90.1,0.608,768,0.8327,0.801,field,разметка подтверждена,2007765,g0331,1,,c0027,heldout,registered,3.590,1.00,,photo
base_pair_62273be9bb86_00004_inside.npz,base,62273be91ea0da00077c0c85,orto_basemap,inside,,279.0,2.53,261.79,0.786,1069,1.0,0.9984,field,разметка подтверждена,2176831,g0331,1,,c0027,heldout,registered,3.590,1.00,,photo
base_pair_62273be9bb86_00005_inside.npz,base,62273be91ea0da00077c0c85,orto_basemap,inside,,179.2,0.97,224.23,0.505,768,1.0,0.9999,field,разметка подтверждена,1894154,g0331,1,,c0027,heldout,registered,3.590,1.00,,photo
base_pair_62273be9bb86_00007_inside.npz,base,62273be91ea0da00077c0c85,orto_basemap,inside,,183.6,3.62,297.53,0.517,912,1.0,1.0,field,разметка подтверждена,1612193,g0331,1,,c0027,heldout,registered,3.590,1.00,,photo
base_pair_67a7b1ed4ea0_00000_partial.npz,base,67a7b1ed3109fff30a59c383,orto_basemap,partial,,190.7,3.5,297.72,0.519,768,0.808,0.8213,field,разметка подтверждена,1606490,g0477,1,,c0228,val,registered,1.020,1.00,,photo
base_pair_67a7b1ed4ea0_00001_inside.npz,base,67a7b1ed3109fff30a59c383,orto_basemap,inside,,249.3,0.58,351.24,0.679,1164,1.0,1.0,field,разметка подтверждена,2404450,g0477,1,,c0228,val,registered,1.020,1.00,,photo
base_pair_67a7b1ed4ea0_00002_inside.npz,base,67a7b1ed3109fff30a59c383,orto_basemap,inside,,287.1,8.78,82.05,0.782,944,1.0,0.9996,field,разметка подтверждена,1992433,g0477,1,,c0228,val,registered,1.020,1.00,,photo
base_pair_67a7b1ed4ea0_00003_partial.npz,base,67a7b1ed3109fff30a59c383,orto_basemap,partial,,216.0,7.65,90.1,0.588,768,0.8499,0.7974,field,разметка подтверждена,1842970,g0477,1,,c0228,val,registered,1.020,1.00,,photo
base_pair_67efeb6ea629_00000_partial.npz,base,67efeb6eca6f76f97a4bce2a,orto_basemap,partial,,190.7,3.5,297.72,0.907,768,0.7171,0.7271,field,разметка подтверждена,1938526,g0011,2,modality,c0019,train,registered,4.020,0.00,relief_xmodal,relief
base_pair_67efeb6ea629_00001_inside.npz,base,67efeb6eca6f76f97a4bce2a,orto_basemap,inside,,249.3,0.58,351.24,0.905,1552,1.0,0.9966,field,разметка подтверждена,3538285,g0011,2,modality,c0019,train,registered,4.020,0.00,relief_xmodal,relief
base_pair_67efeb6ea629_00002_inside.npz,base,67efeb6eca6f76f97a4bce2a,orto_basemap,inside,,287.1,8.78,82.05,1.126,1360,1.0,0.9926,field,разметка подтверждена,2964627,g0011,2,modality,c0019,train,registered,4.020,0.00,relief_xmodal,relief
base_pair_67efeb6ea629_00003_partial.npz,base,67efeb6eca6f76f97a4bce2a,orto_basemap,partial,,216.0,7.65,90.1,1.027,1181,0.7879,0.7117,field,разметка подтверждена,2452835,g0011,2,modality,c0019,train,registered,4.020,0.00,relief_xmodal,relief
base_pair_65ca69ee0c13_00000_partial.npz,base,65ca69ee8931500001717e75,orto_basemap,partial,,190.7,3.5,297.72,0.492,768,0.8227,0.8324,field,разметка подтверждена,1663911,g0411,1,,c0182,train,registered,3.620,1.00,,photo
base_pair_65ca69ee0c13_00001_inside.npz,base,65ca69ee8931500001717e75,orto_basemap,inside,,249.3,0.58,351.24,0.643,1102,1.0,0.9961,field,разметка подтверждена,2498361,g0411,1,,c0182,train,registered,3.620,1.00,,photo
base_pair_5e28a051b545_00000_partial.npz,base,5e28a0512329e800051134a4,orto_basemap,partial,,190.7,3.5,297.72,0.476,768,0.8316,0.8431,field,разметка подтверждена,1626965,g0135,1,,c0105,val,registered,7.580,1.00,,photo
base_pair_5e28a051b545_00001_inside.npz,base,5e28a0512329e800051134a4,orto_basemap,inside,,249.3,0.58,351.24,0.622,1067,1.0,0.9946,field,разметка подтверждена,2481359,g0135,1,,c0105,val,registered,7.580,1.00,,photo
base_pair_5e28a051b545_00002_inside.npz,base,5e28a0512329e800051134a4,orto_basemap,inside,,287.1,8.78,82.05,0.717,866,1.0,0.9956,field,разметка подтверждена,2095044,g0135,1,,c0105,val,registered,7.580,1.00,,photo
base_pair_5e28a051b545_00003_partial.npz,base,5e28a0512329e800051134a4,orto_basemap,partial,,216.0,7.65,90.1,0.539,768,0.6151,0.5695,field,разметка подтверждена,1576359,g0135,1,,c0105,val,registered,7.580,1.00,,photo
base_pair_63ef7deec725_00000_partial.npz,base,63ef7dee525f0700077ed4b0,orto_basemap,partial,,190.7,3.5,297.72,0.546,768,0.7946,0.8053,field,разметка подтверждена,1670719,g0372,1,,c0160,heldout,registered,1.920,1.00,,photo
base_pair_63ef7deec725_00001_inside.npz,base,63ef7dee525f0700077ed4b0,orto_basemap,inside,,249.3,0.58,351.24,0.714,1224,1.0,0.9983,field,разметка подтверждена,2539027,g0372,1,,c0160,heldout,registered,1.920,1.00,,photo
base_pair_63ef7deec725_00002_inside.npz,base,63ef7dee525f0700077ed4b0,orto_basemap,inside,,287.1,8.78,82.05,0.822,992,1.0,0.9963,field,разметка подтверждена,2138913,g0372,1,,c0160,heldout,registered,1.920,1.00,,photo
base_pair_63ef7deec725_00003_partial.npz,base,63ef7dee525f0700077ed4b0,orto_basemap,partial,,216.0,7.65,90.1,0.618,768,0.8245,0.7884,field,разметка подтверждена,1994806,g0372,1,,c0160,heldout,registered,1.920,1.00,,photo
base_pair_6325df675a69_00000_partial.npz,base,6325df679ee90900078a7118,orto_basemap,partial,,190.7,3.5,297.72,0.907,768,0.7171,0.7285,field,разметка подтверждена,1838475,g0006,2,modality,c0031,train,registered,3.340,0.00,relief_xmodal,relief
base_pair_6325df675a69_00001_inside.npz,base,6325df679ee90900078a7118,orto_basemap,inside,,249.3,0.58,351.24,0.905,1552,1.0,0.9973,field,разметка подтверждена,3225604,g0006,2,modality,c0031,train,registered,3.340,0.00,relief_xmodal,relief
base_pair_6325df675a69_00002_inside.npz,base,6325df679ee90900078a7118,orto_basemap,inside,,287.1,8.78,82.05,1.126,1360,1.0,0.9981,field,разметка подтверждена,2707617,g0006,2,modality,c0031,train,registered,3.340,0.00,relief_xmodal,relief
base_pair_6325df675a69_00003_partial.npz,base,6325df679ee90900078a7118,orto_basemap,partial,,216.0,7.65,90.1,1.027,1181,0.7879,0.7508,field,разметка подтверждена,2344883,g0006,2,modality,c0031,train,registered,3.340,0.00,relief_xmodal,relief
base_pair_617e9bb85edc_00000_partial.npz,base,617e9bb88ebcb9000515c518,orto_basemap,partial,,190.7,3.5,297.72,1.061,852,0.6739,0.6871,field,разметка подтверждена,1882810,g0318,1,,c0004,val,registered,2.290,1.00,,photo
base_pair_617e9bb85edc_00001_inside.npz,base,617e9bb88ebcb9000515c518,orto_basemap,inside,,249.3,0.58,351.24,0.905,1552,1.0,0.9981,field,разметка подтверждена,3217452,g0318,1,,c0004,val,registered,2.290,1.00,,photo
base_pair_617e9bb85edc_00002_inside.npz,base,617e9bb88ebcb9000515c518,orto_basemap,inside,,287.1,8.78,82.05,1.126,1360,1.0,0.9988,field,разметка подтверждена,2669183,g0318,1,,c0004,val,registered,2.290,1.00,,photo
base_pair_617e9bb85edc_00003_partial.npz,base,617e9bb88ebcb9000515c518,orto_basemap,partial,,216.0,7.65,90.1,1.045,1202,0.7879,0.7415,field,разметка подтверждена,2408741,g0318,1,,c0004,val,registered,2.290,1.00,,photo
base_pair_5ea9d5174f18_00000_partial.npz,base,5ea9d5173295f300072a6d26,orto_basemap,partial,,190.7,3.5,297.72,0.619,768,0.762,0.7765,field,разметка подтверждена,1637738,g0161,1,,c0007,val,registered,2.800,1.00,,photo
base_pair_5ea9d5174f18_00001_inside.npz,base,5ea9d5173295f300072a6d26,orto_basemap,inside,,249.3,0.58,351.24,0.808,1386,1.0,0.979,field,разметка подтверждена,2634063,g0161,1,,c0007,val,registered,2.800,1.00,,photo
base_pair_65a8e371cfd0_00000_partial.npz,base,65a8e37171b11e0001cea7f4,orto_basemap,partial,,190.7,3.5,297.72,1.061,852,0.6739,0.6857,field,разметка подтверждена,1953698,g0407,1,,c0049,heldout,registered,0.960,1.00,,photo
base_pair_65a8e371cfd0_00001_inside.npz,base,65a8e37171b11e0001cea7f4,orto_basemap,inside,,249.3,0.58,351.24,0.905,1552,1.0,0.9989,field,разметка подтверждена,3213550,g0407,1,,c0049,heldout,registered,0.960,1.00,,photo
base_pair_5eb5cf689397_00000_partial.npz,base,5eb5cf68ba92740006ad67ae,orto_basemap,partial,,190.7,3.5,297.72,0.618,768,0.7621,0.7764,field,разметка подтверждена,1591989,g0164,1,,c0007,val,registered,4.280,1.00,,photo
base_pair_5eb5cf689397_00001_inside.npz,base,5eb5cf68ba92740006ad67ae,orto_basemap,inside,,249.3,0.58,351.24,0.808,1386,1.0,1.0,field,разметка подтверждена,2599555,g0164,1,,c0007,val,registered,4.280,1.00,,photo
base_pair_5de444f1e641_00000_inside.npz,base,5de444f1a9ab930007f2bca5,orto_basemap,inside,,249.3,0.58,351.24,0.905,1552,1.0,0.9433,field,разметка подтверждена,3049698,g0124,1,,c0098,train,registered,5.110,1.00,,photo
base_pair_5de444f1e641_00001_partial.npz,base,5de444f1a9ab930007f2bca5,orto_basemap,partial,,216.0,7.65,90.1,1.045,1202,0.7879,0.7287,field,разметка подтверждена,2227422,g0124,1,,c0098,train,registered,5.110,1.00,,photo
base_pair_6255f922dac3_00000_partial.npz,base,6255f9225c48220007e7c9a8,orto_basemap,partial,,190.7,3.5,297.72,0.549,768,0.7931,0.8069,field,разметка подтверждена,1768115,g0337,1,,c0047,heldout,registered,0.950,1.00,,photo
base_pair_6255f922dac3_00001_inside.npz,base,6255f9225c48220007e7c9a8,orto_basemap,inside,,249.3,0.58,351.24,0.718,1231,1.0,0.9999,field,разметка подтверждена,2773153,g0337,1,,c0047,heldout,registered,0.950,1.00,,photo
base_pair_6255f922dac3_00002_inside.npz,base,6255f9225c48220007e7c9a8,orto_basemap,inside,,287.1,8.78,82.05,0.827,998,1.0,0.9996,field,разметка подтверждена,2276642,g0337,1,,c0047,heldout,registered,0.950,1.00,,photo
base_pair_6255f922dac3_00003_partial.npz,base,6255f9225c48220007e7c9a8,orto_basemap,partial,,216.0,7.65,90.1,0.622,768,0.8215,0.7896,field,разметка подтверждена,2049997,g0337,1,,c0047,heldout,registered,0.950,1.00,,photo
base_pair_6255f922dac3_00004_inside.npz,base,6255f9225c48220007e7c9a8,orto_basemap,inside,,279.0,2.53,261.79,0.804,1093,1.0,0.9999,field,разметка подтверждена,2354865,g0337,1,,c0047,heldout,registered,0.950,1.00,,photo
base_pair_6255f922dac3_00005_inside.npz,base,6255f9225c48220007e7c9a8,orto_basemap,inside,,179.2,0.97,224.23,0.516,768,1.0,0.9997,field,разметка подтверждена,1956965,g0337,1,,c0047,heldout,registered,0.950,1.00,,photo
base_pair_6255f922dac3_00007_inside.npz,base,6255f9225c48220007e7c9a8,orto_basemap,inside,,183.6,3.62,297.53,0.529,933,1.0,0.9999,field,разметка подтверждена,1882371,g0337,1,,c0047,heldout,registered,0.950,1.00,,photo
base_pair_6255f922dac3_00008_partial.npz,base,6255f9225c48220007e7c9a8,orto_basemap,partial,,281.4,1.39,164.97,0.81,898,0.78,0.7879,field,разметка подтверждена,1886856,g0337,1,,c0047,heldout,registered,0.950,1.00,,photo
base_pair_6255f922dac3_00009_inside.npz,base,6255f9225c48220007e7c9a8,orto_basemap,inside,,247.8,7.42,101.61,0.714,876,1.0,0.9984,field,разметка подтверждена,1712236,g0337,1,,c0047,heldout,registered,0.950,1.00,,photo
base_pair_6255f922dac3_00010_inside.npz,base,6255f9225c48220007e7c9a8,orto_basemap,inside,,196.5,6.85,202.76,0.566,768,1.0,1.0,field,разметка подтверждена,1715752,g0337,1,,c0047,heldout,registered,0.950,1.00,,photo
base_pair_6255f922dac3_00011_inside.npz,base,6255f9225c48220007e7c9a8,orto_basemap,inside,,226.7,7.7,212.38,0.653,1257,1.0,0.9855,field,разметка подтверждена,2470097,g0337,1,,c0047,heldout,registered,0.950,1.00,,photo
base_pair_62542574846a_00000_partial.npz,base,62542574fe1b5d0006ae8d25,orto_basemap,partial,,190.7,3.5,297.72,0.549,768,0.7931,0.807,field,разметка подтверждена,1633395,g0336,1,,c0047,heldout,registered,1.330,1.00,,photo
base_pair_62542574846a_00001_inside.npz,base,62542574fe1b5d0006ae8d25,orto_basemap,inside,,249.3,0.58,351.24,0.718,1231,1.0,1.0,field,разметка подтверждена,2594304,g0336,1,,c0047,heldout,registered,1.330,1.00,,photo
base_pair_62542574846a_00002_inside.npz,base,62542574fe1b5d0006ae8d25,orto_basemap,inside,,287.1,8.78,82.05,0.827,998,1.0,1.0,field,разметка подтверждена,2223756,g0336,1,,c0047,heldout,registered,1.330,1.00,,photo
base_pair_62542574846a_00003_partial.npz,base,62542574fe1b5d0006ae8d25,orto_basemap,partial,,216.0,7.65,90.1,0.622,768,0.8215,0.7898,field,разметка подтверждена,2029048,g0336,1,,c0047,heldout,registered,1.330,1.00,,photo
base_pair_62542574846a_00004_inside.npz,base,62542574fe1b5d0006ae8d25,orto_basemap,inside,,279.0,2.53,261.79,0.804,1093,1.0,0.9972,field,разметка подтверждена,2200155,g0336,1,,c0047,heldout,registered,1.330,1.00,,photo
base_pair_62542574846a_00005_inside.npz,base,62542574fe1b5d0006ae8d25,orto_basemap,inside,,179.2,0.97,224.23,0.516,768,1.0,0.985,field,разметка подтверждена,1821801,g0336,1,,c0047,heldout,registered,1.330,1.00,,photo
base_pair_62542574846a_00007_inside.npz,base,62542574fe1b5d0006ae8d25,orto_basemap,inside,,183.6,3.62,297.53,0.529,932,1.0,1.0,field,разметка подтверждена,1763775,g0336,1,,c0047,heldout,registered,1.330,1.00,,photo
base_pair_62542574846a_00008_partial.npz,base,62542574fe1b5d0006ae8d25,orto_basemap,partial,,281.4,1.39,164.97,0.81,898,0.78,0.7878,cell_refine,разметка подтверждена,1910469,g0336,1,,c0047,heldout,registered,1.330,1.00,,photo
base_pair_62542574846a_00009_inside.npz,base,62542574fe1b5d0006ae8d25,orto_basemap,inside,,247.8,7.42,101.61,0.714,876,1.0,1.0,cell_refine,разметка подтверждена,1653287,g0336,1,,c0047,heldout,registered,1.330,1.00,,photo
base_pair_62542574846a_00010_inside.npz,base,62542574fe1b5d0006ae8d25,orto_basemap,inside,,196.5,6.85,202.76,0.566,768,1.0,0.9991,field,разметка подтверждена,1593888,g0336,1,,c0047,heldout,registered,1.330,1.00,,photo
base_pair_62542574846a_00011_inside.npz,base,62542574fe1b5d0006ae8d25,orto_basemap,inside,,226.7,7.7,212.38,0.653,1257,1.0,0.9527,field,разметка подтверждена,2341163,g0336,1,,c0047,heldout,registered,1.330,1.00,,photo
base_pair_663418f35ff8_00000_partial.npz,base,663418f36049ef00013b8277,orto_basemap,partial,,190.7,3.5,297.72,1.0,803,0.6733,0.6799,field,разметка подтверждена,1682923,g0433,1,,c0194,heldout,registered,1.230,1.00,,photo
base_pair_663418f35ff8_00001_inside.npz,base,663418f36049ef00013b8277,orto_basemap,inside,,249.3,0.58,351.24,0.905,1552,1.0,0.9926,field,разметка подтверждена,2773452,g0433,1,,c0194,heldout,registered,1.230,1.00,,photo
base_pair_663418f35ff8_00002_inside.npz,base,663418f36049ef00013b8277,orto_basemap,inside,,287.1,8.78,82.05,1.126,1360,1.0,0.9786,field,разметка подтверждена,2390169,g0433,1,,c0194,heldout,registered,1.230,1.00,,photo
base_pair_663418f35ff8_00003_partial.npz,base,663418f36049ef00013b8277,orto_basemap,partial,,216.0,7.65,90.1,1.045,1202,0.7879,0.7504,field,разметка подтверждена,2163250,g0433,1,,c0194,heldout,registered,1.230,1.00,,photo
base_pair_663418f35ff8_00004_inside.npz,base,663418f36049ef00013b8277,orto_basemap,inside,,279.0,2.53,261.79,0.887,1206,1.0,0.9945,field,разметка подтверждена,2167750,g0433,1,,c0194,heldout,registered,1.230,1.00,,photo
base_pair_663418f35ff8_00005_inside.npz,base,663418f36049ef00013b8277,orto_basemap,inside,,179.2,0.97,224.23,0.94,1155,1.0,0.9998,field,разметка подтверждена,1892494,g0433,1,,c0194,heldout,registered,1.230,1.00,,photo
base_pair_663418f35ff8_00007_inside.npz,base,663418f36049ef00013b8277,orto_basemap,inside,,183.6,3.62,297.53,0.926,1634,1.0,0.9884,field,разметка подтверждена,1962833,g0433,1,,c0194,heldout,registered,1.230,1.00,,photo
base_pair_663418f35ff8_00008_partial.npz,base,663418f36049ef00013b8277,orto_basemap,partial,,281.4,1.39,164.97,1.077,1194,0.7802,0.769,field,разметка подтверждена,2107288,g0433,1,,c0194,heldout,registered,1.230,1.00,,photo
base_pair_663418f35ff8_00009_inside.npz,base,663418f36049ef00013b8277,orto_basemap,inside,,247.8,7.42,101.61,0.974,1195,1.0,0.9804,field,разметка подтверждена,1945730,g0433,1,,c0194,heldout,registered,1.230,1.00,,photo
base_pair_663418f35ff8_00010_inside.npz,base,663418f36049ef00013b8277,orto_basemap,inside,,196.5,6.85,202.76,1.031,1316,1.0,0.9998,field,разметка подтверждена,1849361,g0433,1,,c0194,heldout,registered,1.230,1.00,,photo
base_pair_663418f35ff8_00011_inside.npz,base,663418f36049ef00013b8277,orto_basemap,inside,,226.7,7.7,212.38,0.966,1860,1.0,0.9991,field,разметка подтверждена,2500752,g0433,1,,c0194,heldout,registered,1.230,1.00,,photo
base_pair_688a787d6636_00000_partial.npz,base,688a787d7249587b12b3bd90,orto_basemap,partial,,190.7,3.5,297.72,1.044,838,0.6735,0.6877,field,разметка подтверждена,1823377,g0490,1,,c0237,train,registered,7.090,1.00,,photo
base_pair_688a787d6636_00001_inside.npz,base,688a787d7249587b12b3bd90,orto_basemap,inside,,249.3,0.58,351.24,0.905,1552,1.0,1.0,field,разметка подтверждена,2734682,g0490,1,,c0237,train,registered,7.090,1.00,,photo
base_pair_688a787d6636_00002_inside.npz,base,688a787d7249587b12b3bd90,orto_basemap,inside,,287.1,8.78,82.05,1.126,1360,1.0,0.9988,global,разметка подтверждена,2499665,g0490,1,,c0237,train,approx,8.000,0.30,,photo
base_pair_688a787d6636_00003_partial.npz,base,688a787d7249587b12b3bd90,orto_basemap,partial,,216.0,7.65,90.1,1.045,1202,0.7879,0.7523,global,разметка подтверждена,2205592,g0490,1,,c0237,train,approx,8.000,0.30,,photo
base_pair_688a787d6636_00004_inside.npz,base,688a787d7249587b12b3bd90,orto_basemap,inside,,279.0,2.53,261.79,0.887,1206,1.0,1.0,field,разметка подтверждена,2245469,g0490,1,,c0237,train,registered,7.090,1.00,,photo
base_pair_688a787d6636_00005_inside.npz,base,688a787d7249587b12b3bd90,orto_basemap,inside,,179.2,0.97,224.23,0.981,1205,1.0,1.0,field,разметка подтверждена,2162105,g0490,1,,c0237,train,registered,7.090,1.00,,photo
base_pair_688a787d6636_00007_inside.npz,base,688a787d7249587b12b3bd90,orto_basemap,inside,,183.6,3.62,297.53,0.926,1634,1.0,1.0,field,разметка подтверждена,2157027,g0490,1,,c0237,train,registered,7.090,1.00,,photo
base_pair_688a787d6636_00008_partial.npz,base,688a787d7249587b12b3bd90,orto_basemap,partial,,281.4,1.39,164.97,1.077,1194,0.7802,0.7882,field,разметка подтверждена,2065520,g0490,1,,c0237,train,registered,7.090,1.00,,photo
base_pair_688a787d6636_00009_inside.npz,base,688a787d7249587b12b3bd90,orto_basemap,inside,,247.8,7.42,101.61,0.974,1195,1.0,1.0,field,разметка подтверждена,2020533,g0490,1,,c0237,train,registered,7.090,1.00,,photo
base_pair_63a5a7dfa969_00000_partial.npz,base,63a5a7dfeb16e8000519a1be,orto_basemap,partial,,190.7,3.5,297.72,0.64,768,0.7508,0.7625,field,разметка подтверждена,1581175,g0357,1,,c0028,train,registered,2.460,1.00,,photo
base_pair_63a5a7dfa969_00001_inside.npz,base,63a5a7dfeb16e8000519a1be,orto_basemap,inside,,249.3,0.58,351.24,0.836,1434,1.0,0.9761,field,разметка подтверждена,2509811,g0357,1,,c0028,train,registered,2.460,1.00,,photo
base_pair_63a5a7dfa969_00002_inside.npz,base,63a5a7dfeb16e8000519a1be,orto_basemap,inside,,287.1,8.78,82.05,0.963,1163,1.0,0.9977,field,разметка подтверждена,2111829,g0357,1,,c0028,train,registered,2.460,1.00,,photo
base_pair_63a5a7dfa969_00003_partial.npz,base,63a5a7dfeb16e8000519a1be,orto_basemap,partial,,216.0,7.65,90.1,0.725,833,0.7872,0.7506,field,разметка подтверждена,1916710,g0357,1,,c0028,train,registered,2.460,1.00,,photo
base_pair_63a5a7dfa969_00004_inside.npz,base,63a5a7dfeb16e8000519a1be,orto_basemap,inside,,279.0,2.53,261.79,0.887,1206,1.0,0.9991,field,разметка подтверждена,2161331,g0357,1,,c0028,train,registered,2.460,1.00,,photo
base_pair_63a5a7dfa969_00005_inside.npz,base,63a5a7dfeb16e8000519a1be,orto_basemap,inside,,179.2,0.97,224.23,0.601,768,1.0,0.9999,field,разметка подтверждена,1732527,g0357,1,,c0028,train,registered,2.460,1.00,,photo
base_pair_63a5a7dfa969_00007_inside.npz,base,63a5a7dfeb16e8000519a1be,orto_basemap,inside,,183.6,3.62,297.53,0.616,1086,1.0,1.0,field,разметка подтверждена,1682647,g0357,1,,c0028,train,registered,2.460,1.00,,photo
base_pair_63a5a7dfa969_00008_partial.npz,base,63a5a7dfeb16e8000519a1be,orto_basemap,partial,,281.4,1.39,164.97,0.944,1046,0.78,0.7879,field,разметка подтверждена,1963535,g0357,1,,c0028,train,registered,2.460,1.00,,photo
base_pair_63a5a7dfa969_00009_inside.npz,base,63a5a7dfeb16e8000519a1be,orto_basemap,inside,,247.8,7.42,101.61,0.831,1020,1.0,0.9977,field,разметка подтверждена,1736189,g0357,1,,c0028,train,registered,2.460,1.00,,photo
base_pair_63a5a7dfa969_00010_inside.npz,base,63a5a7dfeb16e8000519a1be,orto_basemap,inside,,196.5,6.85,202.76,0.659,842,1.0,1.0,field,разметка подтверждена,1694824,g0357,1,,c0028,train,registered,2.460,1.00,,photo
base_pair_63a5a7dfa969_00011_inside.npz,base,63a5a7dfeb16e8000519a1be,orto_basemap,inside,,226.7,7.7,212.38,0.761,1464,1.0,0.999,field,разметка подтверждена,2336008,g0357,1,,c0028,train,registered,2.460,1.00,,photo
base_pair_5ea6e1e94b77_00000_partial.npz,base,5ea6e1e93295f300072a6cfd,orto_basemap,partial,,190.7,3.5,297.72,1.061,852,0.6739,0.6878,global,разметка подтверждена,1723886,g0159,1,,c0003,val,approx,8.000,0.30,,photo
base_pair_5ea6e1e94b77_00001_inside.npz,base,5ea6e1e93295f300072a6cfd,orto_basemap,inside,,249.3,0.58,351.24,0.905,1552,1.0,0.9997,global,разметка подтверждена,2633508,g0159,1,,c0003,val,approx,8.000,0.30,,photo
base_pair_5ea6e1e94b77_00002_inside.npz,base,5ea6e1e93295f300072a6cfd,orto_basemap,inside,,287.1,8.78,82.05,1.126,1360,1.0,0.9999,field,разметка подтверждена,2182818,g0159,1,,c0003,val,registered,4.610,1.00,,photo
base_pair_5ea6e1e94b77_00003_partial.npz,base,5ea6e1e93295f300072a6cfd,orto_basemap,partial,,216.0,7.65,90.1,1.045,1202,0.7879,0.7473,field,разметка подтверждена,2206024,g0159,1,,c0003,val,registered,4.610,1.00,,photo
base_pair_5ea6e1e94b77_00004_inside.npz,base,5ea6e1e93295f300072a6cfd,orto_basemap,inside,,279.0,2.53,261.79,0.887,1206,1.0,0.9988,field,разметка подтверждена,2172474,g0159,1,,c0003,val,registered,4.610,1.00,,photo
base_pair_5ea6e1e94b77_00005_inside.npz,base,5ea6e1e93295f300072a6cfd,orto_basemap,inside,,179.2,0.97,224.23,1.076,1322,1.0,0.9985,field,разметка подтверждена,2108145,g0159,1,,c0003,val,registered,4.610,1.00,,photo
base_pair_5ea6e1e94b77_00007_inside.npz,base,5ea6e1e93295f300072a6cfd,orto_basemap,inside,,183.6,3.62,297.53,0.926,1634,1.0,0.9939,field,разметка подтверждена,2080323,g0159,1,,c0003,val,registered,4.610,1.00,,photo
base_pair_5ea6e1e94b77_00008_partial.npz,base,5ea6e1e93295f300072a6cfd,orto_basemap,partial,,281.4,1.39,164.97,1.077,1194,0.7802,0.7882,field,разметка подтверждена,1986281,g0159,1,,c0003,val,registered,4.610,1.00,,photo
base_pair_5ea6e1e94b77_00009_inside.npz,base,5ea6e1e93295f300072a6cfd,orto_basemap,inside,,247.8,7.42,101.61,0.974,1195,1.0,0.9998,field,разметка подтверждена,1792098,g0159,1,,c0003,val,registered,4.610,1.00,,photo
base_pair_661a447959e7_00000_partial.npz,base,661a44791e47d00001ac0324,orto_basemap,partial,,190.7,3.5,297.72,0.539,768,0.798,0.8118,field,разметка подтверждена,1725793,g0424,1,,c0053,train,registered,1.600,1.00,,photo
base_pair_661a447959e7_00001_inside.npz,base,661a44791e47d00001ac0324,orto_basemap,inside,,249.3,0.58,351.24,0.705,1208,1.0,1.0,field,разметка подтверждена,2600884,g0424,1,,c0053,train,registered,1.600,1.00,,photo
base_pair_661a447959e7_00002_inside.npz,base,661a44791e47d00001ac0324,orto_basemap,inside,,287.1,8.78,82.05,0.812,980,1.0,1.0,field,разметка подтверждена,2181707,g0424,1,,c0053,train,registered,1.600,1.00,,photo
base_pair_661a447959e7_00003_partial.npz,base,661a44791e47d00001ac0324,orto_basemap,partial,,216.0,7.65,90.1,0.611,768,0.8308,0.8002,field,разметка подтверждена,2078398,g0424,1,,c0053,train,registered,1.600,1.00,,photo
base_pair_661a447959e7_00004_inside.npz,base,661a44791e47d00001ac0324,orto_basemap,inside,,279.0,2.53,261.79,0.789,1073,1.0,1.0,field,разметка подтверждена,2234972,g0424,1,,c0053,train,registered,1.600,1.00,,photo
base_pair_661a447959e7_00005_inside.npz,base,661a44791e47d00001ac0324,orto_basemap,inside,,179.2,0.97,224.23,0.507,768,1.0,1.0,field,разметка подтверждена,2026802,g0424,1,,c0053,train,registered,1.600,1.00,,photo
base_pair_661a447959e7_00007_inside.npz,base,661a44791e47d00001ac0324,orto_basemap,inside,,183.6,3.62,297.53,0.519,915,1.0,1.0,field,разметка подтверждена,1809882,g0424,1,,c0053,train,registered,1.600,1.00,,photo
base_pair_661a447959e7_00008_partial.npz,base,661a44791e47d00001ac0324,orto_basemap,partial,,281.4,1.39,164.97,0.795,882,0.7801,0.7881,field,разметка подтверждена,2001894,g0424,1,,c0053,train,registered,1.600,1.00,,photo
base_pair_661a447959e7_00009_inside.npz,base,661a44791e47d00001ac0324,orto_basemap,inside,,247.8,7.42,101.61,0.701,860,1.0,1.0,field,разметка подтверждена,1774150,g0424,1,,c0053,train,registered,1.600,1.00,,photo
base_pair_617e9bb86e4a_00000_partial.npz,base,617e9bb88ebcb9000515c519,orto_basemap,partial,,190.7,3.5,297.72,1.061,852,0.6739,0.6855,field,разметка подтверждена,1861697,g0319,1,,c0004,val,registered,1.700,1.00,,photo
base_pair_617e9bb86e4a_00001_inside.npz,base,617e9bb88ebcb9000515c519,orto_basemap,inside,,249.3,0.58,351.24,0.905,1552,1.0,0.9984,field,разметка подтверждена,3172461,g0319,1,,c0004,val,registered,1.700,1.00,,photo
base_pair_617e9bb86e4a_00002_inside.npz,base,617e9bb88ebcb9000515c519,orto_basemap,inside,,287.1,8.78,82.05,1.126,1360,1.0,0.9984,field,разметка подтверждена,2636513,g0319,1,,c0004,val,registered,1.700,1.00,,photo
base_pair_617e9bb86e4a_00003_partial.npz,base,617e9bb88ebcb9000515c519,orto_basemap,partial,,216.0,7.65,90.1,1.045,1202,0.7879,0.7513,field,разметка подтверждена,2434106,g0319,1,,c0004,val,registered,1.700,1.00,,photo
base_pair_617e9bb86e4a_00004_inside.npz,base,617e9bb88ebcb9000515c519,orto_basemap,inside,,279.0,2.53,261.79,0.887,1206,1.0,0.9992,field,разметка подтверждена,2370358,g0319,1,,c0004,val,registered,1.700,1.00,,photo
base_pair_617e9bb86e4a_00005_inside.npz,base,617e9bb88ebcb9000515c519,orto_basemap,inside,,179.2,0.97,224.23,1.005,1235,1.0,0.9995,field,разметка подтверждена,2200098,g0319,1,,c0004,val,registered,1.700,1.00,,photo
base_pair_617e9bb86e4a_00007_inside.npz,base,617e9bb88ebcb9000515c519,orto_basemap,inside,,183.6,3.62,297.53,0.926,1634,1.0,0.9997,field,разметка подтверждена,2281803,g0319,1,,c0004,val,registered,1.700,1.00,,photo
base_pair_6190deab5703_00000_partial.npz,base,6190deab502455000734584b,orto_basemap,partial,,190.7,3.5,297.72,1.061,852,0.6739,0.6878,field,разметка подтверждена,1829114,g0325,1,,c0004,val,registered,3.750,1.00,,photo
base_pair_6190deab5703_00001_inside.npz,base,6190deab502455000734584b,orto_basemap,inside,,249.3,0.58,351.24,0.905,1552,1.0,0.9997,field,разметка подтверждена,3245213,g0325,1,,c0004,val,registered,3.750,1.00,,photo
base_pair_6190deab5703_00002_inside.npz,base,6190deab502455000734584b,orto_basemap,inside,,287.1,8.78,82.05,1.126,1360,1.0,0.9995,field,разметка подтверждена,2538740,g0325,1,,c0004,val,registered,3.750,1.00,,photo
base_pair_6190deab5703_00003_partial.npz,base,6190deab502455000734584b,orto_basemap,partial,,216.0,7.65,90.1,1.045,1202,0.7879,0.752,field,разметка подтверждена,2449299,g0325,1,,c0004,val,registered,3.750,1.00,,photo
base_pair_6190deab5703_00004_inside.npz,base,6190deab502455000734584b,orto_basemap,inside,,279.0,2.53,261.79,0.887,1206,1.0,0.9999,field,разметка подтверждена,2532283,g0325,1,,c0004,val,registered,3.750,1.00,,photo
base_pair_6190deab5703_00005_inside.npz,base,6190deab502455000734584b,orto_basemap,inside,,179.2,0.97,224.23,1.005,1234,1.0,0.9995,field,разметка подтверждена,2436659,g0325,1,,c0004,val,registered,3.750,1.00,,photo
base_pair_65e750a62f57_00000_partial.npz,base,65e750a6eda08f0001ffcee4,orto_basemap,partial,,190.7,3.5,297.72,0.438,768,0.8551,0.8646,field,разметка подтверждена,1534161,g0416,1,,c0052,train,registered,1.050,1.00,,photo
base_pair_65e750a62f57_00001_inside.npz,base,65e750a6eda08f0001ffcee4,orto_basemap,inside,,249.3,0.58,351.24,0.572,980,1.0,0.9987,field,разметка подтверждена,2381057,g0416,1,,c0052,train,registered,1.050,1.00,,photo
base_pair_65e750a62f57_00002_inside.npz,base,65e750a6eda08f0001ffcee4,orto_basemap,inside,,287.1,8.78,82.05,0.659,795,1.0,0.9987,field,разметка подтверждена,2009154,g0416,1,,c0052,train,registered,1.050,1.00,,photo
base_pair_65e750a62f57_00003_inside.npz,base,65e750a6eda08f0001ffcee4,orto_basemap,inside,,279.0,2.53,261.79,0.64,870,1.0,0.9996,field,разметка подтверждена,2050653,g0416,1,,c0052,train,registered,1.050,1.00,,photo
base_pair_65e750a62f57_00004_inside.npz,base,65e750a6eda08f0001ffcee4,orto_basemap,inside,,179.2,0.97,224.23,0.411,768,1.0,1.0,field,разметка подтверждена,1761949,g0416,1,,c0052,train,registered,1.050,1.00,,photo
base_pair_65e750a62f57_00006_inside.npz,base,65e750a6eda08f0001ffcee4,orto_basemap,inside,,183.6,3.62,297.53,0.421,768,1.0,1.0,field,разметка подтверждена,1400921,g0416,1,,c0052,train,registered,1.050,1.00,,photo
base_pair_65e750a62f57_00007_partial.npz,base,65e750a6eda08f0001ffcee4,orto_basemap,partial,,281.4,1.39,164.97,0.645,768,0.8015,0.8089,field,разметка подтверждена,1845760,g0416,1,,c0052,train,registered,1.050,1.00,,photo
base_pair_5e72b9f32641_00000_partial.npz,base,5e72b9f3133f1a000511beac,orto_basemap,partial,,190.7,3.5,297.72,0.57,768,0.7834,0.797,field,разметка подтверждена,1606490,g0143,1,,c0109,heldout,registered,1.660,1.00,,photo
base_pair_5e72b9f32641_00001_inside.npz,base,5e72b9f3133f1a000511beac,orto_basemap,inside,,249.3,0.58,351.24,0.745,1277,1.0,0.9894,field,разметка подтверждена,2527278,g0143,1,,c0109,heldout,registered,1.660,1.00,,photo
base_pair_5e72b9f32641_00002_inside.npz,base,5e72b9f3133f1a000511beac,orto_basemap,inside,,287.1,8.78,82.05,0.858,1036,1.0,0.9819,field,разметка подтверждена,2072821,g0143,1,,c0109,heldout,registered,1.660,1.00,,photo
base_pair_5e72b9f32641_00003_partial.npz,base,5e72b9f3133f1a000511beac,orto_basemap,partial,,216.0,7.65,90.1,0.645,768,0.8034,0.7694,field,разметка подтверждена,1932373,g0143,1,,c0109,heldout,registered,1.660,1.00,,photo
base_pair_5e72b9f32641_00004_inside.npz,base,5e72b9f3133f1a000511beac,orto_basemap,inside,,279.0,2.53,261.79,0.834,1134,1.0,0.9922,field,разметка подтверждена,2195810,g0143,1,,c0109,heldout,registered,1.660,1.00,,photo
base_pair_5e72b9f32641_00005_inside.npz,base,5e72b9f3133f1a000511beac,orto_basemap,inside,,179.2,0.97,224.23,0.536,768,1.0,0.9913,field,разметка подтверждена,1802111,g0143,1,,c0109,heldout,registered,1.660,1.00,,photo
base_pair_5e72b9f32641_00007_inside.npz,base,5e72b9f3133f1a000511beac,orto_basemap,inside,,183.6,3.62,297.53,0.549,968,1.0,0.9946,field,разметка подтверждена,1739056,g0143,1,,c0109,heldout,registered,1.660,1.00,,photo
base_pair_60ef5d851f85_00000_partial.npz,base,60ef5d8589ec130007b82886,orto_basemap,partial,,190.7,3.5,297.72,1.061,852,0.6739,0.6882,field,разметка подтверждена,1662077,g0298,1,,c0142,val,registered,7.150,1.00,,photo
base_pair_60ef5d851f85_00001_inside.npz,base,60ef5d8589ec130007b82886,orto_basemap,inside,,249.3,0.58,351.24,0.905,1552,1.0,1.0,field,разметка подтверждена,2632354,g0298,1,,c0142,val,registered,7.150,1.00,,photo
base_pair_60ef5d851f85_00002_inside.npz,base,60ef5d8589ec130007b82886,orto_basemap,inside,,287.1,8.78,82.05,1.126,1360,1.0,1.0,field,разметка подтверждена,2240802,g0298,1,,c0142,val,registered,7.150,1.00,,photo
base_pair_60ef5d851f85_00003_partial.npz,base,60ef5d8589ec130007b82886,orto_basemap,partial,,216.0,7.65,90.1,1.045,1202,0.7879,0.7357,field,разметка подтверждена,2302463,g0298,1,,c0142,val,registered,7.150,1.00,,photo
base_pair_60ef5d851f85_00004_inside.npz,base,60ef5d8589ec130007b82886,orto_basemap,inside,,279.0,2.53,261.79,0.887,1206,1.0,0.9998,field,разметка подтверждена,2252390,g0298,1,,c0142,val,registered,7.150,1.00,,photo
base_pair_60ef5d851f85_00005_inside.npz,base,60ef5d8589ec130007b82886,orto_basemap,inside,,179.2,0.97,224.23,1.076,1322,1.0,0.9996,field,разметка подтверждена,2324440,g0298,1,,c0142,val,registered,7.150,1.00,,photo
base_pair_60ef5d851f85_00007_inside.npz,base,60ef5d8589ec130007b82886,orto_basemap,inside,,183.6,3.62,297.53,0.926,1634,1.0,0.9999,field,разметка подтверждена,2418052,g0298,1,,c0142,val,registered,7.150,1.00,,photo
base_pair_61b9d9d77be8_00000_partial.npz,base,61b9d9d7b26de1000596d623,orto_basemap,partial,,190.7,3.5,297.72,1.061,852,0.6739,0.6634,field,разметка подтверждена,1792945,g0005,2,modality,c0045,train,registered,4.750,1.00,,photo
base_pair_61b9d9d77be8_00001_inside.npz,base,61b9d9d7b26de1000596d623,orto_basemap,inside,,249.3,0.58,351.24,0.905,1552,1.0,0.9841,field,разметка подтверждена,3140873,g0005,2,modality,c0045,train,registered,4.750,1.00,,photo
base_pair_61b9d9d77be8_00002_inside.npz,base,61b9d9d7b26de1000596d623,orto_basemap,inside,,287.1,8.78,82.05,1.126,1360,1.0,0.9816,field,разметка подтверждена,2597350,g0005,2,modality,c0045,train,registered,4.750,1.00,,photo
base_pair_61b9d9d77be8_00003_partial.npz,base,61b9d9d7b26de1000596d623,orto_basemap,partial,,216.0,7.65,90.1,1.045,1202,0.7879,0.7081,field,разметка подтверждена,2310875,g0005,2,modality,c0045,train,registered,4.750,1.00,,photo
base_pair_68783ba1cbac_00000_partial.npz,base,68783ba1e94692af825cef1a,orto_basemap,partial,,190.7,3.5,297.72,0.907,768,0.717,0.7314,field,разметка подтверждена,1763675,g0012,2,modality,c0059,val,registered,4.310,1.00,,photo
base_pair_68783ba1cbac_00001_inside.npz,base,68783ba1e94692af825cef1a,orto_basemap,inside,,249.3,0.58,351.24,0.905,1552,1.0,0.993,field,разметка подтверждена,2991237,g0012,2,modality,c0059,val,registered,4.310,1.00,,photo
base_pair_6177c495a90b_00000_partial.npz,base,6177c495d89d970005d8bcef,orto_basemap,partial,,190.7,3.5,297.72,0.618,768,0.7621,0.7746,field,разметка подтверждена,1607705,g0313,1,,c0007,val,registered,6.750,1.00,,photo
base_pair_6177c495a90b_00001_inside.npz,base,6177c495d89d970005d8bcef,orto_basemap,inside,,249.3,0.58,351.24,0.808,1385,1.0,0.9952,field,разметка подтверждена,2537769,g0313,1,,c0007,val,registered,6.750,1.00,,photo
base_pair_6177c495a90b_00002_inside.npz,base,6177c495d89d970005d8bcef,orto_basemap,inside,,287.1,8.78,82.05,0.931,1124,1.0,0.995,field,разметка подтверждена,2126593,g0313,1,,c0007,val,registered,6.750,1.00,,photo
base_pair_6177c495a90b_00003_partial.npz,base,6177c495d89d970005d8bcef,orto_basemap,partial,,216.0,7.65,90.1,0.7,805,0.7873,0.7186,field,разметка подтверждена,1805678,g0313,1,,c0007,val,registered,6.750,1.00,,photo
base_pair_664a10a43627_00000_partial.npz,base,664a10a449dd860001fae068,orto_basemap,partial,,190.7,3.5,297.72,0.907,768,0.7172,0.7315,field,разметка подтверждена,1822433,g0441,1,,c0199,train,registered,4.900,1.00,,photo
base_pair_664a10a43627_00001_inside.npz,base,664a10a449dd860001fae068,orto_basemap,inside,,219.0,3.22,255.3,0.938,1203,1.0,0.9996,field,разметка подтверждена,2712233,g0441,1,,c0199,train,registered,4.900,1.00,,photo
base_pair_6893c35982af_00000_partial.npz,base,6893c359e910ae14ec506a9c,orto_basemap,partial,,190.7,3.5,297.72,1.044,839,0.6741,0.6884,field,разметка подтверждена,1631556,g0495,1,,c0239,train,registered,10.800,1.00,,photo
base_pair_6893c35982af_00001_inside.npz,base,6893c359e910ae14ec506a9c,orto_basemap,inside,,249.3,0.58,351.24,0.905,1552,1.0,0.9874,field,разметка подтверждена,2392855,g0495,1,,c0239,train,registered,10.800,1.00,,photo
base_pair_672cc905058d_00000_partial.npz,base,672cc90504bd070001991c3e,orto_basemap,partial,,190.7,3.5,297.72,1.061,852,0.6739,0.6882,field,разметка подтверждена,1706225,g0000,3,revisit,c0015,train,registered,6.900,1.00,,photo
base_pair_672cc905058d_00001_inside.npz,base,672cc90504bd070001991c3e,orto_basemap,inside,,219.0,3.22,255.3,0.938,1203,1.0,1.0,field,разметка подтверждена,2402021,g0000,3,revisit,c0015,train,registered,6.900,1.00,,photo
base_pair_618efcb56c0c_00000_partial.npz,base,618efcb55024550007345821,orto_basemap,partial,,190.7,3.5,297.72,1.061,852,0.6739,0.6672,global,проверено частично,1612440,g0004,2,modality,c0044,train,approx,8.000,0.30,,photo
base_pair_618efcb56c0c_00001_inside.npz,base,618efcb55024550007345821,orto_basemap,inside,,249.3,0.58,351.24,0.905,1552,1.0,0.9606,global,проверено частично,2896630,g0004,2,modality,c0044,train,approx,8.000,0.30,,photo
base_pair_618efcb56c0c_00002_inside.npz,base,618efcb55024550007345821,orto_basemap,inside,,287.1,8.78,82.05,1.126,1360,1.0,0.981,cell_refine,проверено частично,2510773,g0004,2,modality,c0044,train,approx,8.000,0.30,,photo
base_pair_618efcb56c0c_00003_partial.npz,base,618efcb55024550007345821,orto_basemap,partial,,216.0,7.65,90.1,1.045,1202,0.7879,0.7362,cell_refine,проверено частично,2296413,g0004,2,modality,c0044,train,approx,8.000,0.30,,photo
base_pair_618efcb56c0c_00004_inside.npz,base,618efcb55024550007345821,orto_basemap,inside,,279.0,2.53,261.79,0.887,1206,1.0,0.9889,field,проверено частично,2389935,g0004,2,modality,c0044,train,approx,8.000,0.30,,photo
base_pair_618efcb56c0c_00005_inside.npz,base,618efcb55024550007345821,orto_basemap,inside,,179.2,0.97,224.23,1.004,1233,1.0,1.0,field,проверено частично,2402838,g0004,2,modality,c0044,train,approx,8.000,0.30,,photo
base_pair_618efcb56c0c_00007_inside.npz,base,618efcb55024550007345821,orto_basemap,inside,,183.6,3.62,297.53,0.926,1634,1.0,0.9987,field,проверено частично,2440601,g0004,2,modality,c0044,train,approx,8.000,0.30,,photo
base_pair_618efcb56c0c_00008_partial.npz,base,618efcb55024550007345821,orto_basemap,partial,,281.4,1.39,164.97,1.077,1194,0.7802,0.7882,field,проверено частично,1966613,g0004,2,modality,c0044,train,approx,8.000,0.30,,photo
base_pair_618efcb56c0c_00009_inside.npz,base,618efcb55024550007345821,orto_basemap,inside,,247.8,7.42,101.61,0.974,1195,1.0,0.999,field,проверено частично,1852375,g0004,2,modality,c0044,train,approx,8.000,0.30,,photo
base_pair_618efcb56c0c_00010_inside.npz,base,618efcb55024550007345821,orto_basemap,inside,,196.5,6.85,202.76,1.1,1405,1.0,0.9941,field,проверено частично,2271697,g0004,2,modality,c0044,train,approx,8.000,0.30,,photo
base_pair_618efcb56c0c_00011_inside.npz,base,618efcb55024550007345821,orto_basemap,inside,,226.7,7.7,212.38,0.966,1860,1.0,0.9808,field,проверено частично,3116808,g0004,2,modality,c0044,train,approx,8.000,0.30,,photo
base_pair_68a8470d5738_00000_partial.npz,base,68a8470d69066a121d9cb4aa,orto_basemap,partial,,190.7,3.5,297.72,0.44,768,0.8535,0.8643,field,проверено частично,1464334,g0503,1,,c0245,val,approx,8.000,0.30,,photo
base_pair_68a8470d5738_00001_inside.npz,base,68a8470d69066a121d9cb4aa,orto_basemap,inside,,249.3,0.58,351.24,0.575,986,1.0,0.9999,field,проверено частично,2166314,g0503,1,,c0245,val,approx,8.000,0.30,,photo
base_pair_68a8470d5738_00002_inside.npz,base,68a8470d69066a121d9cb4aa,orto_basemap,inside,,287.1,8.78,82.05,0.662,800,1.0,1.0,field,проверено частично,1822280,g0503,1,,c0245,val,approx,8.000,0.30,,photo
base_pair_68a8470d5738_00003_partial.npz,base,68a8470d69066a121d9cb4aa,orto_basemap,partial,,216.0,7.65,90.1,0.498,768,0.6369,0.5926,field,проверено частично,1428103,g0503,1,,c0245,val,approx,8.000,0.30,,photo
base_pair_68a8470d5738_00004_inside.npz,base,68a8470d69066a121d9cb4aa,orto_basemap,inside,,279.0,2.53,261.79,0.644,875,1.0,1.0,field,проверено частично,1898559,g0503,1,,c0245,val,approx,8.000,0.30,,photo
base_pair_68a8470d5738_00005_inside.npz,base,68a8470d69066a121d9cb4aa,orto_basemap,inside,,179.2,0.97,224.23,0.413,768,1.0,1.0,field,проверено частично,1601790,g0503,1,,c0245,val,approx,8.000,0.30,,photo
base_pair_618f2de256d4_00000_partial.npz,base,618f2de25024550007345827,orto_basemap,partial,,190.7,3.5,297.72,1.061,852,0.6739,0.6882,field,проверено частично,1559816,g0004,2,modality,c0044,train,approx,8.000,0.00,relief_xmodal,relief
base_pair_618f2de256d4_00001_inside.npz,base,618f2de25024550007345827,orto_basemap,inside,,249.3,0.58,351.24,0.905,1552,1.0,0.9997,field,проверено частично,2633494,g0004,2,modality,c0044,train,approx,8.000,0.00,relief_xmodal,relief
base_pair_618f2de256d4_00002_inside.npz,base,618f2de25024550007345827,orto_basemap,inside,,287.1,8.78,82.05,1.126,1360,1.0,0.9985,field,проверено частично,2199111,g0004,2,modality,c0044,train,approx,8.000,0.00,relief_xmodal,relief
base_pair_618f2de256d4_00003_partial.npz,base,618f2de25024550007345827,orto_basemap,partial,,216.0,7.65,90.1,1.045,1202,0.7879,0.7499,field,проверено частично,2161055,g0004,2,modality,c0044,train,approx,8.000,0.00,relief_xmodal,relief
base_pair_618f2de256d4_00004_inside.npz,base,618f2de25024550007345827,orto_basemap,inside,,279.0,2.53,261.79,0.887,1206,1.0,0.9998,field,проверено частично,2008648,g0004,2,modality,c0044,train,approx,8.000,0.00,relief_xmodal,relief
base_pair_618f2de256d4_00005_inside.npz,base,618f2de25024550007345827,orto_basemap,inside,,179.2,0.97,224.23,1.004,1233,1.0,1.0,field,проверено частично,1881758,g0004,2,modality,c0044,train,approx,8.000,0.00,relief_xmodal,relief
base_pair_5fceaa0996d1_00000_inside.npz,base,5fceaa09fe0bb90007e29cd9,orto_basemap,inside,,249.3,0.58,351.24,0.295,768,1.0,0.9998,field,проверено частично,2248561,g0241,1,,c0024,train,approx,8.000,0.30,,photo
base_pair_5fceaa0996d1_00001_inside.npz,base,5fceaa09fe0bb90007e29cd9,orto_basemap,inside,,287.1,8.78,82.05,0.34,768,1.0,0.9997,field,проверено частично,1825926,g0241,1,,c0024,train,approx,8.000,0.30,,photo
base_pair_5fceaa0996d1_00002_partial.npz,base,5fceaa09fe0bb90007e29cd9,orto_basemap,partial,,216.0,7.65,90.1,0.256,768,0.782,0.7467,field,проверено частично,1686061,g0241,1,,c0024,train,approx,8.000,0.30,,photo
base_pair_5fceaa0996d1_00003_inside.npz,base,5fceaa09fe0bb90007e29cd9,orto_basemap,inside,,279.0,2.53,261.79,0.331,768,1.0,0.9988,field,проверено частично,1821964,g0241,1,,c0024,train,approx,8.000,0.30,,photo
base_pair_5fceaa0996d1_00004_inside.npz,base,5fceaa09fe0bb90007e29cd9,orto_basemap,inside,,179.2,0.97,224.23,0.212,768,1.0,0.9999,field,проверено частично,1449577,g0241,1,,c0024,train,approx,8.000,0.30,,photo
base_pair_5fceaa0996d1_00006_inside.npz,base,5fceaa09fe0bb90007e29cd9,orto_basemap,inside,,183.6,3.62,297.53,0.218,768,1.0,0.9999,field,проверено частично,1089447,g0241,1,,c0024,train,approx,8.000,0.30,,photo
base_pair_5fceaa0996d1_00007_partial.npz,base,5fceaa09fe0bb90007e29cd9,orto_basemap,partial,,269.4,6.49,49.94,0.319,768,0.8586,0.8382,field,проверено частично,1584405,g0241,1,,c0024,train,approx,8.000,0.30,,photo
base_pair_5fceaa0996d1_00008_inside.npz,base,5fceaa09fe0bb90007e29cd9,orto_basemap,inside,,226.7,3.54,267.18,0.269,768,1.0,0.9993,field,проверено частично,1738418,g0241,1,,c0024,train,approx,8.000,0.30,,photo
base_pair_5fceaa0996d1_00009_inside.npz,base,5fceaa09fe0bb90007e29cd9,orto_basemap,inside,,211.7,7.28,246.57,0.251,768,1.0,0.9986,field,проверено частично,1600002,g0241,1,,c0024,train,approx,8.000,0.30,,photo
base_pair_5fceaa0996d1_00010_inside.npz,base,5fceaa09fe0bb90007e29cd9,orto_basemap,inside,,281.4,3.32,277.19,0.334,768,1.0,0.9589,global,проверено частично,1603404,g0241,1,,c0024,train,approx,8.000,0.30,,photo
base_pair_5ec23f223fc8_00000_partial.npz,base,5ec23f22aff5010005865c14,orto_basemap,partial,,190.7,3.5,297.72,0.64,768,0.7511,0.7663,field,проверено частично,1501622,g0166,1,,c0113,train,approx,8.000,0.30,,photo
base_pair_5ec23f223fc8_00001_inside.npz,base,5ec23f22aff5010005865c14,orto_basemap,inside,,249.3,0.58,351.24,0.836,1433,1.0,1.0,field,проверено частично,2463998,g0166,1,,c0113,train,approx,8.000,0.30,,photo
base_pair_5ec23f223fc8_00002_inside.npz,base,5ec23f22aff5010005865c14,orto_basemap,inside,,287.1,8.78,82.05,0.963,1162,1.0,1.0,field,проверено частично,2019788,g0166,1,,c0113,train,approx,8.000,0.30,,photo
base_pair_5ec23f223fc8_00003_partial.npz,base,5ec23f22aff5010005865c14,orto_basemap,partial,,216.0,7.65,90.1,0.724,833,0.7875,0.752,field,проверено частично,1863414,g0166,1,,c0113,train,approx,8.000,0.30,,photo
base_pair_5ec23f223fc8_00004_inside.npz,base,5ec23f22aff5010005865c14,orto_basemap,inside,,279.0,2.53,261.79,0.887,1206,1.0,1.0,field,проверено частично,2110937,g0166,1,,c0113,train,approx,8.000,0.30,,photo
base_pair_5ec23f223fc8_00005_inside.npz,base,5ec23f22aff5010005865c14,orto_basemap,inside,,179.2,0.97,224.23,0.601,768,1.0,1.0,field,проверено частично,1734323,g0166,1,,c0113,train,approx,8.000,0.30,,photo
base_pair_5ec23f223fc8_00007_inside.npz,base,5ec23f22aff5010005865c14,orto_basemap,inside,,183.6,3.62,297.53,0.615,1086,1.0,0.9989,field,проверено частично,1680286,g0166,1,,c0113,train,approx,8.000,0.30,,photo
base_pair_689f8fde046d_00000_partial.npz,base,689f8fde5678a44c65d01db2,orto_basemap,partial,,190.7,3.5,297.72,0.44,768,0.8535,0.8649,field,без структуры,1329217,g0501,1,,c0244,train,approx,8.000,0.30,,photo
base_pair_689f8fde046d_00001_inside.npz,base,689f8fde5678a44c65d01db2,orto_basemap,inside,,218.6,2.28,301.49,0.504,892,1.0,0.9999,field,без структуры,2136053,g0501,1,,c0244,train,approx,8.000,0.30,,photo
base_pair_66c38a49b577_00000_partial.npz,base,66c38a4938fdcc0001dc7137,orto_basemap,partial,,190.7,3.5,297.72,0.95,768,0.6788,0.6895,field,без структуры,1575399,g0447,1,,c0203,train,approx,8.000,0.30,,photo
base_pair_66c38a49b577_00001_inside.npz,base,66c38a4938fdcc0001dc7137,orto_basemap,inside,,249.3,0.58,351.24,0.905,1552,1.0,0.9932,field,без структуры,2176789,g0447,1,,c0203,train,approx,8.000,0.30,,photo
base_pair_617e902f9629_00000_partial.npz,base,617e902f8ebcb9000515c508,orto_basemap,partial,,190.7,3.5,297.72,1.061,852,0.6739,0.6882,field,без структуры,1650403,g0314,1,,c0043,train,approx,8.000,0.30,,photo
base_pair_617e902f9629_00001_inside.npz,base,617e902f8ebcb9000515c508,orto_basemap,inside,,249.3,0.58,351.24,0.905,1552,1.0,0.9985,field,без структуры,2587942,g0314,1,,c0043,train,approx,8.000,0.30,,photo
base_pair_617e902f9629_00002_inside.npz,base,617e902f8ebcb9000515c508,orto_basemap,inside,,287.1,8.78,82.05,1.126,1360,1.0,0.9999,field,без структуры,2281220,g0314,1,,c0043,train,approx,8.000,0.30,,photo
base_pair_617e902f9629_00003_partial.npz,base,617e902f8ebcb9000515c508,orto_basemap,partial,,216.0,7.65,90.1,1.045,1202,0.7879,0.7439,field,без структуры,2093495,g0314,1,,c0043,train,approx,8.000,0.30,,photo
base_pair_617e902f9629_00004_inside.npz,base,617e902f8ebcb9000515c508,orto_basemap,inside,,279.0,2.53,261.79,0.887,1206,1.0,0.9978,field,без структуры,2320999,g0314,1,,c0043,train,approx,8.000,0.30,,photo
base_pair_617e902f9629_00005_inside.npz,base,617e902f8ebcb9000515c508,orto_basemap,inside,,179.2,0.97,224.23,1.005,1235,1.0,0.9984,field,без структуры,2249936,g0314,1,,c0043,train,approx,8.000,0.30,,photo
base_pair_617e902f9629_00007_inside.npz,base,617e902f8ebcb9000515c508,orto_basemap,inside,,183.6,3.62,297.53,0.926,1634,1.0,0.9915,field,без структуры,2404696,g0314,1,,c0043,train,approx,8.000,0.30,,photo
base_pair_617e902f9629_00008_partial.npz,base,617e902f8ebcb9000515c508,orto_basemap,partial,,281.4,1.39,164.97,1.077,1194,0.7802,0.7863,field,без структуры,2095046,g0314,1,,c0043,train,approx,8.000,0.30,,photo
base_pair_617e902f9629_00009_inside.npz,base,617e902f8ebcb9000515c508,orto_basemap,inside,,247.8,7.42,101.61,0.974,1195,1.0,0.9949,field,без структуры,1870924,g0314,1,,c0043,train,approx,8.000,0.30,,photo
base_pair_617e902f9629_00010_inside.npz,base,617e902f8ebcb9000515c508,orto_basemap,inside,,196.5,6.85,202.76,1.102,1407,1.0,0.9808,field,без структуры,2377145,g0314,1,,c0043,train,approx,8.000,0.30,,photo
base_pair_617e902f9629_00011_inside.npz,base,617e902f8ebcb9000515c508,orto_basemap,inside,,226.7,7.7,212.38,0.966,1860,1.0,0.9865,field,без структуры,3292478,g0314,1,,c0043,train,approx,8.000,0.30,,photo
base_pair_68a0b526ae84_00000_partial.npz,base,68a0b526d85096ff88d9a392,orto_basemap,partial,,190.7,3.5,297.72,1.044,839,0.674,0.6884,global,без структуры,1730278,g0502,1,,c0020,train,approx,8.000,0.30,,photo
base_pair_68a0b526ae84_00001_inside.npz,base,68a0b526d85096ff88d9a392,orto_basemap,inside,,249.3,0.58,351.24,0.905,1552,1.0,1.0,global,без структуры,2615466,g0502,1,,c0020,train,approx,8.000,0.30,,photo
base_pair_68a0b526ae84_00002_inside.npz,base,68a0b526d85096ff88d9a392,orto_basemap,inside,,287.1,8.78,82.05,1.126,1360,1.0,1.0,field,без структуры,2451180,g0502,1,,c0020,train,approx,8.000,0.30,,photo
base_pair_68a0b526ae84_00003_partial.npz,base,68a0b526d85096ff88d9a392,orto_basemap,partial,,216.0,7.65,90.1,1.045,1202,0.7879,0.7524,field,без структуры,2245620,g0502,1,,c0020,train,approx,8.000,0.30,,photo
base_pair_68a0b526ae84_00004_inside.npz,base,68a0b526d85096ff88d9a392,orto_basemap,inside,,279.0,2.53,261.79,0.887,1206,1.0,1.0,field,без структуры,2175729,g0502,1,,c0020,train,approx,8.000,0.30,,photo
base_pair_68a0b526ae84_00005_inside.npz,base,68a0b526d85096ff88d9a392,orto_basemap,inside,,179.2,0.97,224.23,0.981,1206,1.0,1.0,field,без структуры,2206368,g0502,1,,c0020,train,approx,8.000,0.30,,photo
pilot_pair_5f75ec1d_00000_inside.npz,pilot,5f75ec1d458b56000772bd59,orto_basemap,inside,,282.7,2.74,315.55,1.076,1465,1.0,1.0,field,,2256715,g0213,1,,c0000,train,registered,5.930,1.00,,photo
pilot_pair_5f75ec1d_00001_partial.npz,pilot,5f75ec1d458b56000772bd59,orto_basemap,partial,,193.8,4.23,173.6,0.859,1395,0.6141,0.5941,field,,2159930,g0213,1,,c0000,train,registered,5.930,1.00,,photo
pilot_pair_5f75ec1d_00002_partial.npz,pilot,5f75ec1d458b56000772bd59,orto_basemap,partial,,271.1,0.63,76.2,0.908,1630,0.7664,0.7637,field,,2444926,g0213,1,,c0000,train,registered,5.930,1.00,,photo
pilot_pair_5f75ec1d_00003_inside.npz,pilot,5f75ec1d458b56000772bd59,orto_basemap,inside,,175.7,1.06,94.5,0.983,1335,1.0,0.9999,field,,1938059,g0213,1,,c0000,train,registered,5.930,1.00,,photo
pilot_pair_5f75ec1d_00004_partial.npz,pilot,5f75ec1d458b56000772bd59,orto_basemap,partial,,243.0,2.43,70.67,0.876,1918,0.7458,0.7423,field,,3310002,g0213,1,,c0000,train,registered,5.930,1.00,,photo
pilot_pair_5f75ec1d_00005_inside.npz,pilot,5f75ec1d458b56000772bd59,orto_basemap,inside,,258.1,8.4,164.13,0.978,1524,1.0,1.0,field,,2588605,g0213,1,,c0000,train,registered,5.930,1.00,,photo
pilot_pair_5f75ec1d_00006_inside.npz,pilot,5f75ec1d458b56000772bd59,orto_basemap,inside,,222.7,4.94,181.37,0.95,1277,1.0,0.9999,field,,2465148,g0213,1,,c0000,train,registered,5.930,1.00,,photo
pilot_pair_5f75ec1d_00007_inside.npz,pilot,5f75ec1d458b56000772bd59,orto_basemap,inside,,207.8,8.06,305.66,0.977,1306,1.0,1.0,field,,2278328,g0213,1,,c0000,train,registered,5.930,1.00,,photo
pilot_pair_5f75ec1d_00008_inside.npz,pilot,5f75ec1d458b56000772bd59,orto_basemap,inside,,245.3,6.05,139.6,1.106,1594,1.0,0.9995,field,,2828979,g0213,1,,c0000,train,registered,5.930,1.00,,photo
pilot_pair_5f75ec1d_00009_partial.npz,pilot,5f75ec1d458b56000772bd59,orto_basemap,partial,,271.7,0.34,190.52,1.086,1098,0.7455,0.7468,field,,1812207,g0213,1,,c0000,train,registered,5.930,1.00,,photo
pilot_pair_5f75ec1d_00010_inside.npz,pilot,5f75ec1d458b56000772bd59,orto_basemap,inside,,193.0,1.34,258.25,0.911,1645,1.0,1.0,field,,2351293,g0213,1,,c0000,train,registered,5.930,1.00,,photo
pilot_pair_5f75ec1d_00011_partial.npz,pilot,5f75ec1d458b56000772bd59,orto_basemap,partial,,280.6,1.18,337.95,0.883,1940,0.7845,0.7791,field,,2833579,g0213,1,,c0000,train,registered,5.930,1.00,,photo
pilot_pair_5f75ec1d_00012_inside.npz,pilot,5f75ec1d458b56000772bd59,orto_basemap,inside,,256.3,4.29,218.34,0.905,1459,1.0,0.9997,field,,2738887,g0213,1,,c0000,train,registered,5.930,1.00,,photo
pilot_pair_5f75ec1d_00013_inside.npz,pilot,5f75ec1d458b56000772bd59,orto_basemap,inside,,214.6,0.62,7.73,1.187,1592,1.0,0.9999,field,,2846674,g0213,1,,c0000,train,registered,5.930,1.00,,photo
pilot_pair_5f75ec1d_00014_partial.npz,pilot,5f75ec1d458b56000772bd59,orto_basemap,partial,,185.3,1.17,333.65,1.013,1535,0.734,0.7262,field,,2113165,g0213,1,,c0000,train,registered,5.930,1.00,,photo
pilot_pair_5f75ec1d_00015_inside.npz,pilot,5f75ec1d458b56000772bd59,orto_basemap,inside,,273.3,6.93,329.51,0.858,1681,1.0,0.9999,field,,2581621,g0213,1,,c0000,train,registered,5.930,1.00,,photo
pilot_pair_5f75ec1d_00017_inside.npz,pilot,5f75ec1d458b56000772bd59,orto_basemap,inside,,245.1,3.99,223.32,1.077,1565,1.0,0.9999,field,,2563487,g0213,1,,c0000,train,registered,5.930,1.00,,photo
pilot_pair_5f75ec1d_00019_inside.npz,pilot,5f75ec1d458b56000772bd59,orto_basemap,inside,,278.1,8.06,268.54,0.912,1298,1.0,0.999,global,,2472990,g0213,1,,c0000,train,approx,8.000,0.30,,photo
pilot_pair_5f75ec1d_00020_inside.npz,pilot,5f75ec1d458b56000772bd59,orto_basemap,inside,,201.6,9.13,280.29,0.956,1745,1.0,0.9983,global,,2634543,g0213,1,,c0000,train,approx,8.000,0.30,,photo
pilot_pair_5f75ec1d_00021_inside.npz,pilot,5f75ec1d458b56000772bd59,orto_basemap,inside,,181.5,9.24,297.93,0.906,1417,1.0,0.997,global,,2641116,g0213,1,,c0000,train,approx,8.000,0.30,,photo
pilot_pair_5f75ec1d_00022_inside.npz,pilot,5f75ec1d458b56000772bd59,orto_basemap,inside,,242.9,9.66,153.95,1.142,1870,1.0,0.9985,global,,3129837,g0213,1,,c0000,train,approx,8.000,0.30,,photo
pilot_pair_5f75ec1d_00023_inside.npz,pilot,5f75ec1d458b56000772bd59,orto_basemap,inside,,251.7,4.77,90.08,0.984,1192,1.0,1.0,field,,2434292,g0213,1,,c0000,train,registered,5.930,1.00,,photo
pilot_pair_5f75ec1d_00024_inside.npz,pilot,5f75ec1d458b56000772bd59,orto_basemap,inside,,293.4,2.79,346.23,0.926,1547,1.0,1.0,field,,2546474,g0213,1,,c0000,train,registered,5.930,1.00,,photo
pilot_pair_5f75ec1d_00025_inside.npz,pilot,5f75ec1d458b56000772bd59,orto_basemap,inside,,179.8,9.92,33.02,1.154,2048,1.0,0.9998,field,,2958670,g0213,1,,c0000,train,registered,5.930,1.00,,photo
pilot_pair_5f75ec1d_00026_inside.npz,pilot,5f75ec1d458b56000772bd59,orto_basemap,inside,,207.6,1.58,140.91,0.997,1534,1.0,1.0,field,,2532637,g0213,1,,c0000,train,registered,5.930,1.00,,photo
pilot_pair_5f75ec1d_00028_inside.npz,pilot,5f75ec1d458b56000772bd59,orto_basemap,inside,,194.7,3.61,272.59,1.174,2048,1.0,0.9996,field,,2802674,g0213,1,,c0000,train,registered,5.930,1.00,,photo
pilot_pair_5f75ec1d_00029_partial.npz,pilot,5f75ec1d458b56000772bd59,orto_basemap,partial,,264.3,7.09,347.12,1.132,1203,0.8565,0.8274,field,,2209777,g0213,1,,c0000,train,registered,5.930,1.00,,photo
pilot_pair_5f75ec1d_00030_partial.npz,pilot,5f75ec1d458b56000772bd59,orto_basemap,partial,,187.2,8.92,135.51,0.943,1115,0.8842,0.8945,field,,1849758,g0213,1,,c0000,train,registered,5.930,1.00,,photo
pilot_pair_5f75ec1d_00031_inside.npz,pilot,5f75ec1d458b56000772bd59,orto_basemap,inside,,213.9,8.83,191.52,1.047,1388,1.0,0.9999,field,,2165585,g0213,1,,c0000,train,registered,5.930,1.00,,photo
pilot_pair_5f75ec1d_00032_partial.npz,pilot,5f75ec1d458b56000772bd59,orto_basemap,partial,,178.2,0.84,60.47,0.939,1659,0.7942,0.7902,field,,2327404,g0213,1,,c0000,train,registered,5.930,1.00,,photo
pilot_pair_5f75ec1d_00033_inside.npz,pilot,5f75ec1d458b56000772bd59,orto_basemap,inside,,215.0,8.88,249.7,0.993,1518,1.0,0.9994,field,,2506295,g0213,1,,c0000,train,registered,5.930,1.00,,photo
pilot_pair_5f75ec1d_00034_inside.npz,pilot,5f75ec1d458b56000772bd59,orto_basemap,inside,,249.8,6.87,179.58,1.062,1441,1.0,0.9982,field,,2243454,g0213,1,,c0000,train,registered,5.930,1.00,,photo
pilot_pair_5f75ec1d_00038_partial.npz,pilot,5f75ec1d458b56000772bd59,orto_basemap,partial,,265.7,3.6,174.18,0.979,1025,0.772,0.7642,field,,2094313,g0213,1,,c0000,train,registered,5.930,1.00,,photo
pilot_pair_5f75ec1d_00039_partial.npz,pilot,5f75ec1d458b56000772bd59,orto_basemap,partial,,286.8,3.9,97.89,0.913,1877,0.7561,0.7795,field,,2566444,g0213,1,,c0000,train,registered,5.930,1.00,,photo
pilot_pair_5f75ec1d_00040_inside.npz,pilot,5f75ec1d458b56000772bd59,orto_basemap,inside,,223.0,7.7,85.18,0.929,1708,1.0,0.9999,field,,2894381,g0213,1,,c0000,train,registered,5.930,1.00,,photo
pilot_pair_5f75ec1d_00041_inside.npz,pilot,5f75ec1d458b56000772bd59,orto_basemap,inside,,282.7,5.9,331.8,0.863,1649,1.0,0.9997,global,,2562637,g0213,1,,c0000,train,approx,8.000,0.30,,photo
pilot_pair_5f75ec1d_00042_inside.npz,pilot,5f75ec1d458b56000772bd59,orto_basemap,inside,,194.8,6.09,71.85,0.927,1337,1.0,0.9999,global,,2188579,g0213,1,,c0000,train,approx,8.000,0.30,,photo
pilot_pair_5f75ec1d_00043_inside.npz,pilot,5f75ec1d458b56000772bd59,orto_basemap,inside,,187.2,9.99,184.77,0.954,1390,1.0,0.9998,global,,2532581,g0213,1,,c0000,train,approx,8.000,0.30,,photo
pilot_pair_5f75ec1d_00044_partial.npz,pilot,5f75ec1d458b56000772bd59,orto_basemap,partial,,221.0,4.36,90.6,0.932,2012,0.7273,0.7352,global,,2730693,g0213,1,,c0000,train,approx,8.000,0.30,,photo
pilot_pair_5f75ec1d_00045_partial.npz,pilot,5f75ec1d458b56000772bd59,orto_basemap,partial,,195.3,2.44,295.93,1.185,1856,0.6026,0.5789,global,,2230578,g0213,1,,c0000,train,approx,8.000,0.30,,photo
pilot_pair_5f75ec1d_00046_inside.npz,pilot,5f75ec1d458b56000772bd59,orto_basemap,inside,,219.8,6.4,195.84,1.16,1499,1.0,1.0,global,,2515703,g0213,1,,c0000,train,approx,8.000,0.30,,photo
pilot_pair_5f75ec1d_00047_inside.npz,pilot,5f75ec1d458b56000772bd59,orto_basemap,inside,,293.2,2.28,289.55,1.097,1400,1.0,0.9979,global,,2387257,g0213,1,,c0000,train,approx,8.000,0.30,,photo
pilot_pair_5f75ec1d_00048_inside.npz,pilot,5f75ec1d458b56000772bd59,orto_basemap,inside,,294.5,7.2,30.15,0.863,1713,1.0,0.9999,global,,2470879,g0213,1,,c0000,train,approx,8.000,0.30,,photo
pilot_pair_5f75ec1d_00049_inside.npz,pilot,5f75ec1d458b56000772bd59,orto_basemap,inside,,221.2,1.68,107.11,1.155,1471,1.0,1.0,global,,2169228,g0213,1,,c0000,train,approx,8.000,0.30,,photo
pilot_pair_5f75ec1d_00050_partial.npz,pilot,5f75ec1d458b56000772bd59,orto_basemap,partial,,184.8,7.06,49.74,1.139,1661,0.8046,0.8281,cell_refine,,2734372,g0213,1,,c0000,train,registered,5.930,1.00,,photo
pilot_pair_5f75ec1d_00052_partial.npz,pilot,5f75ec1d458b56000772bd59,orto_basemap,partial,,284.0,9.26,97.84,1.137,1793,0.6402,0.5581,cell_refine,,2248869,g0213,1,,c0000,train,registered,5.930,1.00,,photo
pilot_pair_5f75ec1d_00053_partial.npz,pilot,5f75ec1d458b56000772bd59,orto_basemap,partial,,231.3,1.56,332.75,1.17,1954,0.8518,0.8497,cell_refine,,2786477,g0213,1,,c0000,train,registered,5.930,1.00,,photo
pilot_pair_5f75ec1d_00055_partial.npz,pilot,5f75ec1d458b56000772bd59,orto_basemap,partial,,232.8,3.97,95.14,0.999,1244,0.7663,0.7718,field,,2502042,g0213,1,,c0000,train,registered,5.930,1.00,,photo
pilot_pair_5f75ec1d_00057_partial.npz,pilot,5f75ec1d458b56000772bd59,orto_basemap,partial,,235.8,7.42,19.24,0.853,1124,0.8296,0.8144,field,,2085375,g0213,1,,c0000,train,registered,5.930,1.00,,photo
pilot_pair_5f75ec1d_00059_partial.npz,pilot,5f75ec1d458b56000772bd59,orto_basemap,partial,,285.6,4.15,272.23,0.913,1325,0.89,0.9032,field,,2292870,g0213,1,,c0000,train,registered,5.930,1.00,,photo
pilot_pair_5f75ec1d_00060_inside.npz,pilot,5f75ec1d458b56000772bd59,orto_basemap,inside,,210.7,8.62,266.93,1.098,1409,1.0,0.9999,field,,2746705,g0213,1,,c0000,train,registered,5.930,1.00,,photo
pilot_pair_5f75ec1d_00061_inside.npz,pilot,5f75ec1d458b56000772bd59,orto_basemap,inside,,177.0,2.45,157.79,0.965,1817,1.0,1.0,field,,2804136,g0213,1,,c0000,train,registered,5.930,1.00,,photo
pilot_pair_5f75ec1d_00062_partial.npz,pilot,5f75ec1d458b56000772bd59,orto_basemap,partial,,179.9,3.32,276.55,1.2,1976,0.7657,0.7841,field,,3014331,g0213,1,,c0000,train,registered,5.930,1.00,,photo
pilot_pair_5f75ec1d_00063_inside.npz,pilot,5f75ec1d458b56000772bd59,orto_basemap,inside,,243.0,1.26,237.09,1.137,1475,1.0,0.999,field,,2608793,g0213,1,,c0000,train,registered,5.930,1.00,,photo
pilot_pair_5f75ec1d_00064_inside.npz,pilot,5f75ec1d458b56000772bd59,orto_basemap,inside,,259.9,4.07,115.0,0.854,1208,1.0,0.9984,field,,2619801,g0213,1,,c0000,train,registered,5.930,1.00,,photo
pilot_pair_5f75ec1d_00065_partial.npz,pilot,5f75ec1d458b56000772bd59,orto_basemap,partial,,290.3,2.16,281.32,1.158,1151,0.8559,0.8517,field,,2311827,g0213,1,,c0000,train,registered,5.930,1.00,,photo
pilot_pair_5f75ec1d_00066_inside.npz,pilot,5f75ec1d458b56000772bd59,orto_basemap,inside,,181.9,6.16,81.33,0.979,1838,1.0,0.9978,field,,3028954,g0213,1,,c0000,train,registered,5.930,1.00,,photo
pilot_pair_5f75ec1d_00067_partial.npz,pilot,5f75ec1d458b56000772bd59,orto_basemap,partial,,299.9,3.05,343.31,0.972,1209,0.7777,0.7793,field,,2094545,g0213,1,,c0000,train,registered,5.930,1.00,,photo
pilot_pair_5f75ec1d_00068_inside.npz,pilot,5f75ec1d458b56000772bd59,orto_basemap,inside,,187.3,6.57,102.64,1.031,1369,1.0,0.9996,field,,2653539,g0213,1,,c0000,train,registered,5.930,1.00,,photo
pilot_pair_5f75ec1d_00069_inside.npz,pilot,5f75ec1d458b56000772bd59,orto_basemap,inside,,245.6,7.52,77.26,1.115,2048,1.0,0.9998,field,,2972722,g0213,1,,c0000,train,registered,5.930,1.00,,photo
pilot_pair_5f75ec1d_00070_inside.npz,pilot,5f75ec1d458b56000772bd59,orto_basemap,inside,,298.2,0.61,325.59,0.938,1671,1.0,0.9999,field,,2323095,g0213,1,,c0000,train,registered,5.930,1.00,,photo
pilot_pair_5f75ec1d_00071_inside.npz,pilot,5f75ec1d458b56000772bd59,orto_basemap,inside,,212.8,2.52,116.21,1.119,1909,1.0,1.0,field,,2913256,g0213,1,,c0000,train,registered,5.930,1.00,,photo
pilot_pair_5f75ec1d_00072_inside.npz,pilot,5f75ec1d458b56000772bd59,orto_basemap,inside,,292.2,9.62,6.76,1.189,1630,1.0,1.0,field,,3024215,g0213,1,,c0000,train,registered,5.930,1.00,,photo
pilot_pair_5f75ec1d_00073_inside.npz,pilot,5f75ec1d458b56000772bd59,orto_basemap,inside,,236.4,2.33,242.88,0.946,1869,1.0,1.0,field,,3060218,g0213,1,,c0000,train,registered,5.930,1.00,,photo
pilot_pair_5f75ec1d_00074_inside.npz,pilot,5f75ec1d458b56000772bd59,orto_basemap,inside,,176.9,1.61,108.97,1.147,1893,1.0,0.9998,field,,3088219,g0213,1,,c0000,train,registered,5.930,1.00,,photo
pilot_pair_5f75ec1d_00075_inside.npz,pilot,5f75ec1d458b56000772bd59,orto_basemap,inside,,236.0,7.53,174.03,1.046,1751,1.0,0.999,field,,3069905,g0213,1,,c0000,train,registered,5.930,1.00,,photo
pilot_pair_5f75ec1d_00076_partial.npz,pilot,5f75ec1d458b56000772bd59,orto_basemap,partial,,227.1,9.53,132.96,1.008,1806,0.7524,0.7713,field,,2725235,g0213,1,,c0000,train,registered,5.930,1.00,,photo
pilot_pair_5f75ec1d_00077_inside.npz,pilot,5f75ec1d458b56000772bd59,orto_basemap,inside,,263.0,8.04,71.55,1.063,1845,1.0,0.9994,field,,2931493,g0213,1,,c0000,train,registered,5.930,1.00,,photo
pilot_pair_5f75ec1d_00078_inside.npz,pilot,5f75ec1d458b56000772bd59,orto_basemap,inside,,200.5,7.99,108.97,0.864,1324,1.0,0.9985,field,,2064447,g0213,1,,c0000,train,registered,5.930,1.00,,photo
pilot_pair_5f75ec1d_00079_partial.npz,pilot,5f75ec1d458b56000772bd59,orto_basemap,partial,,277.1,7.46,100.37,0.93,1822,0.7973,0.7518,field,,2650495,g0213,1,,c0000,train,registered,5.930,1.00,,photo
pilot_pair_5f75ec1d_00080_inside.npz,pilot,5f75ec1d458b56000772bd59,orto_basemap,inside,,228.9,7.11,343.08,0.929,1338,1.0,0.9999,global,,2496045,g0213,1,,c0000,train,approx,8.000,0.30,,photo
pilot_pair_5f75ec1d_00081_inside.npz,pilot,5f75ec1d458b56000772bd59,orto_basemap,inside,,273.8,8.09,344.25,1.118,1968,1.0,0.9999,global,,3419690,g0213,1,,c0000,train,approx,8.000,0.30,,photo
pilot_pair_5f75ec1d_00082_inside.npz,pilot,5f75ec1d458b56000772bd59,orto_basemap,inside,,235.6,8.84,72.07,0.904,1415,1.0,1.0,global,,2418017,g0213,1,,c0000,train,approx,8.000,0.30,,photo
pilot_pair_5f75ec1d_00083_partial.npz,pilot,5f75ec1d458b56000772bd59,orto_basemap,partial,,201.2,8.87,285.35,0.903,1495,0.7321,0.7511,global,,2129265,g0213,1,,c0000,train,approx,8.000,0.30,,photo
pilot_pair_5f75ec1d_00084_inside.npz,pilot,5f75ec1d458b56000772bd59,orto_basemap,inside,,182.9,2.05,181.38,0.994,1492,1.0,0.9999,field,,2664747,g0213,1,,c0000,train,registered,5.930,1.00,,photo
pilot_pair_5f75ec1d_00085_inside.npz,pilot,5f75ec1d458b56000772bd59,orto_basemap,inside,,252.4,6.41,7.53,1.007,1869,1.0,0.9997,field,,3357443,g0213,1,,c0000,train,registered,5.930,1.00,,photo
pilot_pair_5f75ec1d_00087_partial.npz,pilot,5f75ec1d458b56000772bd59,orto_basemap,partial,,199.2,6.53,125.18,1.111,1318,0.8073,0.7933,field,,1959870,g0213,1,,c0000,train,registered,5.930,1.00,,photo
pilot_pair_5f75ec1d_00088_inside.npz,pilot,5f75ec1d458b56000772bd59,orto_basemap,inside,,251.0,1.79,351.44,1.119,2048,1.0,0.9998,field,,2864231,g0213,1,,c0000,train,registered,5.930,1.00,,photo
pilot_pair_5f75ec1d_00089_inside.npz,pilot,5f75ec1d458b56000772bd59,orto_basemap,inside,,268.9,1.38,72.85,1.126,2023,1.0,0.9994,field,,3112188,g0213,1,,c0000,train,registered,5.930,1.00,,photo
pilot_pair_5f75ec1d_00090_inside.npz,pilot,5f75ec1d458b56000772bd59,orto_basemap,inside,,217.8,9.0,338.48,1.165,1769,1.0,0.9981,field,,2666780,g0213,1,,c0000,train,registered,5.930,1.00,,photo
pilot_pair_5f75ec1d_00091_inside.npz,pilot,5f75ec1d458b56000772bd59,orto_basemap,inside,,260.3,6.39,283.07,1.075,1501,1.0,0.9991,field,,2466048,g0213,1,,c0000,train,registered,5.930,1.00,,photo
pilot_pair_5f75ec1d_00093_inside.npz,pilot,5f75ec1d458b56000772bd59,orto_basemap,inside,,214.2,1.63,302.58,0.999,2018,1.0,0.999,field,,3030629,g0213,1,,c0000,train,registered,5.930,1.00,,photo
pilot_pair_5f75ec1d_00094_inside.npz,pilot,5f75ec1d458b56000772bd59,orto_basemap,inside,,229.7,4.62,107.14,1.112,1473,1.0,0.9992,field,,2246180,g0213,1,,c0000,train,registered,5.930,1.00,,photo
pilot_pair_5f75ec1d_00095_inside.npz,pilot,5f75ec1d458b56000772bd59,orto_basemap,inside,,266.2,5.96,317.67,1.075,1729,1.0,1.0,field,,3025225,g0213,1,,c0000,train,registered,5.930,1.00,,photo
pilot_pair_5f75ec1d_00096_inside.npz,pilot,5f75ec1d458b56000772bd59,orto_basemap,inside,,270.4,8.92,167.46,0.999,1850,1.0,0.9994,field,,3344236,g0213,1,,c0000,train,registered,5.930,1.00,,photo
pilot_pair_5f75ec1d_00097_partial.npz,pilot,5f75ec1d458b56000772bd59,orto_basemap,partial,,260.9,6.46,326.68,0.975,1450,0.6969,0.6606,field,,2410457,g0213,1,,c0000,train,registered,5.930,1.00,,photo
pilot_pair_5f75ec1d_00098_inside.npz,pilot,5f75ec1d458b56000772bd59,orto_basemap,inside,,248.2,0.0,265.62,0.951,1405,1.0,0.9995,field,,2320441,g0213,1,,c0000,train,registered,5.930,1.00,,photo
pilot_pair_5f75ec1d_00099_inside.npz,pilot,5f75ec1d458b56000772bd59,orto_basemap,inside,,283.2,1.96,309.12,1.043,1890,1.0,0.9996,field,,3469668,g0213,1,,c0000,train,registered,5.930,1.00,,photo
pilot_pair_5f75ec1d_00100_partial.npz,pilot,5f75ec1d458b56000772bd59,orto_basemap,partial,,239.9,0.04,58.62,0.908,1816,0.6363,0.6362,field,,2556748,g0213,1,,c0000,train,registered,5.930,1.00,,photo
pilot_pair_5f75ec1d_00101_inside.npz,pilot,5f75ec1d458b56000772bd59,orto_basemap,inside,,218.3,0.58,42.34,0.933,1503,1.0,1.0,field,,2482871,g0213,1,,c0000,train,registered,5.930,1.00,,photo
pilot_pair_5f75ec1d_00102_inside.npz,pilot,5f75ec1d458b56000772bd59,orto_basemap,inside,,249.8,0.81,207.56,0.991,1494,1.0,1.0,field,,2925265,g0213,1,,c0000,train,registered,5.930,1.00,,photo
pilot_pair_5f75ec1d_00104_partial.npz,pilot,5f75ec1d458b56000772bd59,orto_basemap,partial,,206.0,9.53,277.5,0.975,971,0.8919,0.8881,field,,1599414,g0213,1,,c0000,train,registered,5.930,1.00,,photo
pilot_pair_5f75ec1d_00105_inside.npz,pilot,5f75ec1d458b56000772bd59,orto_basemap,inside,,250.9,6.13,316.56,0.879,1733,1.0,0.9987,field,,2688958,g0213,1,,c0000,train,registered,5.930,1.00,,photo
pilot_pair_5f75ec1d_00106_inside.npz,pilot,5f75ec1d458b56000772bd59,orto_basemap,inside,,231.9,1.26,3.22,1.129,1412,1.0,0.9879,field,,2276631,g0213,1,,c0000,train,registered,5.930,1.00,,photo
pilot_pair_5f75ec1d_00107_inside.npz,pilot,5f75ec1d458b56000772bd59,orto_basemap,inside,,298.8,9.33,220.91,1.039,1633,1.0,0.9938,field,,2799318,g0213,1,,c0000,train,registered,5.930,1.00,,photo
pilot_pair_5f75ec1d_00108_inside.npz,pilot,5f75ec1d458b56000772bd59,orto_basemap,inside,,212.7,2.09,124.39,0.962,1371,1.0,1.0,field,,2472050,g0213,1,,c0000,train,registered,5.930,1.00,,photo
pilot_pair_5f75ec1d_00109_inside.npz,pilot,5f75ec1d458b56000772bd59,orto_basemap,inside,,203.1,2.74,1.74,0.954,1554,1.0,0.9996,field,,2210044,g0213,1,,c0000,train,registered,5.930,1.00,,photo
pilot_pair_5f75ec1d_00110_partial.npz,pilot,5f75ec1d458b56000772bd59,orto_basemap,partial,,281.2,2.0,101.52,0.89,1881,0.7812,0.7864,field,,2974703,g0213,1,,c0000,train,registered,5.930,1.00,,photo
pilot_pair_5f75ec1d_00111_partial.npz,pilot,5f75ec1d458b56000772bd59,orto_basemap,partial,,267.7,5.23,333.58,0.9,1492,0.6408,0.6692,field,,2073407,g0213,1,,c0000,train,registered,5.930,1.00,,photo
pilot_pair_5f75ec1d_00112_partial.npz,pilot,5f75ec1d458b56000772bd59,orto_basemap,partial,,218.7,1.87,352.87,0.909,1928,0.7807,0.7689,field,,2548553,g0213,1,,c0000,train,registered,5.930,1.00,,photo
pilot_pair_5f75ec1d_00114_inside.npz,pilot,5f75ec1d458b56000772bd59,orto_basemap,inside,,277.5,2.57,318.75,0.911,1406,1.0,0.9998,field,,2618120,g0213,1,,c0000,train,registered,5.930,1.00,,photo
pilot_pair_5f75ec1d_00115_partial.npz,pilot,5f75ec1d458b56000772bd59,orto_basemap,partial,,285.9,8.43,113.68,1.102,2017,0.6601,0.7173,field,,3208218,g0213,1,,c0000,train,registered,5.930,1.00,,photo
pilot_pair_5f75ec1d_00116_inside.npz,pilot,5f75ec1d458b56000772bd59,orto_basemap,inside,,194.6,2.35,184.37,1.095,1628,1.0,0.9998,field,,2405744,g0213,1,,c0000,train,registered,5.930,1.00,,photo
pilot_pair_5f75ec1d_00117_inside.npz,pilot,5f75ec1d458b56000772bd59,orto_basemap,inside,,214.8,9.17,201.96,1.157,1405,1.0,1.0,field,,2312365,g0213,1,,c0000,train,registered,5.930,1.00,,photo
pilot_pair_5f75ec1d_00118_partial.npz,pilot,5f75ec1d458b56000772bd59,orto_basemap,partial,,202.7,0.58,343.53,1.121,1798,0.7058,0.7091,field,,2459842,g0213,1,,c0000,train,registered,5.930,1.00,,photo
pilot_pair_5f75ec1d_00119_inside.npz,pilot,5f75ec1d458b56000772bd59,orto_basemap,inside,,297.5,2.06,53.28,0.954,1239,1.0,0.9987,field,,2264601,g0213,1,,c0000,train,registered,5.930,1.00,,photo
pilot_pair_5f75ec1d_00120_inside.npz,pilot,5f75ec1d458b56000772bd59,orto_basemap,inside,,221.8,0.14,165.03,0.922,1210,1.0,0.9999,field,,2395360,g0213,1,,c0000,train,registered,5.930,1.00,,photo
pilot_pair_5f75ec1d_00121_inside.npz,pilot,5f75ec1d458b56000772bd59,orto_basemap,inside,,208.6,3.2,84.57,1.17,2048,1.0,1.0,field,,3422145,g0213,1,,c0000,train,registered,5.930,1.00,,photo
pilot_pair_5f75ec1d_00123_inside.npz,pilot,5f75ec1d458b56000772bd59,orto_basemap,inside,,231.6,4.27,216.83,1.183,1710,1.0,0.9999,field,,2837188,g0213,1,,c0000,train,registered,5.930,1.00,,photo
pilot_pair_5f75ec1d_00124_inside.npz,pilot,5f75ec1d458b56000772bd59,orto_basemap,inside,,251.2,8.22,329.89,0.985,1639,1.0,0.9998,field,,2663901,g0213,1,,c0000,train,registered,5.930,1.00,,photo
pilot_pair_5f75ec1d_00125_inside.npz,pilot,5f75ec1d458b56000772bd59,orto_basemap,inside,,209.5,6.69,85.71,1.05,1352,1.0,1.0,field,,2675512,g0213,1,,c0000,train,registered,5.930,1.00,,photo
pilot_pair_5f75ec1d_00126_inside.npz,pilot,5f75ec1d458b56000772bd59,orto_basemap,inside,,195.4,3.25,49.33,0.98,1362,1.0,0.9998,field,,2212156,g0213,1,,c0000,train,registered,5.930,1.00,,photo
pilot_pair_5f75ec1d_00127_inside.npz,pilot,5f75ec1d458b56000772bd59,orto_basemap,inside,,197.5,8.09,309.78,0.999,1603,1.0,0.9998,field,,2674627,g0213,1,,c0000,train,registered,5.930,1.00,,photo
pilot_pair_5f75ec1d_00128_inside.npz,pilot,5f75ec1d458b56000772bd59,orto_basemap,inside,,196.1,6.35,159.95,1.015,1267,1.0,0.9998,field,,2615350,g0213,1,,c0000,train,registered,5.930,1.00,,photo
pilot_pair_5f75ec1d_00129_inside.npz,pilot,5f75ec1d458b56000772bd59,orto_basemap,inside,,187.3,9.96,153.25,0.876,1178,1.0,1.0,field,,2333896,g0213,1,,c0000,train,registered,5.930,1.00,,photo
pilot_pair_5f75ec1d_00130_inside.npz,pilot,5f75ec1d458b56000772bd59,orto_basemap,inside,,298.8,3.31,270.86,1.105,1455,1.0,0.998,field,,2829084,g0213,1,,c0000,train,registered,5.930,1.00,,photo
pilot_pair_5f75ec1d_00131_inside.npz,pilot,5f75ec1d458b56000772bd59,orto_basemap,inside,,234.6,3.21,90.33,1.191,1659,1.0,0.9993,field,,2982295,g0213,1,,c0000,train,registered,5.930,1.00,,photo
pilot_pair_5f75ec1d_00132_inside.npz,pilot,5f75ec1d458b56000772bd59,orto_basemap,inside,,257.2,5.83,241.55,1.011,1906,1.0,0.9985,field,,3140884,g0213,1,,c0000,train,registered,5.930,1.00,,photo
pilot_pair_5f75ec1d_00133_inside.npz,pilot,5f75ec1d458b56000772bd59,orto_basemap,inside,,266.0,8.0,304.25,1.191,1953,1.0,0.9999,field,,2902793,g0213,1,,c0000,train,registered,5.930,1.00,,photo
pilot_pair_5f75ec1d_00134_inside.npz,pilot,5f75ec1d458b56000772bd59,orto_basemap,inside,,242.1,0.49,342.72,0.958,1417,1.0,1.0,field,,2447652,g0213,1,,c0000,train,registered,5.930,1.00,,photo
pilot_pair_5f75ec1d_00135_partial.npz,pilot,5f75ec1d458b56000772bd59,orto_basemap,partial,,216.0,1.38,197.53,1.106,1167,0.7915,0.7992,field,,2227223,g0213,1,,c0000,train,registered,5.930,1.00,,photo
pilot_pair_5f75ec1d_00136_inside.npz,pilot,5f75ec1d458b56000772bd59,orto_basemap,inside,,182.3,5.05,204.69,0.988,1817,1.0,0.9999,field,,2504625,g0213,1,,c0000,train,registered,5.930,1.00,,photo
pilot_pair_5f75ec1d_00137_inside.npz,pilot,5f75ec1d458b56000772bd59,orto_basemap,inside,,181.8,1.39,330.99,0.966,1724,1.0,1.0,cell_refine,,2933628,g0213,1,,c0000,train,registered,5.930,1.00,,photo
pilot_pair_5f75ec1d_00138_partial.npz,pilot,5f75ec1d458b56000772bd59,orto_basemap,partial,,236.6,1.71,82.58,1.075,1845,0.6663,0.6661,cell_refine,,2283254,g0213,1,,c0000,train,registered,5.930,1.00,,photo
pilot_pair_5f75ec1d_00139_inside.npz,pilot,5f75ec1d458b56000772bd59,orto_basemap,inside,,184.0,2.41,275.84,1.061,1385,1.0,1.0,cell_refine,,2690195,g0213,1,,c0000,train,registered,5.930,1.00,,photo
pilot_pair_5f75ec1d_00140_inside.npz,pilot,5f75ec1d458b56000772bd59,orto_basemap,inside,,186.0,0.41,243.1,1.137,2048,1.0,1.0,cell_refine,,3225233,g0213,1,,c0000,train,registered,5.930,1.00,,photo
pilot_pair_5f75ec1d_00142_inside.npz,pilot,5f75ec1d458b56000772bd59,orto_basemap,inside,,267.5,4.7,211.51,1.186,2048,1.0,1.0,field,,3117096,g0213,1,,c0000,train,registered,5.930,1.00,,photo
pilot_pair_5f75ec1d_00143_inside.npz,pilot,5f75ec1d458b56000772bd59,orto_basemap,inside,,285.1,8.85,86.92,0.896,1513,1.0,0.9983,field,,2359268,g0213,1,,c0000,train,registered,5.930,1.00,,photo
pilot_pair_5f75ec1d_00144_inside.npz,pilot,5f75ec1d458b56000772bd59,orto_basemap,inside,,247.8,2.84,289.37,0.889,1667,1.0,1.0,field,,2606785,g0213,1,,c0000,train,registered,5.930,1.00,,photo
pilot_pair_5f75ec1d_00145_inside.npz,pilot,5f75ec1d458b56000772bd59,orto_basemap,inside,,252.5,9.47,106.73,1.009,1626,1.0,0.9959,field,,3016809,g0213,1,,c0000,train,registered,5.930,1.00,,photo
pilot_pair_5f75ec1d_00147_partial.npz,pilot,5f75ec1d458b56000772bd59,orto_basemap,partial,,237.3,5.08,13.53,1.175,1122,0.8532,0.8442,field,,1988229,g0213,1,,c0000,train,registered,5.930,1.00,,photo
pilot_pair_5f75ec1d_00149_inside.npz,pilot,5f75ec1d458b56000772bd59,orto_basemap,inside,,252.4,5.27,90.15,1.105,1956,1.0,0.9994,field,,2846482,g0213,1,,c0000,train,registered,5.930,1.00,,photo
pilot_pair_5f75ec1d_00150_inside.npz,pilot,5f75ec1d458b56000772bd59,orto_basemap,inside,,214.1,5.32,254.83,0.954,1320,1.0,0.9982,field,,2391292,g0213,1,,c0000,train,registered,5.930,1.00,,photo
pilot_pair_5f75ec1d_00151_partial.npz,pilot,5f75ec1d458b56000772bd59,orto_basemap,partial,,286.6,2.55,87.39,0.928,1499,0.7512,0.7587,field,,2072357,g0213,1,,c0000,train,registered,5.930,1.00,,photo
pilot_pair_5f75ec1d_00152_inside.npz,pilot,5f75ec1d458b56000772bd59,orto_basemap,inside,,175.5,0.47,47.05,0.997,1276,1.0,0.9973,field,,2080474,g0213,1,,c0000,train,registered,5.930,1.00,,photo
pilot_pair_5f75ec1d_00153_partial.npz,pilot,5f75ec1d458b56000772bd59,orto_basemap,partial,,175.9,1.87,89.78,1.082,1467,0.8333,0.8328,field,,1984812,g0213,1,,c0000,train,registered,5.930,1.00,,photo
pilot_pair_5f75ec1d_00154_inside.npz,pilot,5f75ec1d458b56000772bd59,orto_basemap,inside,,237.0,7.51,337.31,1.173,1731,1.0,0.9978,field,,2968216,g0213,1,,c0000,train,registered,5.930,1.00,,photo
pilot_pair_5f75ec1d_00155_inside.npz,pilot,5f75ec1d458b56000772bd59,orto_basemap,inside,,257.3,3.79,167.42,1.17,1578,1.0,0.9994,field,,2744299,g0213,1,,c0000,train,registered,5.930,1.00,,photo
pilot_pair_5f75ec1d_00158_inside.npz,pilot,5f75ec1d458b56000772bd59,orto_basemap,inside,,239.3,6.75,210.7,1.093,1860,1.0,1.0,field,,3279993,g0213,1,,c0000,train,registered,5.930,1.00,,photo
pilot_pair_5f75ec1d_00159_inside.npz,pilot,5f75ec1d458b56000772bd59,orto_basemap,inside,,178.8,9.37,18.65,1.197,1633,1.0,0.9996,field,,2354502,g0213,1,,c0000,train,registered,5.930,1.00,,photo
pilot_pair_5f75ec1d_00160_inside.npz,pilot,5f75ec1d458b56000772bd59,orto_basemap,inside,,238.6,4.0,352.35,1.105,2048,1.0,0.9993,field,,3355613,g0213,1,,c0000,train,registered,5.930,1.00,,photo
pilot_pair_5f75ec1d_00161_inside.npz,pilot,5f75ec1d458b56000772bd59,orto_basemap,inside,,244.5,7.03,58.63,0.927,1813,1.0,0.9998,field,,3034380,g0213,1,,c0000,train,registered,5.930,1.00,,photo
pilot_pair_5f75ec1d_00162_inside.npz,pilot,5f75ec1d458b56000772bd59,orto_basemap,inside,,215.8,4.35,138.8,0.963,1413,1.0,0.9986,field,,2620455,g0213,1,,c0000,train,registered,5.930,1.00,,photo
pilot_pair_5f75ec1d_00165_inside.npz,pilot,5f75ec1d458b56000772bd59,orto_basemap,inside,,243.8,9.15,55.3,1.198,1487,1.0,0.9999,field,,2436493,g0213,1,,c0000,train,registered,5.930,1.00,,photo
pilot_pair_5f75ec1d_00167_inside.npz,pilot,5f75ec1d458b56000772bd59,orto_basemap,inside,,221.7,5.05,208.01,0.973,1713,1.0,0.9999,field,,2867911,g0213,1,,c0000,train,registered,5.930,1.00,,photo
pilot_pair_5f75ec1d_00168_partial.npz,pilot,5f75ec1d458b56000772bd59,orto_basemap,partial,,255.2,4.59,342.85,0.854,1304,0.6759,0.6433,field,,1999359,g0213,1,,c0000,train,registered,5.930,1.00,,photo
pilot_pair_5f75ec1d_00169_inside.npz,pilot,5f75ec1d458b56000772bd59,orto_basemap,inside,,209.1,3.64,147.38,0.888,1127,1.0,0.9997,field,,2137221,g0213,1,,c0000,train,registered,5.930,1.00,,photo
pilot_pair_5f75ec1d_00170_inside.npz,pilot,5f75ec1d458b56000772bd59,orto_basemap,inside,,232.8,7.39,296.4,0.989,1904,1.0,0.9948,field,,2809473,g0213,1,,c0000,train,registered,5.930,1.00,,photo
pilot_pair_5f75ec1d_00171_inside.npz,pilot,5f75ec1d458b56000772bd59,orto_basemap,inside,,243.5,6.82,32.19,1.031,1268,1.0,0.9999,field,,2060255,g0213,1,,c0000,train,registered,5.930,1.00,,photo
pilot_pair_5f75ec1d_00172_inside.npz,pilot,5f75ec1d458b56000772bd59,orto_basemap,inside,,215.6,0.74,316.73,0.905,1339,1.0,1.0,field,,2396245,g0213,1,,c0000,train,registered,5.930,1.00,,photo
pilot_pair_5f75ec1d_00173_inside.npz,pilot,5f75ec1d458b56000772bd59,orto_basemap,inside,,247.5,1.81,280.31,1.094,1738,1.0,1.0,field,,2509954,g0213,1,,c0000,train,registered,5.930,1.00,,photo
pilot_pair_5f75ec1d_00174_inside.npz,pilot,5f75ec1d458b56000772bd59,orto_basemap,inside,,232.7,8.5,129.95,0.955,1205,1.0,1.0,field,,2189144,g0213,1,,c0000,train,registered,5.930,1.00,,photo
pilot_pair_5f75ec1d_00175_inside.npz,pilot,5f75ec1d458b56000772bd59,orto_basemap,inside,,211.9,8.96,350.18,1.126,1493,1.0,0.9971,field,,2253384,g0213,1,,c0000,train,registered,5.930,1.00,,photo
pilot_pair_5f75ec1d_00176_inside.npz,pilot,5f75ec1d458b56000772bd59,orto_basemap,inside,,235.2,6.22,355.24,0.874,1477,1.0,0.9987,field,,2621620,g0213,1,,c0000,train,registered,5.930,1.00,,photo
pilot_pair_5f75ec1d_00177_inside.npz,pilot,5f75ec1d458b56000772bd59,orto_basemap,inside,,289.7,2.74,137.12,1.122,1432,1.0,0.9985,field,,2847611,g0213,1,,c0000,train,registered,5.930,1.00,,photo
pilot_pair_5f75ec1d_00178_inside.npz,pilot,5f75ec1d458b56000772bd59,orto_basemap,inside,,292.8,9.17,88.73,1.137,1430,1.0,0.9988,field,,2628311,g0213,1,,c0000,train,registered,5.930,1.00,,photo
pilot_pair_5f75ec1d_00180_partial.npz,pilot,5f75ec1d458b56000772bd59,orto_basemap,partial,,225.3,4.81,31.9,1.017,891,0.7148,0.7212,field,,1972332,g0213,1,,c0000,train,registered,5.930,1.00,,photo
pilot_pair_5f75ec1d_00181_inside.npz,pilot,5f75ec1d458b56000772bd59,orto_basemap,inside,,246.2,8.52,179.64,1.143,1825,1.0,0.9998,field,,2722049,g0213,1,,c0000,train,registered,5.930,1.00,,photo
pilot_pair_5f75ec1d_00183_partial.npz,pilot,5f75ec1d458b56000772bd59,orto_basemap,partial,,195.5,5.67,20.98,0.866,825,0.695,0.7311,field,,1801518,g0213,1,,c0000,train,registered,5.930,1.00,,photo
pilot_pair_5f75ec1d_00184_partial.npz,pilot,5f75ec1d458b56000772bd59,orto_basemap,partial,,297.9,6.43,109.97,1.093,1452,0.7832,0.8054,field,,2613283,g0213,1,,c0000,train,registered,5.930,1.00,,photo
pilot_pair_5f75ec1d_00185_inside.npz,pilot,5f75ec1d458b56000772bd59,orto_basemap,inside,,293.3,7.48,19.36,1.148,1834,1.0,0.9997,field,,2766174,g0213,1,,c0000,train,registered,5.930,1.00,,photo
pilot_pair_5f75ec1d_00187_partial.npz,pilot,5f75ec1d458b56000772bd59,orto_basemap,partial,,200.4,5.6,71.65,0.916,1340,0.8607,0.873,field,,2516697,g0213,1,,c0000,train,registered,5.930,1.00,,photo
pilot_pair_5f75ec1d_00188_inside.npz,pilot,5f75ec1d458b56000772bd59,orto_basemap,inside,,197.1,7.03,347.09,0.949,1826,1.0,0.9999,field,,3080566,g0213,1,,c0000,train,registered,5.930,1.00,,photo
pilot_pair_5f75ec1d_00190_partial.npz,pilot,5f75ec1d458b56000772bd59,orto_basemap,partial,,283.2,7.66,283.66,0.916,1874,0.7508,0.7394,field,,2870755,g0213,1,,c0000,train,registered,5.930,1.00,,photo
pilot_pair_5f75ec1d_00191_partial.npz,pilot,5f75ec1d458b56000772bd59,orto_basemap,partial,,279.1,6.73,312.78,0.867,1779,0.7735,0.7622,field,,2656373,g0213,1,,c0000,train,registered,5.930,1.00,,photo
pilot_pair_5f75ec1d_00192_partial.npz,pilot,5f75ec1d458b56000772bd59,orto_basemap,partial,,243.6,0.86,291.16,1.059,1758,0.6294,0.6247,field,,2665247,g0213,1,,c0000,train,registered,5.930,1.00,,photo
pilot_pair_5f75ec1d_00193_inside.npz,pilot,5f75ec1d458b56000772bd59,orto_basemap,inside,,239.4,4.54,62.55,0.922,1502,1.0,1.0,field,,2505768,g0213,1,,c0000,train,registered,5.930,1.00,,photo
pilot_pair_5f75ec1d_00195_inside.npz,pilot,5f75ec1d458b56000772bd59,orto_basemap,inside,,297.0,1.98,52.28,0.942,1300,1.0,1.0,field,,2419702,g0213,1,,c0000,train,registered,5.930,1.00,,photo
pilot_pair_5f75ec1d_00197_inside.npz,pilot,5f75ec1d458b56000772bd59,orto_basemap,inside,,257.3,7.89,313.17,1.048,1910,1.0,0.9998,field,,3187726,g0213,1,,c0000,train,registered,5.930,1.00,,photo
pilot_pair_5f75ec1d_00198_partial.npz,pilot,5f75ec1d458b56000772bd59,orto_basemap,partial,,186.5,2.08,271.28,1.015,2044,0.7392,0.739,field,,3158820,g0213,1,,c0000,train,registered,5.930,1.00,,photo
pilot_pair_5f75ec1d_00199_inside.npz,pilot,5f75ec1d458b56000772bd59,orto_basemap,inside,,213.8,9.86,235.39,0.866,1228,1.0,0.9997,field,,2632013,g0213,1,,c0000,train,registered,5.930,1.00,,photo
pilot_pair_5f75ec1d_00200_inside.npz,pilot,5f75ec1d458b56000772bd59,orto_basemap,inside,,256.9,7.87,260.14,1.031,1605,1.0,0.9999,field,,2733306,g0213,1,,c0000,train,registered,5.930,1.00,,photo
pilot_pair_5f75ec1d_00201_inside.npz,pilot,5f75ec1d458b56000772bd59,orto_basemap,inside,,248.6,4.01,152.7,1.134,2048,1.0,0.9999,field,,2995205,g0213,1,,c0000,train,registered,5.930,1.00,,photo
pilot_pair_5f75ec1d_00202_partial.npz,pilot,5f75ec1d458b56000772bd59,orto_basemap,partial,,194.7,5.23,211.25,1.087,1086,0.8066,0.8011,field,,2032777,g0213,1,,c0000,train,registered,5.930,1.00,,photo
pilot_pair_5f75ec1d_00203_inside.npz,pilot,5f75ec1d458b56000772bd59,orto_basemap,inside,,215.8,4.81,179.93,0.957,1254,1.0,0.9998,field,,2277099,g0213,1,,c0000,train,registered,5.930,1.00,,photo
pilot_pair_5f75ec1d_00205_partial.npz,pilot,5f75ec1d458b56000772bd59,orto_basemap,partial,,262.9,2.05,12.17,1.025,1446,0.6524,0.6372,field,,2273377,g0213,1,,c0000,train,registered,5.930,1.00,,photo
pilot_pair_5f75ec1d_00207_inside.npz,pilot,5f75ec1d458b56000772bd59,orto_basemap,inside,,293.2,7.56,42.94,1.078,2048,1.0,1.0,global,,3406441,g0213,1,,c0000,train,approx,8.000,0.30,,photo
pilot_pair_5f75ec1d_00208_inside.npz,pilot,5f75ec1d458b56000772bd59,orto_basemap,inside,,293.9,2.24,47.77,1.067,1523,1.0,1.0,global,,2464287,g0213,1,,c0000,train,approx,8.000,0.30,,photo
pilot_pair_5f75ec1d_00211_partial.npz,pilot,5f75ec1d458b56000772bd59,orto_basemap,partial,,291.1,0.73,240.11,0.889,1379,0.6362,0.6339,cell_refine,,1626813,g0213,1,,c0000,train,registered,5.930,1.00,,photo
pilot_pair_5f75ec1d_00212_partial.npz,pilot,5f75ec1d458b56000772bd59,orto_basemap,partial,,221.8,0.19,171.85,1.025,1432,0.8351,0.8343,cell_refine,,2735545,g0213,1,,c0000,train,registered,5.930,1.00,,photo
pilot_pair_5f75ec1d_00213_inside.npz,pilot,5f75ec1d458b56000772bd59,orto_basemap,inside,,194.8,2.0,143.81,0.944,1565,1.0,1.0,cell_refine,,2633105,g0213,1,,c0000,train,registered,5.930,1.00,,photo
pilot_pair_5f75ec1d_00214_inside.npz,pilot,5f75ec1d458b56000772bd59,orto_basemap,inside,,287.8,4.93,209.42,1.142,1505,1.0,1.0,cell_refine,,2573436,g0213,1,,c0000,train,registered,5.930,1.00,,photo
pilot_pair_5f75ec1d_00215_inside.npz,pilot,5f75ec1d458b56000772bd59,orto_basemap,inside,,227.4,2.81,296.43,0.984,1553,1.0,1.0,cell_refine,,2324939,g0213,1,,c0000,train,registered,5.930,1.00,,photo
pilot_pair_5f75ec1d_00216_partial.npz,pilot,5f75ec1d458b56000772bd59,orto_basemap,partial,,263.7,5.98,34.27,1.161,1574,0.7759,0.7952,cell_refine,,2500070,g0213,1,,c0000,train,registered,5.930,1.00,,photo
pilot_pair_5f75ec1d_00220_partial.npz,pilot,5f75ec1d458b56000772bd59,orto_basemap,partial,,207.6,0.95,112.92,0.883,1180,0.6276,0.6221,field,,1977688,g0213,1,,c0000,train,registered,5.930,1.00,,photo
pilot_pair_5f75ec1d_00222_inside.npz,pilot,5f75ec1d458b56000772bd59,orto_basemap,inside,,295.3,3.0,354.42,1.136,1478,1.0,0.9999,field,,2757734,g0213,1,,c0000,train,registered,5.930,1.00,,photo
pilot_pair_5f75ec1d_00223_inside.npz,pilot,5f75ec1d458b56000772bd59,orto_basemap,inside,,297.2,0.39,351.93,1.193,1771,1.0,0.9981,cell_refine,,3141256,g0213,1,,c0000,train,registered,5.930,1.00,,photo
pilot_pair_5f75ec1d_00224_inside.npz,pilot,5f75ec1d458b56000772bd59,orto_basemap,inside,,290.0,7.1,346.93,1.099,1900,1.0,1.0,cell_refine,,3126209,g0213,1,,c0000,train,registered,5.930,1.00,,photo
pilot_pair_5f75ec1d_00225_inside.npz,pilot,5f75ec1d458b56000772bd59,orto_basemap,inside,,289.5,1.47,132.75,1.197,1802,1.0,0.9999,cell_refine,,2882350,g0213,1,,c0000,train,registered,5.930,1.00,,photo
pilot_pair_68b9250f_00000_partial.npz,pilot,68b9250f933f12d326a7642c,orto_basemap,partial,,209.3,7.2,2.55,0.752,1085,0.8953,0.8702,field,,1728085,g0507,1,,c0002,heldout,registered,1.610,1.00,,photo
pilot_pair_68b9250f_00001_inside.npz,pilot,68b9250f933f12d326a7642c,orto_basemap,inside,,286.8,0.24,152.18,1.03,1337,1.0,1.0,field,,2118426,g0507,1,,c0002,heldout,registered,1.610,1.00,,photo
pilot_pair_68b9250f_00002_inside.npz,pilot,68b9250f933f12d326a7642c,orto_basemap,inside,,182.8,3.75,297.18,0.657,1196,1.0,0.9991,field,,1848759,g0507,1,,c0002,heldout,registered,1.610,1.00,,photo
pilot_pair_68b9250f_00003_inside.npz,pilot,68b9250f933f12d326a7642c,orto_basemap,inside,,222.6,4.31,261.11,0.799,1045,1.0,1.0,field,,1936627,g0507,1,,c0002,heldout,registered,1.610,1.00,,photo
pilot_pair_68b9250f_00004_inside.npz,pilot,68b9250f933f12d326a7642c,orto_basemap,inside,,184.1,6.98,92.81,0.661,1046,1.0,1.0,field,,1973756,g0507,1,,c0002,heldout,registered,1.610,1.00,,photo
pilot_pair_68b9250f_00005_partial.npz,pilot,68b9250f933f12d326a7642c,orto_basemap,partial,,231.0,2.03,132.37,0.83,902,0.893,0.8969,field,,2080906,g0507,1,,c0002,heldout,registered,1.610,1.00,,photo
pilot_pair_68b9250f_00006_partial.npz,pilot,68b9250f933f12d326a7642c,orto_basemap,partial,,269.9,6.9,214.92,0.877,881,0.8512,0.8348,field,,2062423,g0507,1,,c0002,heldout,registered,1.610,1.00,,photo
pilot_pair_68b9250f_00007_partial.npz,pilot,68b9250f933f12d326a7642c,orto_basemap,partial,,271.1,9.65,189.23,0.953,1393,0.7823,0.814,field,,2068337,g0507,1,,c0002,heldout,registered,1.610,1.00,,photo
pilot_pair_68b9250f_00008_inside.npz,pilot,68b9250f933f12d326a7642c,orto_basemap,inside,,204.0,9.75,302.84,0.733,1099,1.0,0.9996,field,,1625220,g0507,1,,c0002,heldout,registered,1.610,1.00,,photo
pilot_pair_68b9250f_00009_partial.npz,pilot,68b9250f933f12d326a7642c,orto_basemap,partial,,220.0,3.81,230.94,0.79,936,0.8548,0.8181,field,,1571561,g0507,1,,c0002,heldout,registered,1.610,1.00,,photo
pilot_pair_68b9250f_00010_inside.npz,pilot,68b9250f933f12d326a7642c,orto_basemap,inside,,288.1,9.99,6.06,1.035,1488,1.0,0.9998,field,,1968399,g0507,1,,c0002,heldout,registered,1.610,1.00,,photo
pilot_pair_68b9250f_00011_inside.npz,pilot,68b9250f933f12d326a7642c,orto_basemap,inside,,221.5,2.23,171.75,0.796,1048,1.0,0.9997,field,,1946852,g0507,1,,c0002,heldout,registered,1.610,1.00,,photo
pilot_pair_68b9250f_00012_inside.npz,pilot,68b9250f933f12d326a7642c,orto_basemap,inside,,206.4,5.4,27.08,0.741,1063,1.0,0.9996,field,,2271093,g0507,1,,c0002,heldout,registered,1.610,1.00,,photo
pilot_pair_68b9250f_00013_inside.npz,pilot,68b9250f933f12d326a7642c,orto_basemap,inside,,194.3,7.17,183.71,0.698,1385,1.0,0.9999,field,,1988509,g0507,1,,c0002,heldout,registered,1.610,1.00,,photo
pilot_pair_68b9250f_00014_partial.npz,pilot,68b9250f933f12d326a7642c,orto_basemap,partial,,274.6,9.39,241.77,0.891,1400,0.6186,0.6162,field,,2016954,g0507,1,,c0002,heldout,registered,1.610,1.00,,photo
pilot_pair_68b9250f_00015_inside.npz,pilot,68b9250f933f12d326a7642c,orto_basemap,inside,,211.0,6.51,35.18,0.758,1193,1.0,1.0,field,,2027775,g0507,1,,c0002,heldout,registered,1.610,1.00,,photo
pilot_pair_68b9250f_00016_inside.npz,pilot,68b9250f933f12d326a7642c,orto_basemap,inside,,226.8,3.17,166.77,0.815,1465,1.0,1.0,field,,2353291,g0507,1,,c0002,heldout,registered,1.610,1.00,,photo
pilot_pair_68b9250f_00017_inside.npz,pilot,68b9250f933f12d326a7642c,orto_basemap,inside,,217.4,0.82,314.8,0.781,1479,1.0,1.0,field,,1762760,g0507,1,,c0002,heldout,registered,1.610,1.00,,photo
pilot_pair_68b9250f_00019_inside.npz,pilot,68b9250f933f12d326a7642c,orto_basemap,inside,,183.2,5.5,59.83,0.658,1039,1.0,0.9998,field,,1698404,g0507,1,,c0002,heldout,registered,1.610,1.00,,photo
pilot_pair_68b9250f_00020_inside.npz,pilot,68b9250f933f12d326a7642c,orto_basemap,inside,,245.1,3.99,223.32,0.88,1279,1.0,1.0,field,,1897497,g0507,1,,c0002,heldout,registered,1.610,1.00,,photo
pilot_pair_68b9250f_00022_inside.npz,pilot,68b9250f933f12d326a7642c,orto_basemap,inside,,268.2,8.31,45.65,0.963,1734,1.0,1.0,field,,2475883,g0507,1,,c0002,heldout,registered,1.610,1.00,,photo
pilot_pair_68b9250f_00023_inside.npz,pilot,68b9250f933f12d326a7642c,orto_basemap,inside,,272.3,5.15,100.03,0.911,1393,1.0,0.9999,field,,2387396,g0507,1,,c0002,heldout,registered,1.610,1.00,,photo
pilot_pair_68b9250f_00025_partial.npz,pilot,68b9250f933f12d326a7642c,orto_basemap,partial,,219.2,1.23,195.59,0.787,1046,0.8335,0.8292,field,,1635717,g0507,1,,c0002,heldout,registered,1.610,1.00,,photo
pilot_pair_68b9250f_00026_partial.npz,pilot,68b9250f933f12d326a7642c,orto_basemap,partial,,234.6,2.5,138.91,0.843,1521,0.6843,0.6644,field,,1895534,g0507,1,,c0002,heldout,registered,1.610,1.00,,photo
pilot_pair_68b9250f_00027_inside.npz,pilot,68b9250f933f12d326a7642c,orto_basemap,inside,,276.7,2.86,168.01,0.994,1401,1.0,1.0,field,,1975274,g0507,1,,c0002,heldout,registered,1.610,1.00,,photo
pilot_pair_68b9250f_00028_inside.npz,pilot,68b9250f933f12d326a7642c,orto_basemap,inside,,218.9,6.14,350.69,0.786,1404,1.0,0.9999,field,,1922803,g0507,1,,c0002,heldout,registered,1.610,1.00,,photo
pilot_pair_68b9250f_00029_partial.npz,pilot,68b9250f933f12d326a7642c,orto_basemap,partial,,227.1,5.13,254.97,0.816,1275,0.6553,0.6392,field,,1588525,g0507,1,,c0002,heldout,registered,1.610,1.00,,photo
pilot_pair_68b9250f_00030_inside.npz,pilot,68b9250f933f12d326a7642c,orto_basemap,inside,,255.4,1.97,202.5,0.917,1714,1.0,1.0,field,,2491887,g0507,1,,c0002,heldout,registered,1.610,1.00,,photo
pilot_pair_68b9250f_00031_inside.npz,pilot,68b9250f933f12d326a7642c,orto_basemap,inside,,289.7,1.67,308.13,0.905,1211,1.0,0.9999,field,,1982642,g0507,1,,c0002,heldout,registered,1.610,1.00,,photo
pilot_pair_68b9250f_00032_inside.npz,pilot,68b9250f933f12d326a7642c,orto_basemap,inside,,265.0,9.63,142.01,0.952,1164,1.0,1.0,field,,1898036,g0507,1,,c0002,heldout,registered,1.610,1.00,,photo
pilot_pair_68b9250f_00033_inside.npz,pilot,68b9250f933f12d326a7642c,orto_basemap,inside,,275.4,9.04,319.76,0.982,1524,1.0,0.9999,field,,2401433,g0507,1,,c0002,heldout,registered,1.610,1.00,,photo
pilot_pair_68b9250f_00034_inside.npz,pilot,68b9250f933f12d326a7642c,orto_basemap,inside,,177.5,5.32,59.4,0.638,1127,1.0,1.0,field,,1775114,g0507,1,,c0002,heldout,registered,1.610,1.00,,photo
pilot_pair_68b9250f_00035_inside.npz,pilot,68b9250f933f12d326a7642c,orto_basemap,inside,,259.4,1.68,151.78,0.879,1478,1.0,1.0,field,,2248705,g0507,1,,c0002,heldout,registered,1.610,1.00,,photo
pilot_pair_68b9250f_00036_inside.npz,pilot,68b9250f933f12d326a7642c,orto_basemap,inside,,264.6,5.39,115.24,0.95,1514,1.0,0.9999,field,,2357840,g0507,1,,c0002,heldout,registered,1.610,1.00,,photo
pilot_pair_68b9250f_00037_inside.npz,pilot,68b9250f933f12d326a7642c,orto_basemap,inside,,229.5,4.14,215.29,0.824,1185,1.0,0.9999,field,,1615720,g0507,1,,c0002,heldout,registered,1.610,1.00,,photo
pilot_pair_68b9250f_00038_partial.npz,pilot,68b9250f933f12d326a7642c,orto_basemap,partial,,180.3,9.02,297.54,0.648,865,0.7625,0.7859,field,,1661554,g0507,1,,c0002,heldout,registered,1.610,1.00,,photo
pilot_pair_68b9250f_00039_inside.npz,pilot,68b9250f933f12d326a7642c,orto_basemap,inside,,186.8,1.77,326.97,0.671,951,1.0,0.9998,field,,1965469,g0507,1,,c0002,heldout,registered,1.610,1.00,,photo
pilot_pair_68b9250f_00041_inside.npz,pilot,68b9250f933f12d326a7642c,orto_basemap,inside,,204.1,7.87,261.18,0.733,1194,1.0,1.0,field,,1618257,g0507,1,,c0002,heldout,registered,1.610,1.00,,photo
pilot_pair_68b9250f_00042_partial.npz,pilot,68b9250f933f12d326a7642c,orto_basemap,partial,,286.8,3.9,97.89,0.913,1981,0.6084,0.5756,field,,2052739,g0507,1,,c0002,heldout,registered,1.610,1.00,,photo
pilot_pair_68b9250f_00043_inside.npz,pilot,68b9250f933f12d326a7642c,orto_basemap,inside,,204.6,9.5,12.62,0.735,1210,1.0,1.0,field,,2102531,g0507,1,,c0002,heldout,registered,1.610,1.00,,photo
pilot_pair_68b9250f_00044_partial.npz,pilot,68b9250f933f12d326a7642c,orto_basemap,partial,,290.2,5.02,336.62,0.886,1820,0.7872,0.7698,field,,2346004,g0507,1,,c0002,heldout,registered,1.610,1.00,,photo
pilot_pair_68b9250f_00045_inside.npz,pilot,68b9250f933f12d326a7642c,orto_basemap,inside,,270.0,2.86,57.03,0.97,1722,1.0,0.9999,field,,2215375,g0507,1,,c0002,heldout,registered,1.610,1.00,,photo
pilot_pair_68b9250f_00046_partial.npz,pilot,68b9250f933f12d326a7642c,orto_basemap,partial,,237.2,7.91,35.25,0.852,1596,0.8982,0.9099,field,,1920204,g0507,1,,c0002,heldout,registered,1.610,1.00,,photo
pilot_pair_68b9250f_00047_inside.npz,pilot,68b9250f933f12d326a7642c,orto_basemap,inside,,286.4,2.52,352.12,1.003,1312,1.0,0.9999,field,,1799320,g0507,1,,c0002,heldout,registered,1.610,1.00,,photo
pilot_pair_68b9250f_00048_inside.npz,pilot,68b9250f933f12d326a7642c,orto_basemap,inside,,291.6,7.76,58.4,0.953,1169,1.0,0.9999,field,,2265207,g0507,1,,c0002,heldout,registered,1.610,1.00,,photo
pilot_pair_68b9250f_00049_inside.npz,pilot,68b9250f933f12d326a7642c,orto_basemap,inside,,243.0,4.32,217.17,0.873,1081,1.0,1.0,field,,1938875,g0507,1,,c0002,heldout,registered,1.610,1.00,,photo
pilot_pair_68b9250f_00050_partial.npz,pilot,68b9250f933f12d326a7642c,orto_basemap,partial,,275.5,7.72,102.67,0.99,985,0.8138,0.8228,field,,1599083,g0507,1,,c0002,heldout,registered,1.610,1.00,,photo
pilot_pair_68b9250f_00051_inside.npz,pilot,68b9250f933f12d326a7642c,orto_basemap,inside,,299.2,3.15,344.17,0.862,1723,1.0,1.0,field,,2385269,g0507,1,,c0002,heldout,registered,1.610,1.00,,photo
pilot_pair_68b9250f_00052_partial.npz,pilot,68b9250f933f12d326a7642c,orto_basemap,partial,,267.3,3.87,132.96,0.876,1999,0.824,0.8038,field,,2209881,g0507,1,,c0002,heldout,registered,1.610,1.00,,photo
pilot_pair_68b9250f_00053_partial.npz,pilot,68b9250f933f12d326a7642c,orto_basemap,partial,,264.0,1.38,271.72,0.948,1628,0.7251,0.7241,field,,1890204,g0507,1,,c0002,heldout,registered,1.610,1.00,,photo
pilot_pair_68b9250f_00054_inside.npz,pilot,68b9250f933f12d326a7642c,orto_basemap,inside,,188.8,5.43,160.37,0.678,1318,1.0,1.0,field,,1849056,g0507,1,,c0002,heldout,registered,1.610,1.00,,photo
pilot_pair_68b9250f_00055_partial.npz,pilot,68b9250f933f12d326a7642c,orto_basemap,partial,,289.2,8.72,349.89,1.039,1074,0.8399,0.8652,field,,2067089,g0507,1,,c0002,heldout,registered,1.610,1.00,,photo
pilot_pair_68b9250f_00056_inside.npz,pilot,68b9250f933f12d326a7642c,orto_basemap,inside,,208.2,0.24,321.16,0.748,927,1.0,1.0,field,,2179510,g0507,1,,c0002,heldout,registered,1.610,1.00,,photo
pilot_pair_68b9250f_00057_inside.npz,pilot,68b9250f933f12d326a7642c,orto_basemap,inside,,294.9,2.64,289.31,0.989,1765,1.0,0.9999,field,,2074318,g0507,1,,c0002,heldout,registered,1.610,1.00,,photo
pilot_pair_68b9250f_00058_partial.npz,pilot,68b9250f933f12d326a7642c,orto_basemap,partial,,182.8,8.38,301.48,0.657,1173,0.6769,0.7286,field,,1726522,g0507,1,,c0002,heldout,registered,1.610,1.00,,photo
pilot_pair_68b9250f_00059_partial.npz,pilot,68b9250f933f12d326a7642c,orto_basemap,partial,,235.8,7.42,19.24,0.847,1512,0.8938,0.8958,field,,2403346,g0507,1,,c0002,heldout,registered,1.610,1.00,,photo
pilot_pair_69faa4b8_00000_inside.npz,pilot,69faa4b890551a4dfc2c6446,orto_basemap,inside,,226.1,7.54,197.85,0.812,1072,1.0,0.9975,field,,2178415,g0538,1,,c0002,heldout,registered,3.420,1.00,,photo
pilot_pair_69faa4b8_00001_inside.npz,pilot,69faa4b890551a4dfc2c6446,orto_basemap,inside,,268.8,9.81,100.95,0.965,1434,1.0,0.9993,field,,2060638,g0538,1,,c0002,heldout,registered,3.420,1.00,,photo
pilot_pair_69faa4b8_00002_inside.npz,pilot,69faa4b890551a4dfc2c6446,orto_basemap,inside,,272.1,0.4,220.68,0.977,1917,1.0,0.9965,field,,2944843,g0538,1,,c0002,heldout,registered,3.420,1.00,,photo
pilot_pair_69faa4b8_00003_partial.npz,pilot,69faa4b890551a4dfc2c6446,orto_basemap,partial,,238.9,8.2,271.09,0.858,1438,0.761,0.7237,field,,1726168,g0538,1,,c0002,heldout,registered,3.420,1.00,,photo
pilot_pair_69faa4b8_00004_partial.npz,pilot,69faa4b890551a4dfc2c6446,orto_basemap,partial,,284.6,0.07,169.89,1.022,940,0.7734,0.7708,field,,1619499,g0538,1,,c0002,heldout,registered,3.420,1.00,,photo
pilot_pair_69faa4b8_00005_inside.npz,pilot,69faa4b890551a4dfc2c6446,orto_basemap,inside,,197.3,2.62,142.65,0.709,1006,1.0,0.9997,field,,2144131,g0538,1,,c0002,heldout,registered,3.420,1.00,,photo
pilot_pair_69faa4b8_00006_inside.npz,pilot,69faa4b890551a4dfc2c6446,orto_basemap,inside,,262.2,4.21,46.32,0.942,1368,1.0,0.9983,field,,1977549,g0538,1,,c0002,heldout,registered,3.420,1.00,,photo
pilot_pair_69faa4b8_00008_partial.npz,pilot,69faa4b890551a4dfc2c6446,orto_basemap,partial,,184.6,1.33,175.84,0.663,1177,0.6618,0.6574,field,,1475462,g0538,1,,c0002,heldout,registered,3.420,1.00,,photo
pilot_pair_69faa4b8_00009_partial.npz,pilot,69faa4b890551a4dfc2c6446,orto_basemap,partial,,211.9,7.34,304.92,0.761,883,0.7176,0.7097,field,,1813211,g0538,1,,c0002,heldout,registered,3.420,1.00,,photo
pilot_pair_69faa4b8_00010_partial.npz,pilot,69faa4b890551a4dfc2c6446,orto_basemap,partial,,261.7,3.96,187.75,0.92,806,0.7384,0.7422,field,,1662291,g0538,1,,c0002,heldout,registered,3.420,1.00,,photo
pilot_pair_69faa4b8_00011_inside.npz,pilot,69faa4b890551a4dfc2c6446,orto_basemap,inside,,238.0,9.72,6.02,0.855,1336,1.0,0.9978,field,,2087330,g0538,1,,c0002,heldout,registered,3.420,1.00,,photo
pilot_pair_69faa4b8_00012_partial.npz,pilot,69faa4b890551a4dfc2c6446,orto_basemap,partial,,281.1,6.3,218.05,1.01,1839,0.7832,0.7409,field,,2515675,g0538,1,,c0002,heldout,registered,3.420,1.00,,photo
pilot_pair_69faa4b8_00014_inside.npz,pilot,69faa4b890551a4dfc2c6446,orto_basemap,inside,,242.5,6.12,278.6,0.871,1211,1.0,0.9997,field,,1975614,g0538,1,,c0002,heldout,registered,3.420,1.00,,photo
pilot_pair_69faa4b8_00016_partial.npz,pilot,69faa4b890551a4dfc2c6446,orto_basemap,partial,,292.3,3.6,8.14,1.05,803,0.6455,0.6593,field,,1648031,g0538,1,,c0002,heldout,registered,3.420,1.00,,photo
pilot_pair_69faa4b8_00017_partial.npz,pilot,69faa4b890551a4dfc2c6446,orto_basemap,partial,,250.8,6.85,12.26,0.901,1007,0.7111,0.7296,field,,1649314,g0538,1,,c0002,heldout,registered,3.420,1.00,,photo
pilot_pair_69faa4b8_00018_inside.npz,pilot,69faa4b890551a4dfc2c6446,orto_basemap,inside,,228.1,4.58,207.25,0.819,1321,1.0,0.9983,field,,2548448,g0538,1,,c0002,heldout,registered,3.420,1.00,,photo
xdate_pair_66354fcd45f5_00000_inside.npz,xdate,66354fcd6049ef00013b830c,cross_date,inside,,199.3,5.43,54.52,1.194,1793,1.0,0.9952,field,кросс-датная (аудит подтвердил),3142566,g0008,2,revisit,c0054,heldout,registered,1.310,1.00,,photo
xdate_pair_66354fcd45f5_00001_partial.npz,xdate,66354fcd6049ef00013b830c,cross_date,partial,,252.8,1.6,356.03,0.865,1337,0.6745,0.6661,field,кросс-датная (аудит подтвердил),2036872,g0008,2,revisit,c0054,heldout,registered,1.310,1.00,,photo
xdate_pair_66354fcd45f5_00002_inside.npz,xdate,66354fcd6049ef00013b830c,cross_date,inside,,237.1,1.92,89.11,0.92,1497,1.0,0.9997,field,кросс-датная (аудит подтвердил),2769878,g0008,2,revisit,c0054,heldout,registered,1.310,1.00,,photo
xdate_pair_66354fcd45f5_00002_partial.npz,xdate,66354fcd6049ef00013b830c,cross_date,partial,,215.2,3.98,67.49,1.027,1903,0.7422,0.7288,field,кросс-датная (аудит подтвердил),2994022,g0008,2,revisit,c0054,heldout,registered,1.310,1.00,,photo
xdate_pair_66354fcd45f5_00003_inside.npz,xdate,66354fcd6049ef00013b830c,cross_date,inside,,202.2,3.54,73.15,1.152,1926,1.0,0.9999,field,кросс-датная (аудит подтвердил),3807456,g0008,2,revisit,c0054,heldout,registered,1.310,1.00,,photo
xdate_pair_66354fcd45f5_00003_partial.npz,xdate,66354fcd6049ef00013b830c,cross_date,partial,,280.9,0.91,230.3,1.028,813,0.6526,0.6524,field,кросс-датная (аудит подтвердил),2013707,g0008,2,revisit,c0054,heldout,registered,1.310,1.00,,photo
xdate_pair_66354fcd45f5_00004_inside.npz,xdate,66354fcd6049ef00013b830c,cross_date,inside,,215.4,3.79,54.07,1.056,1520,1.0,0.9986,field,кросс-датная (аудит подтвердил),3304244,g0008,2,revisit,c0054,heldout,registered,1.310,1.00,,photo
xdate_pair_66354fcd45f5_00004_partial.npz,xdate,66354fcd6049ef00013b830c,cross_date,partial,,175.8,1.57,242.62,1.199,1694,0.821,0.8203,field,кросс-датная (аудит подтвердил),3097667,g0008,2,revisit,c0054,heldout,registered,1.310,1.00,,photo
xdate_pair_66354fcd45f5_00005_inside.npz,xdate,66354fcd6049ef00013b830c,cross_date,inside,,202.2,1.3,264.59,1.153,1721,1.0,0.9992,field,кросс-датная (аудит подтвердил),3607980,g0008,2,revisit,c0054,heldout,registered,1.310,1.00,,photo
xdate_pair_66354fcd45f5_00006_inside.npz,xdate,66354fcd6049ef00013b830c,cross_date,inside,,242.9,1.8,7.3,1.046,1994,1.0,0.9989,field,кросс-датная (аудит подтвердил),3861256,g0008,2,revisit,c0054,heldout,registered,1.310,1.00,,photo
xdate_pair_66354fcd45f5_00007_inside.npz,xdate,66354fcd6049ef00013b830c,cross_date,inside,,184.9,4.71,347.82,1.075,1460,1.0,0.9995,field,кросс-датная (аудит подтвердил),3152878,g0008,2,revisit,c0054,heldout,registered,1.310,1.00,,photo
xdate_pair_66354fcd45f5_00007_partial.npz,xdate,66354fcd6049ef00013b830c,cross_date,partial,,243.5,0.25,115.98,0.861,1930,0.7927,0.7911,field,кросс-датная (аудит подтвердил),3369247,g0008,2,revisit,c0054,heldout,registered,1.310,1.00,,photo
xdate_pair_66354fcd45f5_00008_inside.npz,xdate,66354fcd6049ef00013b830c,cross_date,inside,,218.0,3.55,212.5,1.118,1399,1.0,0.9994,field,кросс-датная (аудит подтвердил),3040905,g0008,2,revisit,c0054,heldout,registered,1.310,1.00,,photo
xdate_pair_6637adc6c62e_00007_inside.npz,xdate,6637adc66049ef00013b8398,cross_date,inside,,256.1,7.76,245.62,1.141,1907,1.0,0.9997,field,кросс-датная (аудит подтвердил),3147329,g0008,2,revisit,c0054,heldout,registered,2.040,1.00,,photo
xdate_pair_6637adc6c62e_00008_inside.npz,xdate,6637adc66049ef00013b8398,cross_date,inside,,176.3,1.42,158.64,1.011,1875,1.0,0.9983,field,кросс-датная (аудит подтвердил),3564059,g0008,2,revisit,c0054,heldout,registered,2.040,1.00,,photo
xdate_pair_6637adc6c62e_00009_partial.npz,xdate,6637adc66049ef00013b8398,cross_date,partial,,192.6,1.54,238.8,1.099,1771,0.6749,0.67,field,кросс-датная (аудит подтвердил),3123308,g0008,2,revisit,c0054,heldout,registered,2.040,1.00,,photo
xdate_pair_6637adc6c62e_00010_inside.npz,xdate,6637adc66049ef00013b8398,cross_date,inside,,243.9,3.26,181.81,0.99,1990,1.0,0.9972,field,кросс-датная (аудит подтвердил),3796770,g0008,2,revisit,c0054,heldout,registered,2.040,1.00,,photo
xdate_pair_6637adc6c62e_00011_inside.npz,xdate,6637adc66049ef00013b8398,cross_date,inside,,256.0,7.24,28.94,0.863,1508,1.0,0.9818,field,кросс-датная (аудит подтвердил),2996971,g0008,2,revisit,c0054,heldout,registered,2.040,1.00,,photo
xdate_pair_6637adc6c62e_00012_inside.npz,xdate,6637adc66049ef00013b8398,cross_date,inside,,270.4,8.18,271.46,1.086,1895,1.0,0.9996,field,кросс-датная (аудит подтвердил),3249052,g0008,2,revisit,c0054,heldout,registered,2.040,1.00,,photo
xdate_pair_66afb9ac07ba_00000_inside.npz,xdate,66afb9ac7fa78f00018c95b3,cross_date,inside,,262.4,6.03,64.51,1.01,1342,1.0,0.9999,field,кросс-датная (аудит подтвердил),2167455,g0000,3,revisit,c0015,train,registered,3.900,1.00,,photo
xdate_pair_66afb9ac07ba_00000_partial.npz,xdate,66afb9ac7fa78f00018c95b3,cross_date,partial,,290.5,1.62,357.97,1.104,1118,0.8164,0.8116,field,кросс-датная (аудит подтвердил),2275826,g0000,3,revisit,c0015,train,registered,3.900,1.00,,photo
xdate_pair_66afb9ac07ba_00001_partial.npz,xdate,66afb9ac7fa78f00018c95b3,cross_date,partial,,190.8,4.94,40.92,1.192,1945,0.6054,0.5828,field,кросс-датная (аудит подтвердил),2735380,g0000,3,revisit,c0015,train,registered,3.900,1.00,,photo
xdate_pair_66afb9ac07ba_00002_inside.npz,xdate,66afb9ac7fa78f00018c95b3,cross_date,inside,,186.5,1.05,317.19,0.89,1438,1.0,0.9999,field,кросс-датная (аудит подтвердил),2442297,g0000,3,revisit,c0015,train,registered,3.900,1.00,,photo
xdate_pair_6782b3a4d1da_00000_partial.npz,xdate,6782b3a4a07cc20001818cee,cross_date,partial,,211.9,3.99,18.65,1.092,787,0.6263,0.6239,field,кросс-датная (аудит подтвердил),1657126,g0000,3,revisit,c0015,train,registered,2.670,1.00,,photo
xdate_pair_6782b3a4d1da_00001_partial.npz,xdate,6782b3a4a07cc20001818cee,cross_date,partial,,206.1,5.39,325.22,1.116,824,0.7171,0.6789,field,кросс-датная (аудит подтвердил),1584847,g0000,3,revisit,c0015,train,registered,2.670,1.00,,photo
xdate_pair_6782b3a4d1da_00002_partial.npz,xdate,6782b3a4a07cc20001818cee,cross_date,partial,,177.6,6.59,133.21,1.154,1784,0.8553,0.8415,field,кросс-датная (аудит подтвердил),2272252,g0000,3,revisit,c0015,train,registered,2.670,1.00,,photo
ss_pair_65578066f712_00002_inside_ss.npz,ss,655780663aa0a700013167cc,same_source,inside,none,289.3,18.07,5.61,1.055,1543,1.0,1.0,,,2597997,g0401,1,,c0176,val,exact,0.020,0.50,,photo
ss_pair_65578066f712_00011_partial_ss_a.npz,ss,655780663aa0a700013167cc,same_source,partial,pseudo_autumn,216.1,3.88,310.09,1.157,1979,0.6872,0.712,,,3569456,g0401,1,,c0176,val,exact,0.020,0.50,,photo
ss_pair_eb52147b-929_00007_inside_ss.npz,ss,eb52147b-9298-4562-bb1d-ba5acb53f656,same_source,inside,none,239.8,15.06,232.06,0.852,1300,1.0,0.9936,,,2236260,g0589,1,,c0074,heldout,exact,0.020,0.50,,photo
ss_pair_eb52147b-929_00002_inside_ss_s.npz,ss,eb52147b-9298-4562-bb1d-ba5acb53f656,same_source,inside,pseudo_spring,259.3,7.12,145.74,0.931,1645,1.0,0.9977,,,2792442,g0589,1,,c0074,heldout,exact,0.020,0.50,,photo
ss_pair_6a8f08f2c825_00004_inside_ss.npz,ss,6a8f08f29daab4e74c2ddca5,same_source,inside,none,294.1,17.17,55.11,1.138,2048,1.0,0.9987,,,3735416,g0553,1,,c0266,heldout,exact,0.020,0.50,,photo
ss_pair_6a8f08f2c825_00011_inside_ss_s.npz,ss,6a8f08f29daab4e74c2ddca5,same_source,inside,pseudo_spring,250.2,0.6,71.65,1.026,1280,1.0,0.9996,,,2386827,g0553,1,,c0266,heldout,exact,0.020,0.50,,photo
ss_pair_5f75ec1d458b_00011_inside_ss.npz,ss,5f75ec1d458b56000772bd59,same_source,inside,none,177.9,18.16,299.71,1.001,1558,1.0,1.0,,,2533802,g0213,1,,c0000,train,exact,0.020,0.50,,photo
ss_pair_5b92d009f43a_00013_partial_ss_a.npz,ss,5b92d009a8395c000594b297,same_source,partial,pseudo_autumn,283.2,19.1,115.35,0.872,1183,0.7464,0.7762,,,1825451,g0056,1,,c0006,train,exact,0.020,0.50,,photo
ss_pair_60b815e7fd80_00004_inside_ss.npz,ss,60b815e7fd80620005e340f1,same_source,inside,none,206.9,15.88,326.13,0.857,1090,1.0,0.9997,,,2497880,g0283,1,,c0010,val,exact,0.020,0.50,,photo
ss_pair_60b815e7fd80_00005_inside_ss_a.npz,ss,60b815e7fd80620005e340f1,same_source,inside,pseudo_autumn,236.9,2.44,106.87,0.863,1670,1.0,0.9998,,,3249000,g0283,1,,c0010,val,exact,0.020,0.50,,photo
ss_pair_5b930a66ea9f_00000_inside_ss.npz,ss,5b930a66a8395c000594b29b,same_source,inside,none,273.4,15.05,170.05,0.869,1486,1.0,0.9952,,,2591667,g0057,1,,c0022,train,exact,0.020,0.50,,photo
ss_pair_628f85cb9a80_00002_partial_ss.npz,ss,628f85cb9a80b30006a5c06b,same_source,partial,none,280.3,19.82,25.96,0.893,795,0.7825,0.7327,,,1369095,g0340,1,,c0013,train,exact,0.020,0.50,,photo
ss_pair_5f7865a3458b_00003_inside_ss.npz,ss,5f7865a3458b56000772be4a,same_source,inside,none,194.4,17.59,10.52,1.065,2048,1.0,1.0,,,3055566,g0216,1,,c0000,train,exact,0.020,0.50,,photo
ss_pair_60c2f011c3b4_00008_partial_ss.npz,ss,60c2f011c3b42f000788d320,same_source,partial,none,189.9,11.82,131.24,0.946,1019,0.8834,0.8747,,,1764699,g0287,1,,c0001,train,exact,0.020,0.50,,photo
ss_pair_5baea3d539d6_00000_inside_ss.npz,ss,5baea3d539d64d0005437531,same_source,inside,none,271.2,17.62,302.05,1.104,1333,1.0,0.9999,,,2497744,g0069,1,,c0088,heldout,exact,0.020,0.50,,photo
ss_pair_5baea3d539d6_00005_partial_ss_w.npz,ss,5baea3d539d64d0005437531,same_source,partial,pseudo_winter,281.0,4.75,66.71,1.026,780,0.6255,0.6177,,,1317085,g0069,1,,c0088,heldout,exact,0.020,0.50,,photo
ss_pair_6a26f25a1637_00000_partial_ss.npz,ss,6a26f25af1c2b55eb679e3d0,same_source,partial,none,202.3,9.74,282.71,1.045,1937,0.7141,0.7254,,,3222709,g0541,1,,c0068,heldout,exact,0.020,0.50,,photo
ss_pair_6a26f25a1637_00008_inside_ss_a.npz,ss,6a26f25af1c2b55eb679e3d0,same_source,inside,pseudo_autumn,267.0,0.74,120.98,1.171,1777,1.0,1.0,,,3553845,g0541,1,,c0068,heldout,exact,0.020,0.50,,photo
ss_pair_5f69d17a71d1_00009_inside_ss.npz,ss,5f69d17a71d1f60005e6ab70,same_source,inside,none,249.5,14.84,21.28,1.188,2048,1.0,0.9999,,,3355482,g0208,1,,c0000,train,exact,0.020,0.50,,photo
ss_pair_5b41f0722b6a_00002_inside_ss_w.npz,ss,5b41f0722b6a08001185f93f,same_source,inside,pseudo_winter,278.9,17.13,142.62,0.976,1790,1.0,0.998,,,2959350,g0036,1,,c0000,train,exact,0.020,0.50,,photo
ss_pair_5bbe6dfdfb28_00002_partial_ss_a.npz,ss,5bbe6dfdfb28140006123420,same_source,partial,pseudo_autumn,198.3,14.8,254.62,0.943,1419,0.6965,0.6193,,,1829478,g0076,1,,c0035,train,exact,0.020,0.50,,photo
ss_pair_34c0f34d-2d1_00001_inside_ss_a.npz,ss,34c0f34d-2d19-429f-a32c-f38ad637d805,same_source,inside,pseudo_autumn,273.1,10.09,41.12,0.854,1133,1.0,0.9997,,,2254072,g0026,1,,c0078,val,exact,0.020,0.50,,photo
base_pair_34c0f34d2513_00006_inside_ss.npz,base,34c0f34d-2d19-429f-a32c-f38ad637d805,same_source,inside,,259.2,8.86,330.87,0.936,1246,1.0,0.9988,same_source,разметка подтверждена,2576172,g0026,1,,c0078,val,exact,0.020,0.50,,photo
ss_pair_5c48908c9713_00002_partial_ss.npz,ss,5c48908c9713e40005fd4010,same_source,partial,none,201.1,18.17,33.77,1.122,2045,0.7492,0.8317,,,3321886,g0092,1,,c0000,train,exact,0.020,0.50,,photo
ss_pair_5bd71b0f40de_00002_partial_ss_a.npz,ss,5bd71b0f40de3f0005f21520,same_source,partial,pseudo_autumn,221.4,14.11,183.11,1.195,1095,0.7522,0.7489,,,2284752,g0084,1,,c0005,heldout,exact,0.020,0.50,,photo
ss_pair_5bd71b0f40de_00003_inside_ss_s.npz,ss,5bd71b0f40de3f0005f21520,same_source,inside,pseudo_spring,195.3,10.87,59.43,1.153,1547,1.0,1.0,,,2694415,g0084,1,,c0005,heldout,exact,0.020,0.50,,photo
ss_pair_60e423fb5bc2_00000_inside_ss.npz,ss,60e423fb5bc2dc00058bbdde,same_source,inside,none,230.0,4.65,183.92,1.195,2048,1.0,0.9998,,,3674238,g0297,1,,c0025,train,exact,0.020,0.50,,photo
ss_pair_5baf3d6e1939_00002_inside_ss.npz,ss,5baf3d6ea28dc0000543f05e,same_source,inside,none,299.9,6.72,256.05,1.196,1487,1.0,0.9999,,,2527518,g0070,1,,c0000,train,exact,0.020,0.50,,photo
ss_pair_5fe46bce9942_00002_partial_ss.npz,ss,5fe46bce7db4cf0005cd4c27,same_source,partial,none,244.8,9.24,120.86,0.929,1166,0.7672,0.8042,,,1948194,g0245,1,,c0001,train,exact,0.020,0.50,,photo
ss_pair_5bbe1ddcbcfa_00003_inside_ss.npz,ss,5bbe1ddc0ab77f0005240dc3,same_source,inside,none,259.5,3.57,237.97,1.037,1933,1.0,0.9996,,,3550186,g0074,1,,c0000,train,exact,0.020,0.50,,photo
ss_pair_5d891dd7fc25_00001_partial_ss_s.npz,ss,5d891dd7c54930000548a7ae,same_source,partial,pseudo_spring,179.0,11.69,140.66,1.064,1266,0.8279,0.8064,,,1848967,g0114,1,,c0000,train,exact,0.020,0.50,,photo
ss_pair_6637adc6c62e_00003_inside_ss.npz,ss,6637adc66049ef00013b8398,same_source,inside,none,219.3,15.26,162.98,1.129,1515,1.0,0.9981,,,3058052,g0008,2,revisit,c0054,heldout,exact,0.020,0.50,,photo
base_pair_6637adc6c62e_00006_inside_ss.npz,base,6637adc66049ef00013b8398,same_source,inside,,259.2,8.86,330.87,0.936,1246,1.0,0.9995,same_source,разметка подтверждена,2742025,g0008,2,revisit,c0054,heldout,exact,0.020,0.50,,photo
ss_pair_5be158eb5836_00002_inside_ss_w.npz,ss,5be158eb430b4d000569fa2c,same_source,inside,pseudo_winter,247.2,5.22,163.75,1.116,1507,1.0,0.999,,,2566524,g0087,1,,c0000,train,exact,0.020,0.50,,photo
ss_pair_68b9250f9ac4_00000_partial_ss_a.npz,ss,68b9250f933f12d326a7642c,same_source,partial,pseudo_autumn,201.8,2.28,88.4,0.892,1967,0.7831,0.7863,,,2774533,g0507,1,,c0002,heldout,exact,0.020,0.50,,photo
ss_pair_68b9250f9ac4_00001_partial_ss.npz,ss,68b9250f933f12d326a7642c,same_source,partial,none,246.8,7.07,213.1,1.176,1886,0.8649,0.8429,,,2941742,g0507,1,,c0002,heldout,exact,0.020,0.50,,photo
ss_pair_5ed9077b4804_00000_partial_ss.npz,ss,5ed9077b350cfa000692554a,same_source,partial,none,268.2,13.58,276.44,1.16,1736,0.7401,0.7899,,,2845156,g0177,1,,c0014,heldout,exact,0.020,0.50,,photo
base_pair_5ed9077b4804_00006_inside_ss.npz,base,5ed9077b350cfa000692554a,same_source,inside,,259.2,8.86,330.87,0.936,1246,1.0,0.9985,same_source,разметка подтверждена,2701141,g0177,1,,c0014,heldout,exact,0.020,0.50,,photo
ss_pair_5cb7cc3da4de_00003_inside_ss.npz,ss,5cb7cc3d86413a0005372e03,same_source,inside,none,183.3,6.77,31.93,1.098,1510,1.0,0.9998,,,2890302,g0100,1,,c0000,train,exact,0.020,0.50,,photo
ss_pair_5ca8677fcbf5_00003_partial_ss.npz,ss,5ca8677f869304000746b494,same_source,partial,none,210.8,6.78,264.75,1.086,1554,0.7822,0.8041,,,2823737,g0097,1,,c0000,train,exact,0.020,0.50,,photo
ss_pair_67059319f8e3_00011_inside_ss.npz,ss,67059319327f3c00012b0f5e,same_source,inside,none,256.5,14.18,193.57,1.134,1567,1.0,1.0,,,2776776,g0461,1,,c0055,heldout,exact,0.020,0.50,,photo
ss_pair_67059319f8e3_00000_inside_ss_w.npz,ss,67059319327f3c00012b0f5e,same_source,inside,pseudo_winter,203.5,8.85,270.25,0.925,1620,1.0,1.0,,,2076300,g0461,1,,c0055,heldout,exact,0.020,0.50,,photo
ss_pair_5f3f96b8a646_00000_partial_ss.npz,ss,5f3f96b8a646430007b2ac90,same_source,partial,none,253.7,17.84,254.03,1.012,1457,0.7095,0.7791,,,2142787,g0195,1,,c0000,train,exact,0.020,0.50,,photo
ss_pair_5b919b3ef93f_00009_inside_ss.npz,ss,5b919b3ec4be300007b23c67,same_source,inside,none,191.4,18.09,108.71,0.877,1463,1.0,0.9996,,,2447993,g0054,1,,c0084,train,exact,0.020,0.50,,photo
ss_pair_615773fedef6_00014_inside_ss.npz,ss,615773fedef645000782b7d5,same_source,inside,none,289.6,15.64,38.23,0.924,1840,1.0,0.9999,,,3011682,g0309,1,,c0013,train,exact,0.020,0.50,,photo
ss_pair_5f2ea0110d59_00012_partial_ss.npz,ss,5f2ea0110d59fe00057c3296,same_source,partial,none,290.0,16.24,276.94,1.0,1256,0.78,0.8636,,,2881689,g0191,1,,c0000,train,exact,0.020,0.50,,photo
ss_pair_5f2c8c050d59_00000_inside_ss_w.npz,ss,5f2c8c050d59fe00057c327b,same_source,inside,pseudo_winter,189.7,12.05,7.06,0.858,1462,1.0,0.9998,,,2484857,g0188,1,,c0038,train,exact,0.020,0.50,,photo
ss_pair_60cf473beade_00002_inside_ss.npz,ss,60cf473beade0f00079b5865,same_source,inside,none,274.3,18.08,335.35,0.964,1634,1.0,0.9996,,,2961421,g0290,1,,c0001,train,exact,0.020,0.50,,photo
ss_pair_6165688fea4d_00011_inside_ss.npz,ss,6165688fea4de60007d530b7,same_source,inside,none,233.2,14.08,255.89,0.95,1302,1.0,1.0,,,2772266,g0311,1,,c0010,val,exact,0.020,0.50,,photo
ss_pair_6165688fea4d_00008_inside_ss_s.npz,ss,6165688fea4de60007d530b7,same_source,inside,pseudo_spring,241.3,0.04,181.22,1.057,1761,1.0,0.9999,,,3187380,g0311,1,,c0010,val,exact,0.020,0.50,,photo
ss_pair_60743399b09f_00006_partial_ss.npz,ss,60743399b09f2e0009d46bf9,same_source,partial,none,224.8,18.77,67.61,1.114,1427,0.7376,0.5913,,,2173423,g0263,1,,c0000,train,exact,0.020,0.50,,photo
ss_pair_68d3f0afe6dd_00005_inside_ss.npz,ss,68d3f0af9b87c9c2af15c41d,same_source,inside,none,284.1,18.87,43.46,1.103,1651,1.0,1.0,,,2625258,g0515,1,,c0248,train,exact,0.020,0.50,,photo
ss_pair_6638a73f6049_00004_inside_ss.npz,ss,6638a73f6049ef00013b83bc,same_source,inside,none,196.5,17.19,44.36,0.909,1598,1.0,1.0,,,2010281,g0439,1,,c0030,train,exact,0.020,0.50,,photo
ss_pair_5f2d85660d59_00007_partial_ss_s.npz,ss,5f2d85660d59fe00057c328b,same_source,partial,pseudo_spring,235.9,12.23,341.4,1.094,1376,0.6535,0.5771,,,2107829,g0190,1,,c0000,train,exact,0.020,0.50,,photo
ss_pair_612be372b701_00000_partial_ss_w.npz,ss,612be372b7012200056b5d01,same_source,partial,pseudo_winter,206.7,15.6,213.76,0.971,835,0.7062,0.6999,,,1577513,g0306,1,,c0026,heldout,exact,0.020,0.50,,photo
ss_pair_612be372b701_00004_inside_ss_s.npz,ss,612be372b7012200056b5d01,same_source,inside,pseudo_spring,296.5,1.27,155.16,1.114,1912,1.0,1.0,,,3711173,g0306,1,,c0026,heldout,exact,0.020,0.50,,photo
ss_pair_68f6d330d624_00001_inside_ss_s.npz,ss,68f6d330d624af70a7ed8dec,same_source,inside,pseudo_spring,210.2,11.36,145.02,1.001,1669,1.0,0.9991,,,3170097,g0523,1,,c0252,train,exact,0.020,0.50,,photo
ss_pair_5f0c72373c18_00004_inside_ss.npz,ss,5f0c72373c18aa0005a4ca68,same_source,inside,none,295.4,14.37,163.91,1.091,1365,1.0,0.9995,,,2565882,g0184,1,,c0026,heldout,exact,0.020,0.50,,photo
base_pair_5f0c7237b80f_00006_inside_ss.npz,base,5f0c72373c18aa0005a4ca68,same_source,inside,,259.2,8.86,330.87,0.936,1246,1.0,0.9977,same_source,разметка подтверждена,2977665,g0184,1,,c0026,heldout,exact,0.020,0.50,,photo
ss_pair_5ed8f423350c_00006_inside_ss.npz,ss,5ed8f423350cfa0006925547,same_source,inside,none,245.3,19.62,54.6,0.989,1644,1.0,0.9993,,,3311960,g0176,1,,c0014,heldout,exact,0.020,0.50,,photo
base_pair_5ed8f4237939_00006_inside_ss.npz,base,5ed8f423350cfa0006925547,same_source,inside,,259.2,8.86,330.87,0.936,1246,1.0,0.9999,same_source,разметка подтверждена,2877089,g0176,1,,c0014,heldout,exact,0.020,0.50,,photo
ss_pair_5ad7a59946f1_00002_inside_ss.npz,ss,5ad7a59991b5310010e0d54c,same_source,inside,none,187.7,17.25,31.16,1.033,1947,1.0,0.9994,,,2842567,g0030,1,,c0023,heldout,exact,0.020,0.50,,photo
base_pair_5ad7a59946f1_00006_inside_ss.npz,base,5ad7a59991b5310010e0d54c,same_source,inside,,259.2,8.86,330.87,0.936,1246,1.0,0.9999,same_source,разметка подтверждена,2595711,g0030,1,,c0023,heldout,exact,0.020,0.50,,photo
ss_pair_5bc701b34d3b_00000_partial_ss.npz,ss,5bc701b34d3b1b00050eeebc,same_source,partial,none,182.1,17.47,298.03,0.943,1597,0.7881,0.8606,,,2830700,g0080,1,,c0005,heldout,exact,0.020,0.50,,photo
base_pair_5bc701b39f0d_00006_inside_ss.npz,base,5bc701b34d3b1b00050eeebc,same_source,inside,,259.2,8.86,330.87,0.936,1246,1.0,0.9996,same_source,разметка подтверждена,2724495,g0080,1,,c0005,heldout,exact,0.020,0.50,,photo
ss_pair_65b3d184e382_00001_inside_ss.npz,ss,65b3d18471b11e0001cea9a0,same_source,inside,none,190.9,15.3,264.91,0.923,1843,1.0,0.9999,,,3638313,g0408,1,,c0179,train,exact,0.020,0.50,,photo
ss_pair_5d897e4460a2_00000_partial_ss_a.npz,ss,5d897e44c54930000548a7bc,same_source,partial,pseudo_autumn,264.1,15.52,283.11,1.04,1116,0.7901,0.7171,,,1844327,g0115,1,,c0000,train,exact,0.020,0.50,,photo
base_pair_5e7f562c9324_00006_inside_ss.npz,base,5e7f562c482b9c000617844c,same_source,inside,,259.2,8.86,330.87,0.936,1246,1.0,1.0,same_source,разметка подтверждена,2655805,g0148,1,,c0000,train,exact,0.020,0.50,,photo
ss_pair_5b603580d355_00000_inside_ss.npz,ss,5b603580c6768a08545216f6,same_source,inside,none,276.4,18.72,215.14,1.09,2026,1.0,0.9999,,,3154129,g0041,1,,c0000,train,exact,0.020,0.50,,photo
ss_pair_5b62344a319c_00000_inside_ss_a.npz,ss,5b62344acd6b8530f2171b71,same_source,inside,pseudo_autumn,197.1,17.6,182.08,1.048,1727,1.0,0.998,,,3378555,g0042,1,,c0000,train,exact,0.020,0.50,,photo
ss_pair_5ed8cb8e3f00_00000_partial_ss.npz,ss,5ed8cb8e350cfa0006925543,same_source,partial,none,176.6,17.47,193.9,1.029,1342,0.6614,0.7765,,,2186100,g0175,1,,c0014,heldout,exact,0.020,0.50,,photo
base_pair_5ed8cb8e3f00_00006_inside_ss.npz,base,5ed8cb8e350cfa0006925543,same_source,inside,,259.2,8.86,330.87,0.936,1246,1.0,0.9999,same_source,разметка подтверждена,2787104,g0175,1,,c0014,heldout,exact,0.020,0.50,,photo
ss_pair_5ca3fd06ca89_00001_partial_ss.npz,ss,5ca3fd06e5635f000690af71,same_source,partial,none,279.1,16.92,130.9,0.924,2013,0.7736,0.7399,,,3379945,g0096,1,,c0000,train,exact,0.020,0.50,,photo
ss_pair_5d1745f91106_00003_inside_ss.npz,ss,5d1745f91d75e300053385e7,same_source,inside,none,297.0,13.57,335.04,0.931,1250,1.0,0.9999,,,2556539,g0107,1,,c0000,train,exact,0.020,0.50,,photo
ss_pair_670593190e5b_00002_partial_ss.npz,ss,67059319327f3c00012b0f60,same_source,partial,none,274.3,17.1,77.87,1.118,1702,0.8178,0.8492,,,2338020,g0462,1,,c0216,train,exact,0.020,0.50,,photo
ss_pair_5f75ec39458b_00009_inside_ss_a.npz,ss,5f75ec39458b56000772bd5b,same_source,inside,pseudo_autumn,272.4,12.46,116.36,0.895,1429,1.0,1.0,,,2714876,g0214,1,,c0000,train,exact,0.020,0.50,,photo
ss_pair_f776674d-717_00013_inside_ss.npz,ss,f776674d-717d-48be-9d5f-41fb057bda41,same_source,inside,none,246.1,18.33,84.6,1.175,2048,1.0,0.9981,,,3220165,g0591,1,,c0280,heldout,exact,0.020,0.50,,photo
ss_pair_f776674d-717_00011_partial_ss_w.npz,ss,f776674d-717d-48be-9d5f-41fb057bda41,same_source,partial,pseudo_winter,197.7,3.77,291.21,0.869,1421,0.7039,0.695,,,1486551,g0591,1,,c0280,heldout,exact,0.020,0.50,,photo
ss_pair_5b99f9d53d79_00014_partial_ss_s.npz,ss,5b99f9d53d79420007c327a2,same_source,partial,pseudo_spring,239.3,18.35,154.59,0.888,1618,0.7907,0.7041,,,2723628,g0061,1,,c0006,train,exact,0.020,0.50,,photo
ss_pair_60d5838ec700_00008_partial_ss.npz,ss,60d5838ec700c600080d551a,same_source,partial,none,177.6,19.22,291.87,1.086,1225,0.7842,0.7733,,,2013410,g0293,1,,c0042,train,exact,0.020,0.50,,photo
ss_pair_5f76f866458b_00006_inside_ss.npz,ss,5f76f866458b56000772bd82,same_source,inside,none,291.5,19.84,76.04,0.899,1439,1.0,1.0,,,2954067,g0215,1,,c0000,train,exact,0.020,0.50,,photo
ss_pair_60d6e7c6c700_00003_partial_ss.npz,ss,60d6e7c6c700c600080d5533,same_source,partial,none,284.5,19.8,62.59,1.086,1775,0.7445,0.8282,,,3006854,g0295,1,,c0001,train,exact,0.020,0.50,,photo
base_pair_6a5d4382adb4_00006_inside_ss.npz,base,6a5d4382ac94857a6f4ac8a9,same_source,inside,,259.2,8.86,330.87,0.936,1246,1.0,1.0,same_source,разметка подтверждена,2600462,g0550,1,,c0070,train,exact,0.020,0.50,,photo
ss_pair_60d10f02eade_00011_inside_ss_a.npz,ss,60d10f02eade0f00079b5893,same_source,inside,pseudo_autumn,262.0,17.78,139.2,1.197,2048,1.0,1.0,,,4045517,g0292,1,,c0140,val,exact,0.020,0.50,,photo
ss_pair_60d10f02eade_00006_inside_ss_s.npz,ss,60d10f02eade0f00079b5893,same_source,inside,pseudo_spring,280.9,3.98,99.32,1.126,1987,1.0,1.0,,,3766653,g0292,1,,c0140,val,exact,0.020,0.50,,photo
ss_pair_5bc117f6c7e1_00001_partial_ss.npz,ss,5bc117f6c7e1cf0008e45e24,same_source,partial,none,288.9,13.37,146.27,0.949,1470,0.8287,0.8343,,,2521623,g0077,1,,c0035,train,exact,0.020,0.50,,photo
ss_pair_5ee8b7583665_00001_partial_ss_a.npz,ss,5ee8b7583665d400065957e6,same_source,partial,pseudo_autumn,232.7,19.43,217.03,1.068,902,0.6099,0.6231,,,1523887,g0178,1,,c0014,heldout,exact,0.020,0.50,,photo
ss_pair_5ee8b7583665_00011_partial_ss_w.npz,ss,5ee8b7583665d400065957e6,same_source,partial,pseudo_winter,188.2,9.38,356.45,1.198,2004,0.7385,0.7217,,,3369028,g0178,1,,c0014,heldout,exact,0.020,0.50,,photo
ss_pair_5b902ae0338f_00001_inside_ss.npz,ss,5b902ae08752bd000830171c,same_source,inside,none,201.6,17.69,154.16,1.126,2048,1.0,0.999,,,3244580,g0050,1,,c0012,val,exact,0.020,0.50,,photo
ss_pair_5b902ae0338f_00005_partial_ss_s.npz,ss,5b902ae08752bd000830171c,same_source,partial,pseudo_spring,228.8,1.36,269.23,0.871,1863,0.7287,0.7351,,,2493538,g0050,1,,c0012,val,exact,0.020,0.50,,photo
ss_pair_ea6e48e6-4a1_00000_inside_ss_w.npz,ss,ea6e48e6-4a1f-43d4-b7bd-c30d8ae60b43,same_source,inside,pseudo_winter,215.4,13.42,342.35,1.015,1668,1.0,0.9999,,,2836543,g0588,1,,c0006,train,exact,0.020,0.50,,photo
ss_pair_b4883e78-09d_00000_inside_ss_a.npz,ss,b4883e78-09d7-4631-a595-b5d5a6d46c76,same_source,inside,pseudo_autumn,292.7,12.98,232.0,1.028,2041,1.0,0.9999,,,3571088,g0576,1,,c0012,val,exact,0.020,0.50,,photo
ss_pair_b4883e78-09d_00009_inside_ss_s.npz,ss,b4883e78-09d7-4631-a595-b5d5a6d46c76,same_source,inside,pseudo_spring,292.5,6.1,162.85,0.974,1839,1.0,0.9999,,,3277987,g0576,1,,c0012,val,exact,0.020,0.50,,photo
ss_pair_625193c4fe1b_00008_partial_ss_a.npz,ss,625193c4fe1b5d0006ae8cf5,same_source,partial,pseudo_autumn,225.9,14.27,42.42,0.947,1033,0.6618,0.7674,,,1758210,g0334,1,,c0151,train,exact,0.020,0.50,,photo
ss_pair_5bd7743b40de_00006_inside_ss.npz,ss,5bd7743b40de3f0005f2152c,same_source,inside,none,268.7,13.25,169.66,1.006,2013,1.0,0.9998,,,4075160,g0085,1,,c0005,heldout,exact,0.020,0.50,,photo
ss_pair_5bd7743b40de_00004_partial_ss_w.npz,ss,5bd7743b40de3f0005f2152c,same_source,partial,pseudo_winter,285.1,5.89,215.2,1.057,1662,0.8366,0.8472,,,2662344,g0085,1,,c0005,heldout,exact,0.020,0.50,,photo
ss_pair_5e789398ea36_00000_inside_ss.npz,ss,5e789398ea363b0005373f2a,same_source,inside,none,234.9,18.74,68.81,0.902,1634,1.0,1.0,,,2700842,g0144,1,,c0000,train,exact,0.020,0.50,,photo
ss_pair_5ddb9e3baff1_00006_partial_ss.npz,ss,5ddb9e3baff195000554e7e6,same_source,partial,none,239.0,18.62,318.36,0.871,899,0.6067,0.7455,,,1950128,g0121,1,,c0000,train,exact,0.020,0.50,,photo
ss_pair_5f84b7a27d44_00002_inside_ss_w.npz,ss,5f84b7a27d446d0005fa816c,same_source,inside,pseudo_winter,297.8,17.13,192.0,1.122,1625,1.0,1.0,,,2641788,g0223,1,,c0017,train,exact,0.020,0.50,,photo
ss_pair_6dbd8ba8c4cb_00004_inside_ss.npz,ss,6dbd8ba8-a161-46d8-83cc-d3ccc4b032bf,same_source,inside,none,236.0,10.23,169.84,0.953,1258,1.0,0.9863,,,2161327,g0559,1,,c0012,val,exact,0.020,0.50,,photo
ss_pair_6dbd8ba8c4cb_00002_inside_ss_w.npz,ss,6dbd8ba8-a161-46d8-83cc-d3ccc4b032bf,same_source,inside,pseudo_winter,259.2,0.52,15.06,1.07,1562,1.0,0.9998,,,2624408,g0559,1,,c0012,val,exact,0.020,0.50,,photo
ss_pair_71000fb355b0_00000_inside_ss.npz,ss,71000fb3-0299-4960-93b8-04a5518b5816,same_source,inside,none,226.0,4.39,96.99,0.967,1216,1.0,0.9998,,,2526401,g0560,1,,c0009,heldout,exact,0.020,0.50,,photo
ss_pair_71000fb355b0_00002_inside_ss_w.npz,ss,71000fb3-0299-4960-93b8-04a5518b5816,same_source,inside,pseudo_winter,257.1,9.25,185.63,0.877,1254,1.0,0.9998,,,2128995,g0560,1,,c0009,heldout,exact,0.020,0.50,,photo
ss_pair_5b794c376a29_00001_partial_ss.npz,ss,5b794c3769e53f7a40915180,same_source,partial,none,191.1,18.63,275.11,0.905,1757,0.6389,0.5823,,,2364759,g0047,1,,c0000,train,exact,0.020,0.50,,photo
ss_pair_5b91cc2b8cb4_00000_inside_ss_w.npz,ss,5b91cc2bc4be300007b23c71,same_source,inside,pseudo_winter,193.9,9.92,349.81,1.116,1436,0.9999,0.9998,,,2554670,g0055,1,,c0000,train,exact,0.020,0.50,,photo
ss_pair_5ec3c88c8589_00002_inside_ss.npz,ss,5ec3c88caff5010005865c50,same_source,inside,none,254.9,15.64,305.31,0.875,1777,1.0,0.9992,,,3336865,g0169,1,,c0000,train,exact,0.020,0.50,,photo
ss_pair_e7c1f268c8dd_00000_partial_ss_w.npz,ss,e7c1f268-cb44-4c51-8b62-3752f84001f5,same_source,partial,pseudo_winter,220.8,12.14,60.39,1.077,1011,0.7497,0.7303,,,2117162,g0586,1,,c0277,train,exact,0.020,0.50,,photo
ss_pair_5e90754a7802_00001_partial_ss_a.npz,ss,5e90754ac6bbac0005e30fb0,same_source,partial,pseudo_autumn,203.0,18.67,251.36,1.074,1529,0.8557,0.8737,,,2733877,g0153,1,,c0000,train,exact,0.020,0.50,,photo
ss_pair_60c8f4fcd22f_00001_partial_ss_w.npz,ss,60c8f4fc338cc80005cfdd5a,same_source,partial,pseudo_winter,271.1,16.29,186.26,1.186,1973,0.876,0.8888,,,3708053,g0289,1,,c0001,train,exact,0.020,0.50,,photo
ss_pair_608324da1112_00003_inside_ss_s.npz,ss,608324da2e77e600076c9b84,same_source,inside,pseudo_spring,220.8,19.02,123.5,1.094,1780,1.0,0.9986,,,2989639,g0271,1,,c0001,train,exact,0.020,0.50,,photo
ss_pair_68f07bb533a6_00001_inside_ss.npz,ss,68f07bb5e33d981a421a09a6,same_source,inside,none,179.4,15.34,245.08,1.181,2048,1.0,0.9965,,,3729417,g0521,1,,c0250,train,exact,0.020,0.50,,photo
ss_pair_6183057f546a_00001_inside_ss.npz,ss,6183057f4dc8f300062cb5c1,same_source,inside,none,297.9,9.65,180.77,1.192,1761,1.0,0.9999,,,3079633,g0320,1,,c0149,val,exact,0.020,0.50,,photo
base_pair_6183057f546a_00006_inside_ss.npz,base,6183057f4dc8f300062cb5c1,same_source,inside,,259.2,8.86,330.87,0.936,1246,1.0,1.0,same_source,проверено частично,2596015,g0320,1,,c0149,val,exact,0.020,0.50,,photo
ss_pair_670592dd82f2_00000_inside_ss.npz,ss,670592dd327f3c00012b0f18,same_source,inside,none,235.5,18.62,357.99,1.146,1783,1.0,1.0,,,2380015,g0459,1,,c0214,train,exact,0.020,0.50,,photo
ss_pair_67059310327f_00007_partial_ss.npz,ss,67059310327f3c00012b0f2e,same_source,partial,none,285.0,15.27,305.24,1.099,1408,0.7413,0.7286,,,1961703,g0460,1,,c0215,val,exact,0.020,0.50,,photo
ss_pair_67059310327f_00013_partial_ss_w.npz,ss,67059310327f3c00012b0f2e,same_source,partial,pseudo_winter,196.7,5.8,140.48,1.061,1251,0.7261,0.7402,,,1474230,g0460,1,,c0215,val,exact,0.020,0.50,,photo
ss_pair_5f7c839768af_00010_partial_ss.npz,ss,5f7c839768aff80007e79865,same_source,partial,none,295.5,15.58,245.0,0.991,1565,0.7718,0.8435,,,2780710,g0220,1,,c0000,train,exact,0.020,0.50,,photo
ss_pair_6101115d5a90_00005_inside_ss.npz,ss,6101115d5a90f10006fd3034,same_source,inside,none,220.6,18.02,5.44,0.981,1777,1.0,0.9995,,,3065659,g0303,1,,c0010,val,exact,0.020,0.50,,photo
ss_pair_6101115d5a90_00008_partial_ss_s.npz,ss,6101115d5a90f10006fd3034,same_source,partial,pseudo_spring,243.7,4.56,17.92,0.972,1002,0.8456,0.8494,,,2247090,g0303,1,,c0010,val,exact,0.020,0.50,,photo
ss_pair_670592dc327f_00007_partial_ss.npz,ss,670592dc327f3c00012b0f12,same_source,partial,none,270.6,18.14,333.17,1.012,1198,0.6999,0.7502,,,2037500,g0457,1,,c0212,heldout,exact,0.020,0.50,,photo
ss_pair_670592dc327f_00002_inside_ss_s.npz,ss,670592dc327f3c00012b0f12,same_source,inside,pseudo_spring,231.4,15.0,116.11,0.859,1248,1.0,0.9997,,,2495862,g0457,1,,c0212,heldout,exact,0.020,0.50,,photo
ss_pair_5f7c836968af_00010_inside_ss.npz,ss,5f7c836968aff80007e79863,same_source,inside,none,264.1,8.62,107.96,1.143,1414,1.0,1.0,,,2459614,g0219,1,,c0000,train,exact,0.020,0.50,,photo
ss_pair_5f79a2f7458b_00002_inside_ss.npz,ss,5f79a2f7458b56000772beef,same_source,inside,none,267.2,19.76,285.67,0.877,1623,1.0,0.9997,,,3083037,g0217,1,,c0000,train,exact,0.020,0.50,,photo
ss_pair_60d058a2eade_00009_inside_ss_s.npz,ss,60d058a2eade0f00079b5878,same_source,inside,pseudo_spring,291.9,16.06,258.85,0.997,1578,1.0,0.9994,,,3054413,g0291,1,,c0010,val,exact,0.020,0.50,,photo
ss_pair_60d058a2eade_00005_inside_ss.npz,ss,60d058a2eade0f00079b5878,same_source,inside,none,230.0,6.3,143.25,1.186,2048,1.0,0.9989,,,4285815,g0291,1,,c0010,val,exact,0.020,0.50,,photo
ss_pair_5ef9c7368aef_00009_inside_ss_a.npz,ss,5ef9c7368aefa4000535449f,same_source,inside,pseudo_autumn,249.5,14.42,284.1,1.072,1984,1.0,0.996,,,3643323,g0182,1,,c0000,train,exact,0.020,0.50,,photo
ss_pair_6a274bb5ac42_00001_partial_ss.npz,ss,6a274bb55ce57183089f33e1,same_source,partial,none,232.0,8.87,39.26,0.955,1601,0.6099,0.6324,,,2208579,g0543,1,,c0068,heldout,exact,0.020,0.50,,photo
ss_pair_6a274bb5ac42_00003_inside_ss_w.npz,ss,6a274bb55ce57183089f33e1,same_source,inside,pseudo_winter,250.2,4.96,80.18,1.162,2048,1.0,1.0,,,3054457,g0543,1,,c0068,heldout,exact,0.020,0.50,,photo
ss_pair_6234231a-6b9_00009_partial_ss_s.npz,ss,6234231a-6b93-4202-9bc1-36a7e305ab5e,same_source,partial,pseudo_spring,231.6,15.31,263.84,1.034,1783,0.8187,0.8862,,,3036909,g0332,1,,c0009,heldout,exact,0.020,0.50,,photo
ss_pair_6234231a-6b9_00000_inside_ss.npz,ss,6234231a-6b93-4202-9bc1-36a7e305ab5e,same_source,inside,none,212.6,3.36,197.0,1.12,1562,1.0,0.9995,,,2604311,g0332,1,,c0009,heldout,exact,0.020,0.50,,photo
ss_pair_78e8bdfb-414_00005_inside_ss.npz,ss,78e8bdfb-4143-4050-a4b6-2022d49b7dcc,same_source,inside,none,275.9,18.77,25.17,0.978,1938,1.0,0.9998,,,3411378,g0561,1,,c0009,heldout,exact,0.020,0.50,,photo
ss_pair_78e8bdfb-414_00003_partial_ss_s.npz,ss,78e8bdfb-4143-4050-a4b6-2022d49b7dcc,same_source,partial,pseudo_spring,291.2,0.44,345.97,1.128,1515,0.855,0.8541,,,2155405,g0561,1,,c0009,heldout,exact,0.020,0.50,,photo
ss_pair_5c450aa780fb_00004_partial_ss.npz,ss,5c450aa780fb36000543e2e6,same_source,partial,none,265.2,18.75,118.01,1.103,1868,0.8115,0.8659,,,3268333,g0091,1,,c0000,train,exact,0.020,0.50,,photo
ss_pair_5bcef090b9e5_00004_inside_ss.npz,ss,5bcef090b9e5f20005f7da52,same_source,inside,none,254.5,14.24,335.95,1.129,1536,1.0,1.0,,,2737197,g0081,1,,c0000,train,exact,0.020,0.50,,photo
ss_pair_5bfd016cd000_00001_inside_ss.npz,ss,5bfd016cd000e50005adbbbb,same_source,inside,none,256.8,19.24,310.46,1.145,2048,1.0,0.9999,,,3356635,g0089,1,,c0000,train,exact,0.020,0.50,,photo
ss_pair_5ec6fcd7f62f_00000_partial_ss_w.npz,ss,5ec6fcd7f62f370006df340d,same_source,partial,pseudo_winter,272.9,18.87,290.03,1.154,969,0.6777,0.6547,,,1916867,g0171,1,,c0005,heldout,exact,0.020,0.50,,photo
base_pair_5ec6fcd710df_00006_inside_ss.npz,base,5ec6fcd7f62f370006df340d,same_source,inside,,259.2,8.86,330.87,0.936,1246,1.0,0.9997,same_source,разметка подтверждена,2874797,g0171,1,,c0005,heldout,exact,0.020,0.50,,photo
ss_pair_628f7cf6c5d9_00003_partial_ss_a.npz,ss,628f7cf69a80b30006a5c065,same_source,partial,pseudo_autumn,249.9,9.71,206.6,0.888,1774,0.6828,0.7533,,,2625856,g0339,1,,c0013,train,exact,0.020,0.50,,photo
ss_pair_5bbe661ae5fa_00002_inside_ss.npz,ss,5bbe661afb2814000612341d,same_source,inside,none,205.9,18.49,122.44,1.18,1627,1.0,0.9997,,,3146585,g0075,1,,c0091,heldout,exact,0.020,0.50,,photo
base_pair_5bbe661ae5fa_00006_inside_ss.npz,base,5bbe661afb2814000612341d,same_source,inside,,259.2,8.86,330.87,0.936,1246,1.0,0.9999,same_source,разметка подтверждена,2856452,g0075,1,,c0091,heldout,exact,0.020,0.50,,photo
ss_pair_5d6936a73195_00001_inside_ss_w.npz,ss,5d6936a72103c90007707f98,same_source,inside,pseudo_winter,211.6,19.71,268.74,1.124,2048,1.0,1.0,,,3465604,g0113,1,,c0000,train,exact,0.020,0.50,,photo
ss_pair_5b2790b7e942_00004_partial_ss.npz,ss,5b2790b72b6a08001185f822,same_source,partial,none,276.2,13.31,214.98,1.053,1518,0.773,0.8255,,,2163338,g0035,1,,c0000,train,exact,0.020,0.50,,photo
ss_pair_5d692dbdddd2_00004_inside_ss_s.npz,ss,5d692dbd2103c90007707f95,same_source,inside,pseudo_spring,237.2,6.17,237.65,1.098,1683,1.0,1.0,,,3042871,g0112,1,,c0000,train,exact,0.020,0.50,,photo
ss_pair_5b832189c9b1_00000_partial_ss_s.npz,ss,5b8321897343a9fb84347d2c,same_source,partial,pseudo_spring,193.7,13.26,80.77,0.882,1901,0.8114,0.8644,,,2742110,g0049,1,,c0083,train,exact,0.020,0.50,,photo
ss_pair_5b4fd1b8f0ad_00001_inside_ss_w.npz,ss,5b4fd1b84bda9e836eedbd8a,same_source,inside,pseudo_winter,188.8,17.14,69.7,1.136,1814,1.0,0.9999,,,3227836,g0002,2,copy,c0000,train,exact,0.020,0.50,,photo
ss_pair_68cb1b6a8006_00007_partial_ss.npz,ss,68cb1b6a800626fc89d79ac8,same_source,partial,none,196.5,18.26,351.8,0.906,1569,0.8559,0.9184,,,2510949,g0509,1,,c0247,val,exact,0.020,0.50,,photo
ss_pair_68cb1b6a8006_00000_inside_ss_s.npz,ss,68cb1b6a800626fc89d79ac8,same_source,inside,pseudo_spring,247.6,1.46,17.56,1.039,1466,1.0,1.0,,,2759235,g0509,1,,c0247,val,exact,0.020,0.50,,photo
ss_pair_5f42833dc48e_00009_inside_ss_a.npz,ss,5f42833dc48e06000593275b,same_source,inside,pseudo_autumn,269.5,12.76,5.15,1.112,1571,1.0,0.9998,,,2613029,g0196,1,,c0000,train,exact,0.020,0.50,,photo
ss_pair_6157742ddef6_00005_inside_ss.npz,ss,6157742ddef645000782b7d7,same_source,inside,none,178.0,16.53,215.68,0.993,1321,1.0,0.9994,,,2564264,g0310,1,,c0013,train,exact,0.020,0.50,,photo
ss_pair_5b95464b8f23_00013_partial_ss_s.npz,ss,5b95464b57a6ea0006076e99,same_source,partial,pseudo_spring,188.8,19.92,263.95,0.862,1394,0.8912,0.9404,,,2564605,g0059,1,,c0006,train,exact,0.020,0.50,,photo
ss_pair_5ef0af5edc40_00013_partial_ss_s.npz,ss,5ef0af5edc40b50005b6f1c4,same_source,partial,pseudo_spring,290.2,16.52,176.85,1.113,770,0.6227,0.6276,,,1807081,g0179,1,,c0014,heldout,exact,0.020,0.50,,photo
ss_pair_5ef0af5edc40_00004_inside_ss.npz,ss,5ef0af5edc40b50005b6f1c4,same_source,inside,none,201.3,2.98,318.55,0.856,1237,1.0,1.0,,,2597681,g0179,1,,c0014,heldout,exact,0.020,0.50,,photo
ss_pair_5f5f66a6d9f8_00013_inside_ss_a.npz,ss,5f5f66a6d9f87200078c7f4b,same_source,inside,pseudo_autumn,268.2,18.56,210.65,0.887,1650,1.0,0.9949,,,3082421,g0202,1,,c0013,train,exact,0.020,0.50,,photo
ss_pair_5f163dd9baa9_00010_inside_ss.npz,ss,5f163dd9baa90f0006a0ab52,same_source,inside,none,188.5,15.1,163.26,1.188,1773,1.0,0.9979,,,3533077,g0186,1,,c0000,train,exact,0.020,0.50,,photo
ss_pair_5f8571bf7d44_00005_inside_ss.npz,ss,5f8571bf7d446d0005fa8174,same_source,inside,none,270.8,17.82,143.05,1.006,1508,1.0,0.999,,,2653299,g0224,1,,c0121,train,exact,0.020,0.50,,photo
ss_pair_5ec5c418e388_00000_inside_ss_s.npz,ss,5ec5c418e3882d00079e72bb,same_source,inside,pseudo_spring,189.6,19.76,42.2,1.179,1855,1.0,0.9998,,,3325811,g0170,1,,c0000,train,exact,0.020,0.50,,photo
ss_pair_5b904b901a61_00005_partial_ss_s.npz,ss,5b904b90c96cd00005f7cb2c,same_source,partial,pseudo_spring,276.5,19.52,182.05,1.093,1458,0.8268,0.8796,,,2599016,g0051,1,,c0006,train,exact,0.020,0.50,,photo
ss_pair_60fd36975a90_00000_inside_ss.npz,ss,60fd36975a90f10006fd2fdb,same_source,inside,none,237.4,16.62,142.18,1.003,1516,1.0,0.9999,,,3020892,g0302,1,,c0000,train,exact,0.020,0.50,,photo
ss_pair_5cc4f6c69c4e_00006_inside_ss.npz,ss,5cc4f6c69c4e1700060da680,same_source,inside,none,299.9,18.97,28.08,1.161,1628,1.0,1.0,,,2938677,g0105,1,,c0005,heldout,exact,0.020,0.50,,photo
ss_pair_5cc4f6c69c4e_00000_partial_ss_a.npz,ss,5cc4f6c69c4e1700060da680,same_source,partial,pseudo_autumn,211.6,10.38,153.33,1.101,1735,0.8741,0.8766,,,3079442,g0105,1,,c0005,heldout,exact,0.020,0.50,,photo
ss_pair_5bd17860007b_00007_inside_ss.npz,ss,5bd17860007b56000739580a,same_source,inside,none,182.0,18.26,273.34,0.876,1198,1.0,1.0,,,2674430,g0082,1,,c0005,heldout,exact,0.020,0.50,,photo
ss_pair_5bd17860007b_00005_partial_ss_s.npz,ss,5bd17860007b56000739580a,same_source,partial,pseudo_spring,231.5,6.52,217.88,1.025,1071,0.8808,0.8868,,,2198657,g0082,1,,c0005,heldout,exact,0.020,0.50,,photo
ss_pair_5bc12434c7e1_00001_inside_ss_a.npz,ss,5bc12434c7e1cf0008e45e27,same_source,inside,pseudo_autumn,229.5,10.76,329.04,1.152,2048,1.0,0.9968,,,3573412,g0078,1,,c0000,train,exact,0.020,0.50,,photo
ss_pair_5b74101c7119_00005_partial_ss.npz,ss,5b74101c71196445b263bd7d,same_source,partial,none,225.4,19.43,225.89,0.979,999,0.6226,0.721,,,1982995,g0044,1,,c0000,train,exact,0.020,0.50,,photo
ss_pair_670592ddced9_00003_inside_ss.npz,ss,670592dd327f3c00012b0f14,same_source,inside,none,210.7,13.34,303.81,0.925,1228,1.0,1.0,,,2037609,g0458,1,,c0213,train,exact,0.020,0.50,,photo
ss_pair_66622f78c8b7_00003_inside_ss.npz,ss,66622f783ff7660001bc9708,same_source,inside,none,248.4,18.64,237.73,1.119,2048,1.0,0.9986,,,3314412,g0443,1,,c0200,train,exact,0.020,0.50,,photo
ss_pair_5ba52d4d25f9_00002_inside_ss_w.npz,ss,5ba52d4de28fc60007fe40e5,same_source,inside,pseudo_winter,241.9,5.19,250.25,1.045,1711,1.0,1.0,,,2799354,g0067,1,,c0000,train,exact,0.020,0.50,,photo
ss_pair_5ec3c7775d66_00004_inside_ss.npz,ss,5ec3c777aff5010005865c4c,same_source,inside,none,270.7,18.47,265.23,0.894,1655,1.0,0.9991,,,2965787,g0167,1,,c0000,train,exact,0.020,0.50,,photo
ss_pair_602396b2f29e_00003_partial_ss.npz,ss,602396b25415b40006e6fe5a,same_source,partial,none,175.2,16.3,1.07,1.053,1008,0.6478,0.7254,,,1798403,g0254,1,,c0001,train,exact,0.020,0.50,,photo
ss_pair_5b9aed8bf890_00000_inside_ss.npz,ss,5b9aed8be4a40e0007176faf,same_source,inside,none,194.5,15.89,228.61,0.88,1168,0.9999,0.9999,,,2562322,g0062,1,,c0000,train,exact,0.020,0.50,,photo
ss_pair_5b5bb4eb8791_00001_inside_ss.npz,ss,5b5bb4eb09f9ef9c53bb99f2,same_source,inside,none,197.8,3.97,130.65,1.012,1396,1.0,0.9996,,,2580580,g0040,1,,c0000,train,exact,0.020,0.50,,photo
ss_pair_66cf4fa8e9c7_00000_inside_ss.npz,ss,66cf4fa811a1ae0001f7afbe,same_source,inside,none,222.8,19.98,317.01,1.078,1763,1.0,1.0,,,3368861,g0449,1,,c0205,train,exact,0.020,0.50,,photo
base_pair_62ba0681b28e_00006_inside_ss.npz,base,62ba0681daddb8000523e95d,same_source,inside,,259.2,8.86,330.87,0.936,1246,1.0,0.9992,same_source,разметка подтверждена,2917533,g0344,1,,c0011,train,exact,0.020,0.50,,photo
ss_pair_5c040c0a9fa2_00000_inside_ss.npz,ss,5c040c0aba373f00057c8191,same_source,inside,none,280.3,15.11,278.56,1.016,1420,1.0,1.0,,,2201595,g0090,1,,c0005,heldout,exact,0.020,0.50,,photo
base_pair_5c040c0a9fa2_00006_inside_ss.npz,base,5c040c0aba373f00057c8191,same_source,inside,,259.2,8.86,330.87,0.936,1246,1.0,1.0,same_source,разметка подтверждена,2554883,g0090,1,,c0005,heldout,exact,0.020,0.50,,photo
ss_pair_68cb46b11c58_00001_partial_ss.npz,ss,68cb46b1800626fc89d7ebb2,same_source,partial,none,234.8,9.18,179.24,1.024,1164,0.8103,0.8362,,,2226685,g0510,1,,c0002,heldout,exact,0.020,0.50,,photo
ss_pair_68cb46b11c58_00004_partial_ss_a.npz,ss,68cb46b1800626fc89d7ebb2,same_source,partial,pseudo_autumn,298.0,18.82,252.64,1.081,876,0.6134,0.7442,,,2050206,g0510,1,,c0002,heldout,exact,0.020,0.50,,photo
ss_pair_5b4fd1b8a780_00000_inside_ss_s.npz,ss,5b4fd1b84bda9e836eedbd8a(1),same_source,inside,pseudo_spring,198.6,14.05,49.53,0.924,1667,1.0,0.999,,,3055096,g0002,2,copy,c0000,train,exact,0.020,0.50,,photo
ss_pair_62b72be9eb70_00000_inside_ss_a.npz,ss,62b72be9daddb8000523e92c,same_source,inside,pseudo_autumn,188.4,13.45,173.76,0.896,1570,1.0,0.996,,,2878781,g0342,1,,c0011,train,exact,0.020,0.50,,photo
ss_pair_5e833fe452fe_00001_partial_ss.npz,ss,5e833fe4667e5200066e42e5,same_source,partial,none,216.8,19.9,264.78,0.999,1494,0.8287,0.9024,,,2566568,g0151,1,,c0000,train,exact,0.020,0.50,,photo
ss_pair_60c8f084953f_00000_inside_ss.npz,ss,60c8f084338cc80005cfdd57,same_source,inside,none,248.0,19.76,25.86,1.063,2048,1.0,0.9984,,,3483856,g0288,1,,c0001,train,exact,0.020,0.50,,photo
ss_pair_9f4aa899-012_00007_partial_ss_w.npz,ss,9f4aa899-012f-47b0-a878-a8c932a259b0,same_source,partial,pseudo_winter,250.7,10.87,145.35,0.994,1288,0.8074,0.765,,,1717058,g0570,1,,c0006,train,exact,0.020,0.50,,photo
ss_pair_629208c39a80_00001_inside_ss_a.npz,ss,629208c39a80b30006a5c083,same_source,inside,pseudo_autumn,175.1,15.51,231.96,1.166,2005,1.0,0.9999,,,3477035,g0341,1,,c0005,heldout,exact,0.020,0.50,,photo
ss_pair_629208c39a80_00004_partial_ss_w.npz,ss,629208c39a80b30006a5c083,same_source,partial,pseudo_winter,298.1,4.7,221.46,0.886,1500,0.7409,0.7099,,,2668459,g0341,1,,c0005,heldout,exact,0.020,0.50,,photo
ss_pair_5f5f510fd9f8_00003_inside_ss_w.npz,ss,5f5f510fd9f87200078c7f48,same_source,inside,pseudo_winter,291.4,14.06,72.0,0.978,1418,1.0,0.9985,,,2676101,g0201,1,,c0001,train,exact,0.020,0.50,,photo
ss_pair_5e7fe54915d1_00004_inside_ss.npz,ss,5e7fe549482b9c0006178456,same_source,inside,none,202.5,17.9,113.79,0.909,1312,1.0,1.0,,,2430876,g0149,1,,c0000,train,exact,0.020,0.50,,photo
ss_pair_5b9c42aa30d7_00002_partial_ss.npz,ss,5b9c42aa027d99000615b26b,same_source,partial,none,221.8,9.75,314.39,0.965,1461,0.6484,0.5616,,,2041865,g0063,1,,c0022,train,exact,0.020,0.50,,photo
ss_pair_5e570a046515_00002_inside_ss_a.npz,ss,5e570a042408ff000614bb81,same_source,inside,pseudo_autumn,201.9,6.99,238.77,1.134,1582,1.0,0.9996,,,2964372,g0138,1,,c0000,train,exact,0.020,0.50,,photo
ss_pair_6a8f2f3adc85_00011_inside_ss.npz,ss,6a8f2f3a8f75f1daf8b39937,same_source,inside,none,293.9,18.45,114.83,0.88,1304,1.0,0.9999,,,2468277,g0554,1,,c0267,heldout,exact,0.020,0.50,,photo
ss_pair_6a8f2f3adc85_00007_partial_ss_a.npz,ss,6a8f2f3a8f75f1daf8b39937,same_source,partial,pseudo_autumn,269.4,4.95,184.64,1.077,1641,0.6482,0.6205,,,2501766,g0554,1,,c0267,heldout,exact,0.020,0.50,,photo
ss_pair_2c52ca77-e8f_00001_inside_ss.npz,ss,2c52ca77-e8fe-4678-9594-95110953e2eb,same_source,inside,none,292.3,13.43,127.64,0.901,1706,1.0,0.9995,,,2593747,g0024,1,,c0071,train,exact,0.020,0.50,,photo
ss_pair_fc5a9909-bd3_00004_partial_ss_s.npz,ss,fc5a9909-bd37-4bb2-b9dd-890065c1b88a,same_source,partial,pseudo_spring,203.2,13.51,187.04,1.096,1589,0.8111,0.8203,,,2038650,g0593,1,,c0009,heldout,exact,0.020,0.50,,photo
ss_pair_fc5a9909-bd3_00005_partial_ss_a.npz,ss,fc5a9909-bd37-4bb2-b9dd-890065c1b88a,same_source,partial,pseudo_autumn,184.9,0.59,324.74,1.078,1898,0.8941,0.8938,,,3133183,g0593,1,,c0009,heldout,exact,0.020,0.50,,photo
ss_pair_5ad9a5f462a3_00002_inside_ss.npz,ss,5ad9a5f491b5310010e0d562,same_source,inside,none,191.8,3.82,231.79,1.126,1615,1.0,0.9997,,,2136096,g0032,1,,c0023,heldout,exact,0.020,0.50,,photo
ss_pair_5ad9a5f462a3_00003_partial_ss_s.npz,ss,5ad9a5f491b5310010e0d562,same_source,partial,pseudo_spring,260.0,18.42,289.83,0.994,1650,0.8796,0.9248,,,2840580,g0032,1,,c0023,heldout,exact,0.020,0.50,,photo
ss_pair_5c4ae075e78a_00002_partial_ss_s.npz,ss,5c4ae075201b5a0007147677,same_source,partial,pseudo_spring,245.0,15.68,285.58,0.974,1632,0.7721,0.853,,,2929355,g0093,1,,c0000,train,exact,0.020,0.50,,photo
ss_pair_5faf02dd3e40_00005_partial_ss.npz,ss,5faf02dd1d7a180007e702e3,same_source,partial,none,274.1,18.88,318.53,1.005,1112,0.7397,0.8018,,,1877643,g0231,1,,c0001,train,exact,0.020,0.50,,photo
ss_pair_60b0cb4e2144_00001_partial_ss_a.npz,ss,60b0cb4ea9600f000845813f,same_source,partial,pseudo_autumn,190.9,8.58,176.68,0.859,1096,0.7654,0.7316,,,2283051,g0281,1,,c0001,train,exact,0.020,0.50,,photo
ss_pair_7984038bc685_00005_inside_ss.npz,ss,7984038b-f6b5-49c9-8fb5-b077023ca410,same_source,inside,none,218.5,14.17,147.3,1.041,1491,1.0,0.9985,,,2698098,g0563,1,,c0071,train,exact,0.020,0.50,,photo
ss_pair_6098f332c9d8_00000_partial_ss.npz,ss,6098f3325277360006c5bf72,same_source,partial,none,198.8,19.43,261.68,0.998,1018,0.8201,0.7424,,,1883743,g0274,1,,c0025,train,exact,0.020,0.50,,photo
ss_pair_60bd650cbf1e_00001_partial_ss.npz,ss,60bd650cbf1e3700068051dd,same_source,partial,none,231.2,16.85,123.71,0.902,1255,0.661,0.5597,,,1948462,g0285,1,,c0010,val,exact,0.020,0.50,,photo
ss_pair_60bd650cbf1e_00005_inside_ss_a.npz,ss,60bd650cbf1e3700068051dd,same_source,inside,pseudo_autumn,201.4,2.57,179.93,1.17,2048,1.0,0.9967,,,4093695,g0285,1,,c0010,val,exact,0.020,0.50,,photo
ss_pair_5ecb0947f62f_00003_inside_ss.npz,ss,5ecb0947f62f370006df3439,same_source,inside,none,212.5,18.17,249.99,1.189,1491,1.0,0.9998,,,2901358,g0173,1,,c0000,train,exact,0.020,0.50,,photo
ss_pair_5cbccbad6094_00000_inside_ss.npz,ss,5cbccbadd951f000055fdf5c,same_source,inside,none,210.5,3.71,354.33,1.187,1918,1.0,1.0,,,2765755,g0104,1,,c0000,train,exact,0.020,0.50,,photo
base_pair_5ff84224b021_00006_inside_ss.npz,base,5ff84224474d8300067bfa3d,same_source,inside,,259.2,8.86,330.87,0.936,1246,1.0,0.9955,same_source,разметка подтверждена,2972728,g0247,1,,c0001,train,exact,0.020,0.50,,photo
base_pair_5f1344f8f5bc_00006_inside_ss.npz,base,5f1344f8baa90f0006a0ab2b,same_source,inside,,259.2,8.86,330.87,0.936,1246,1.0,1.0,same_source,проверено частично,2499532,g0185,1,,c0033,heldout,exact,0.020,0.50,,photo
ss_pair_5f1344f8f5bc_00000_inside_ss_w.npz,ss,5f1344f8baa90f0006a0ab2b,same_source,inside,pseudo_winter,185.2,3.97,37.14,1.164,1914,1.0,1.0,,,2955809,g0185,1,,c0033,heldout,exact,0.020,0.50,,photo
ss_pair_68f3d63137c1_00004_inside_ss.npz,ss,68f3d63137c118f529c05180,same_source,inside,none,272.6,18.81,262.66,0.998,1734,1.0,0.9979,,,3117450,g0522,1,,c0251,heldout,exact,0.020,0.50,,photo
base_pair_68f3d63110db_00006_inside_ss.npz,base,68f3d63137c118f529c05180,same_source,inside,,259.2,8.86,330.87,0.936,1246,1.0,0.9977,same_source,разметка подтверждена,2701523,g0522,1,,c0251,heldout,exact,0.020,0.50,,photo
ss_pair_60c06e83ace2_00003_inside_ss.npz,ss,60c06e83ace22e0007396bc0,same_source,inside,none,244.0,18.12,6.02,0.871,1439,1.0,0.9991,,,2601103,g0286,1,,c0001,train,exact,0.020,0.50,,photo
ss_pair_a54c05a3-3b6_00001_partial_ss_a.npz,ss,a54c05a3-3b60-49fe-80b5-fab96e5ba38f,same_source,partial,pseudo_autumn,285.1,15.79,202.27,1.169,1146,0.6943,0.8014,,,2130118,g0573,1,,c0022,train,exact,0.020,0.50,,photo
ss_pair_86a6b3cf-aa8_00002_partial_ss_s.npz,ss,86a6b3cf-aa8a-4be4-81d6-8d6c9aab0976,same_source,partial,pseudo_spring,194.2,13.7,110.69,1.164,1984,0.7493,0.816,,,3797655,g0566,1,,c0074,heldout,exact,0.020,0.50,,photo
base_pair_86a6b3cfae47_00006_inside_ss.npz,base,86a6b3cf-aa8a-4be4-81d6-8d6c9aab0976,same_source,inside,,259.2,8.86,330.87,0.936,1246,1.0,0.999,same_source,разметка подтверждена,2744800,g0566,1,,c0074,heldout,exact,0.020,0.50,,photo
ss_pair_5b2059672b6a_00005_partial_ss.npz,ss,5b2059672b6a08001185f7e1,same_source,partial,none,204.9,11.58,4.3,1.118,1110,0.6895,0.7561,,,2079354,g0034,1,,c0000,train,exact,0.020,0.50,,photo
ss_pair_5f61ffb682c1_00004_inside_ss.npz,ss,5f61ffb682c1c7000508d8c6,same_source,inside,none,179.8,18.17,279.51,0.973,1455,1.0,1.0,,,2679970,g0206,1,,c0013,train,exact,0.020,0.50,,photo
ss_pair_0f2e9280b238_00004_inside_ss.npz,ss,0f2e9280-1857-46a2-8279-9a91b5b2a845,same_source,inside,none,266.2,14.3,351.16,0.998,1681,1.0,0.9957,,,3225146,g0019,1,,c0012,val,exact,0.020,0.50,,photo
ss_pair_0f2e9280b238_00005_inside_ss_w.npz,ss,0f2e9280-1857-46a2-8279-9a91b5b2a845,same_source,inside,pseudo_winter,293.3,0.89,31.84,0.855,1721,1.0,0.9976,,,2755425,g0019,1,,c0012,val,exact,0.020,0.50,,photo
ss_pair_5f6aea9ea6a8_00003_inside_ss_a.npz,ss,5f6aea9e71d1f60005e6ab87,same_source,inside,pseudo_autumn,244.9,6.95,58.94,1.156,1409,1.0,0.9988,,,2745584,g0209,1,,c0001,train,exact,0.020,0.50,,photo
ss_pair_5e906c0a8e5d_00001_inside_ss_w.npz,ss,5e906c0ac6bbac0005e30fad,same_source,inside,pseudo_winter,254.6,6.13,101.19,0.88,1131,1.0,0.9999,,,2610575,g0152,1,,c0000,train,exact,0.020,0.50,,photo
ss_pair_68900d83f062_00003_inside_ss_s.npz,ss,68900d83a95d4b4f7d42ba6b,same_source,inside,pseudo_spring,217.7,17.7,33.4,1.188,2048,1.0,0.9995,,,3970532,g0492,1,,c0002,heldout,exact,0.020,0.50,,photo
base_pair_68900d83f062_00006_inside_ss.npz,base,68900d83a95d4b4f7d42ba6b,same_source,inside,,259.2,8.86,330.87,0.936,1246,1.0,0.9999,same_source,разметка подтверждена,2906128,g0492,1,,c0002,heldout,exact,0.020,0.50,,photo
ss_pair_65578066963e_00005_partial_ss_a.npz,ss,655780663aa0a700013167ca,same_source,partial,pseudo_autumn,178.9,18.2,106.73,0.978,1269,0.8409,0.8418,,,2325629,g0400,1,,c0175,train,exact,0.020,0.50,,photo
ss_pair_5bd178f5007b_00000_partial_ss.npz,ss,5bd178f5007b56000739580c,same_source,partial,none,249.6,14.74,186.5,1.128,1176,0.7839,0.8052,,,2445385,g0083,1,,c0005,heldout,exact,0.020,0.50,,photo
ss_pair_5bd178f5007b_00002_inside_ss_a.npz,ss,5bd178f5007b56000739580c,same_source,inside,pseudo_autumn,284.0,0.59,53.24,1.102,2048,1.0,0.9999,,,3600682,g0083,1,,c0005,heldout,exact,0.020,0.50,,photo
ss_pair_e57bdd6e-8d1_00000_inside_ss.npz,ss,e57bdd6e-8d1c-490b-9ada-86fc939eea1f,same_source,inside,none,192.3,18.94,308.69,0.905,1484,1.0,0.9991,,,2810199,g0585,1,,c0009,heldout,exact,0.020,0.50,,photo
ss_pair_e57bdd6e-8d1_00006_partial_ss_a.npz,ss,e57bdd6e-8d1c-490b-9ada-86fc939eea1f,same_source,partial,pseudo_autumn,220.2,3.0,334.19,1.136,2021,0.757,0.7665,,,3468496,g0585,1,,c0009,heldout,exact,0.020,0.50,,photo
ss_pair_60442262b016_00002_inside_ss_a.npz,ss,60442262b0161f0005391ae6,same_source,inside,pseudo_autumn,273.3,19.56,260.56,0.899,1417,1.0,0.9937,,,3036992,g0257,1,,c0001,train,exact,0.020,0.50,,photo
ss_pair_5bb0b6f7501d_00001_partial_ss.npz,ss,5bb0b6f7a28dc0000543f084,same_source,partial,none,217.6,15.97,24.73,0.964,1171,0.7191,0.7425,,,2023138,g0071,1,,c0000,train,exact,0.020,0.50,,photo
ss_pair_5ead82d9f764_00000_inside_ss.npz,ss,5ead82d93295f300072a6d7b,same_source,inside,none,209.3,10.67,49.16,0.944,1294,1.0,0.9989,,,2763639,g0162,1,,c0005,heldout,exact,0.020,0.50,,photo
base_pair_5ead82d9f764_00006_inside_ss.npz,base,5ead82d93295f300072a6d7b,same_source,inside,,259.2,8.86,330.87,0.936,1246,1.0,1.0,same_source,разметка подтверждена,2838718,g0162,1,,c0005,heldout,exact,0.020,0.50,,photo
ss_pair_69fc25d1815f_00003_inside_ss_a.npz,ss,69fc25d191e4ffdcf28ab7c3,same_source,inside,pseudo_autumn,240.0,12.82,349.63,0.967,1875,1.0,0.9931,,,3298858,g0539,1,,c0259,train,exact,0.020,0.50,,photo
ss_pair_5fac2fcd3729_00014_inside_ss.npz,ss,5fac2fcd3729bf000552677d,same_source,inside,none,249.5,11.71,204.84,0.865,1636,1.0,1.0,,,3007949,g0229,1,,c0010,val,exact,0.020,0.50,,photo
ss_pair_5fac2fcd3729_00007_inside_ss_w.npz,ss,5fac2fcd3729bf000552677d,same_source,inside,pseudo_winter,247.2,1.8,182.88,0.887,1652,1.0,1.0,,,2939123,g0229,1,,c0010,val,exact,0.020,0.50,,photo
ss_pair_5f7d9f287eaf_00001_partial_ss.npz,ss,5f7d9f287eaf6400054c9aa6,same_source,partial,none,198.1,15.23,268.14,0.994,1630,0.6887,0.6067,,,2582389,g0221,1,,c0000,train,exact,0.020,0.50,,photo
ss_pair_0f45880a-973_00008_partial_ss.npz,ss,0f45880a-9739-4a72-87a7-b39f5c186e02,same_source,partial,none,191.9,19.42,133.11,1.051,1839,0.7076,0.7322,,,2630160,g0020,1,,c0076,val,exact,0.020,0.50,,photo
ss_pair_0f45880a-973_00005_inside_ss_a.npz,ss,0f45880a-9739-4a72-87a7-b39f5c186e02,same_source,inside,pseudo_autumn,233.7,5.32,153.76,0.893,1369,1.0,0.9989,,,2759022,g0020,1,,c0076,val,exact,0.020,0.50,,photo
ss_pair_5bc3234e77e3_00004_inside_ss.npz,ss,5bc3234e408eba0008a5dd74,same_source,inside,none,214.8,19.91,210.92,1.07,1799,1.0,0.9985,,,3146732,g0079,1,,c0000,train,exact,0.020,0.50,,photo
ss_pair_5cb7cd859fbe_00002_partial_ss_w.npz,ss,5cb7cd8586413a0005372e06,same_source,partial,pseudo_winter,220.3,12.36,293.08,0.951,1435,0.774,0.7786,,,2332284,g0101,1,,c0000,train,exact,0.020,0.50,,photo
ss_pair_607ec4fc5415_00010_inside_ss.npz,ss,607ec4fc5415000005a52839,same_source,inside,none,184.8,18.5,148.02,1.104,2048,1.0,0.9992,,,3791964,g0268,1,,c0134,val,exact,0.020,0.50,,photo
ss_pair_607ec4fc5415_00011_partial_ss_a.npz,ss,607ec4fc5415000005a52839,same_source,partial,pseudo_autumn,218.3,2.17,227.11,0.968,1392,0.8617,0.8614,,,2654729,g0268,1,,c0134,val,exact,0.020,0.50,,photo
ss_pair_5f2c8c3c0d59_00009_inside_ss.npz,ss,5f2c8c3c0d59fe00057c327d,same_source,inside,none,181.9,18.61,254.16,0.912,1405,1.0,0.9999,,,2284917,g0189,1,,c0038,train,exact,0.020,0.50,,photo
ss_pair_5b773d856175_00005_inside_ss.npz,ss,5b773d856175251e6a5dac70,same_source,inside,none,183.3,16.05,139.21,1.183,1703,0.9999,0.9999,,,2779791,g0045,1,,c0000,train,exact,0.020,0.50,,photo
ss_pair_5e828a983f16_00003_partial_ss.npz,ss,5e828a988c03310007a824db,same_source,partial,none,251.9,9.09,65.06,1.011,1908,0.8792,0.9001,,,2890479,g0150,1,,c0000,train,exact,0.020,0.50,,photo
ss_pair_5bdf80ef1f7a_00000_inside_ss.npz,ss,5bdf80ef430b4d000569fa17,same_source,inside,none,236.8,14.3,185.22,0.852,1043,0.9999,0.9999,,,2075015,g0086,1,,c0000,train,exact,0.020,0.50,,photo
ss_pair_5b9138580633_00011_inside_ss.npz,ss,5b913858a0d7280005fab362,same_source,inside,none,231.8,12.89,166.08,0.882,1317,1.0,0.9999,,,2234562,g0052,1,,c0006,train,exact,0.020,0.50,,photo
ss_pair_60e308aee217_00001_inside_ss_w.npz,ss,60e308aee217da0008c2a6d4,same_source,inside,pseudo_winter,293.3,18.69,333.06,0.911,1742,1.0,1.0,,,2919758,g0296,1,,c0010,val,exact,0.020,0.50,,photo
ss_pair_60e308aee217_00010_partial_ss_a.npz,ss,60e308aee217da0008c2a6d4,same_source,partial,pseudo_autumn,271.0,5.75,89.6,0.87,1033,0.871,0.8552,,,2224417,g0296,1,,c0010,val,exact,0.020,0.50,,photo
ss_pair_5cb7028a8641_00002_inside_ss.npz,ss,5cb7028a86413a0005372dec,same_source,inside,none,191.2,17.83,0.68,0.915,1545,1.0,0.9965,,,2773791,g0099,1,,c0000,train,exact,0.020,0.50,,photo
ss_pair_60f45df1706d_00001_inside_ss_s.npz,ss,60f45df142311e0006681a1c,same_source,inside,pseudo_spring,220.2,19.4,172.53,0.932,1422,1.0,0.9999,,,3026607,g0300,1,,c0144,val,exact,0.020,0.50,,photo
base_pair_60f45df1706d_00006_inside_ss.npz,base,60f45df142311e0006681a1c,same_source,inside,,259.2,8.86,330.87,0.936,1246,1.0,1.0,same_source,same_source,2676868,g0300,1,,c0144,val,exact,0.020,0.50,,photo
ss_pair_5b446e1cce9a_00005_partial_ss.npz,ss,5b446e1c2b6a08001185f970,same_source,partial,none,218.7,5.55,200.63,0.872,1386,0.6308,0.6021,,,2125114,g0037,1,,c0000,train,exact,0.020,0.50,,photo
ss_pair_5b474f8cd91c_00001_partial_ss.npz,ss,5b474f8c2b6a08001185f98a,same_source,partial,none,238.8,14.14,353.22,0.978,1225,0.6316,0.5807,,,2013529,g0038,1,,c0000,train,exact,0.020,0.50,,photo
ss_pair_5f38a08cdf88_00009_partial_ss_w.npz,ss,5f38a08cdf88ab000761cb1c,same_source,partial,pseudo_winter,295.0,16.84,150.59,1.026,1898,0.7043,0.7407,,,3185100,g0194,1,,c0000,train,exact,0.020,0.50,,photo
ss_pair_5b9edfb6e7ef_00004_partial_ss.npz,ss,5b9edfb6e7efd00008985454,same_source,partial,none,280.7,15.06,194.34,0.924,1014,0.8079,0.8398,,,2344811,g0064,1,,c0000,train,exact,0.020,0.50,,photo
ss_pair_5cb8e555b178_00004_inside_ss.npz,ss,5cb8e55586413a0005372e1b,same_source,inside,none,215.1,15.08,296.48,1.132,1721,1.0,1.0,,,2919902,g0102,1,,c0000,train,exact,0.020,0.50,,photo
ss_pair_5b955418ed7c_00004_partial_ss.npz,ss,5b95541857a6ea0006076e9e,same_source,partial,none,242.9,19.92,34.62,0.921,1566,0.7202,0.5766,,,1832545,g0060,1,,c0006,train,exact,0.020,0.50,,photo
ss_pair_60f5f7484231_00002_inside_ss_w.npz,ss,60f5f74842311e0006681a3b,same_source,inside,pseudo_winter,264.6,15.82,300.3,0.851,1606,1.0,1.0,,,2892615,g0301,1,,c0145,train,exact,0.020,0.50,,photo
ss_pair_5cc5d2ae9c4e_00005_partial_ss.npz,ss,5cc5d2ae9c4e1700060da68c,same_source,partial,none,202.1,13.63,225.69,1.171,1252,0.8651,0.8954,,,2213506,g0106,1,,c0005,heldout,exact,0.020,0.50,,photo
base_pair_5cc5d2ae9574_00006_inside_ss.npz,base,5cc5d2ae9c4e1700060da68c,same_source,inside,,259.2,8.86,330.87,0.936,1246,1.0,1.0,same_source,same_source,2683869,g0106,1,,c0005,heldout,exact,0.020,0.50,,photo
ss_pair_5ef7339d8aef_00004_partial_ss_a.npz,ss,5ef7339d8aefa40005354460,same_source,partial,pseudo_autumn,215.0,16.16,319.04,0.884,1502,0.7709,0.8142,,,2826142,g0181,1,,c0000,train,exact,0.020,0.50,,photo
ss_pair_5b919659cfbb_00000_partial_ss.npz,ss,5b919659c4be300007b23c63,same_source,partial,none,205.5,19.75,156.48,1.042,1234,0.7758,0.8653,,,2064103,g0053,1,,c0006,train,exact,0.020,0.50,,photo
ss_pair_5cbb021201b3_00001_inside_ss.npz,ss,5cbb021201b3800006f2abfd,same_source,inside,none,288.9,19.3,183.51,1.139,2048,1.0,0.9876,,,3484206,g0103,1,,c0000,train,exact,0.020,0.50,,photo
ss_pair_17f334f3-d9f_00000_inside_ss_s.npz,ss,17f334f3-d9f7-4336-a53c-149d72dd5ef6,same_source,inside,pseudo_spring,270.4,13.18,58.64,1.118,1962,1.0,1.0,,,2981750,g0021,1,,c0009,heldout,exact,0.020,0.50,,photo
ss_pair_17f334f3-d9f_00002_inside_ss_a.npz,ss,17f334f3-d9f7-4336-a53c-149d72dd5ef6,same_source,inside,pseudo_autumn,209.9,2.87,230.56,0.869,1317,1.0,1.0,,,2391380,g0021,1,,c0009,heldout,exact,0.020,0.50,,photo
ss_pair_5c4dba61928b_00001_inside_ss.npz,ss,5c4dba61928b840005eb731b,same_source,inside,none,296.0,12.37,179.87,1.181,2048,1.0,0.998,,,3270556,g0095,1,,c0000,train,exact,0.020,0.50,,photo
ss_pair_6098f34b9a00_00002_inside_ss_s.npz,ss,6098f34b5277360006c5bf74,same_source,inside,pseudo_spring,229.0,16.78,171.91,1.088,1945,1.0,0.9992,,,3458123,g0275,1,,c0025,train,exact,0.020,0.50,,photo
ss_pair_860261e893a0_00001_inside_ss.npz,ss,860261e8-d53d-4d15-b2f5-414f0e4c63bb,same_source,inside,none,278.4,12.68,57.84,0.888,1218,1.0,0.999,,,2561168,g0565,1,,c0072,val,exact,0.020,0.50,,photo
base_pair_860261e893a0_00006_inside_ss.npz,base,860261e8-d53d-4d15-b2f5-414f0e4c63bb,same_source,inside,,259.2,8.86,330.87,0.936,1246,1.0,0.9991,same_source,same_source,2598510,g0565,1,,c0072,val,exact,0.020,0.50,,photo
ss_pair_650857ff89dd_00004_inside_ss.npz,ss,650857fff17ffb0001796e6c,same_source,inside,none,257.1,5.58,116.42,0.927,1442,1.0,0.9983,,,2446124,g0387,1,,c0165,heldout,exact,0.020,0.50,,photo
ss_pair_650857ff89dd_00002_partial_ss_s.npz,ss,650857fff17ffb0001796e6c,same_source,partial,pseudo_spring,176.8,15.8,359.51,1.163,1705,0.8514,0.8241,,,2562892,g0387,1,,c0165,heldout,exact,0.020,0.50,,photo
ss_pair_5e7e8c2851a0_00003_inside_ss.npz,ss,5e7e8c28482b9c0006178445,same_source,inside,none,242.9,7.76,62.17,0.986,1777,1.0,1.0,,,3198445,g0147,1,,c0000,train,exact,0.020,0.50,,photo
base_pair_68a91e0b8cf8_00001_inside_ss_gate.npz,base,68a91e0b-3ff9-4d9f-be55-7d015bdf504b,same_source,inside,,207.5,6.06,170.0,0.917,1212,1.0,0.9985,same_source,подтверждена (гейт пересмотрен),2469111,g0505,1,,c0016,train,exact,0.020,0.50,,photo
base_pair_6066cd43d004_00001_inside_ss_gate.npz,base,6066cd43d8a0ef00061b9507,same_source,inside,,207.5,6.06,170.0,0.917,1212,1.0,0.9973,same_source,подтверждена (гейт пересмотрен),2584148,g0260,1,,c0001,train,exact,0.020,0.50,,photo
base_pair_6011120458a7_00001_inside_ss_gate.npz,base,60111204-92b7-47ed-b4b4-b65d4c355750,same_source,inside,,207.5,6.06,170.0,0.917,1212,1.0,0.9996,same_source,подтверждена (гейт пересмотрен),2464879,g0250,1,,c0016,train,exact,0.020,0.50,,photo
base_pair_60b29cc741ba_00001_inside_ss_gate.npz,base,60b29cc7a9600f0008458160,same_source,inside,,207.5,6.06,170.0,0.917,1212,1.0,0.9966,same_source,подтверждена (гейт пересмотрен),2612783,g0282,1,,c0139,val,exact,0.020,0.50,,photo
ss_pair_60b29cc741ba_00000_inside_ss_a.npz,ss,60b29cc7a9600f0008458160,same_source,inside,pseudo_autumn,248.8,8.48,262.24,1.011,1826,1.0,0.997,,,3203802,g0282,1,,c0139,val,exact,0.020,0.50,,photo
base_pair_65578fb4d78a_00001_inside_ss_gate.npz,base,65578fb43aa0a700013167eb,same_source,inside,,207.5,6.06,170.0,0.917,1212,1.0,0.9967,same_source,подтверждена (гейт пересмотрен),2496205,g0403,1,,c0002,heldout,exact,0.020,0.50,,photo
ss_pair_65578fb4d78a_00000_partial_ss.npz,ss,65578fb43aa0a700013167eb,same_source,partial,none,212.8,5.25,69.34,0.919,1651,0.878,0.8575,,,2514762,g0403,1,,c0002,heldout,exact,0.020,0.50,,photo
base_pair_5f60702ad1d7_00001_inside_ss_gate.npz,base,5f60702ad9f87200078c7f64,same_source,inside,,207.5,6.06,170.0,0.917,1212,1.0,0.9947,same_source,подтверждена (гейт пересмотрен),2630663,g0203,1,,c0001,train,exact,0.020,0.50,,photo
base_pair_6705931b87aa_00001_inside_ss_gate.npz,base,6705931b327f3c00012b0f6a,same_source,inside,,207.5,6.06,170.0,0.917,1212,1.0,0.9972,same_source,подтверждена (гейт пересмотрен),2423158,g0465,1,,c0056,heldout,exact,0.020,0.50,,photo
ss_pair_6705931b87aa_00000_inside_ss_s.npz,ss,6705931b327f3c00012b0f6a,same_source,inside,pseudo_spring,204.5,8.15,87.77,0.932,1673,1.0,0.9995,,,2332314,g0465,1,,c0056,heldout,exact,0.020,0.50,,photo
base_pair_69a377520c8e_00001_inside_ss_gate.npz,base,69a37752e1de1fc8304bc3ba,same_source,inside,,207.5,6.06,170.0,0.917,1212,1.0,0.9985,same_source,подтверждена (гейт пересмотрен),2521170,g0534,1,,c0021,train,exact,0.020,0.50,,photo
base_pair_5f6097f9fce9_00001_inside_ss_gate.npz,base,5f6097f9d9f87200078c7f6a,same_source,inside,,207.5,6.06,170.0,0.917,1212,1.0,0.9997,same_source,подтверждена (гейт пересмотрен),2414957,g0204,1,,c0001,train,exact,0.020,0.50,,photo
base_pair_680fc6edbfd6_00001_inside_ss_gate.npz,base,680fc6ed5a239162fb6cbae3,same_source,inside,,207.5,6.06,170.0,0.917,1212,1.0,0.9987,same_source,подтверждена (гейт пересмотрен),2559902,g0482,1,,c0233,train,exact,0.020,0.50,,photo
base_pair_9c75cb722904_00001_inside_ss_gate.npz,base,9c75cb72-e13a-4862-abe4-62058d5e108c,same_source,inside,,207.5,6.06,170.0,0.917,1212,1.0,0.9979,same_source,подтверждена (гейт пересмотрен),2329798,g0569,1,,c0274,train,exact,0.020,0.50,,photo
base_pair_5ff8bb526080_00001_inside_ss_gate.npz,base,5ff8bb52faaf080006252dc0,same_source,inside,,207.5,6.06,170.0,0.917,1212,1.0,0.9939,same_source,подтверждена (гейт пересмотрен),2528536,g0248,1,,c0001,train,exact,0.020,0.50,,photo
base_pair_609ab900452b_00000_inside_ss_gate.npz,base,609ab900924d4600052699aa,same_source,inside,,207.5,6.06,170.0,0.917,1212,1.0,0.9966,same_source,подтверждена (гейт пересмотрен),2614923,g0276,1,,c0137,train,exact,0.020,0.50,,photo
base_pair_6497c8296ca0_00001_inside_ss_gate.npz,base,6497c829a2f35c00061c10a8,same_source,inside,,207.5,6.06,170.0,0.917,1212,1.0,0.9996,same_source,подтверждена (гейт пересмотрен),2657444,g0377,1,,c0008,heldout,exact,0.020,0.50,,photo
ss_pair_6497c8296ca0_00000_inside_ss_a.npz,ss,6497c829a2f35c00061c10a8,same_source,inside,pseudo_autumn,200.3,16.19,196.9,0.95,1700,1.0,0.9988,,,3244741,g0377,1,,c0008,heldout,exact,0.020,0.50,,photo
base_pair_5fac6873fd02_00001_inside_ss_gate.npz,base,5fac68733729bf0005526787,same_source,inside,,207.5,6.06,170.0,0.917,1212,1.0,0.9989,same_source,подтверждена (гейт пересмотрен),2508761,g0230,1,,c0001,train,exact,0.020,0.50,,photo
base_pair_652f2862f5c4_00001_inside_ss_gate.npz,base,652f2862fb9f0500010165b0,same_source,inside,,207.5,6.06,170.0,0.917,1212,1.0,0.9964,same_source,подтверждена (гейт пересмотрен),2695975,g0392,1,,c0170,train,exact,0.020,0.50,,photo
base_pair_094a605de7d9_00001_inside_ss_gate.npz,base,094a605d-ce73-491c-b093-da4a3426bbf8,same_source,inside,,207.5,6.06,170.0,0.917,1212,1.0,0.9983,same_source,подтверждена (гейт пересмотрен),2215146,g0018,1,,c0034,heldout,exact,0.020,0.50,,photo
ss_pair_094a605de7d9_00000_partial_ss_w.npz,ss,094a605d-ce73-491c-b093-da4a3426bbf8,same_source,partial,pseudo_winter,230.7,14.5,349.39,1.186,1191,0.8034,0.7691,,,1891184,g0018,1,,c0034,heldout,exact,0.020,0.50,,photo
base_pair_649751fce05b_00001_inside_ss_gate.npz,base,649751fca2f35c00061c1090,same_source,inside,,207.5,6.06,170.0,0.917,1212,1.0,0.9975,same_source,подтверждена (гейт пересмотрен),2669075,g0375,1,,c0008,heldout,exact,0.020,0.50,,photo
ss_pair_649751fce05b_00000_inside_ss_a.npz,ss,649751fca2f35c00061c1090,same_source,inside,pseudo_autumn,264.3,16.86,183.29,0.978,1717,1.0,0.9985,,,2878144,g0375,1,,c0008,heldout,exact,0.020,0.50,,photo
base_pair_6951544c841e_00001_inside_ss_gate.npz,base,6951544c9ec18574a42c647c,same_source,inside,,207.5,6.06,170.0,0.917,1212,1.0,1.0,same_source,подтверждена (гейт пересмотрен),2098831,g0529,1,,c0021,train,exact,0.020,0.50,,photo
base_pair_b47d6224e35a_00001_inside_ss_gate.npz,base,b47d6224-26d1-4166-8242-87224272ed96,same_source,inside,,207.5,6.06,170.0,0.917,1212,1.0,0.9993,same_source,подтверждена (гейт пересмотрен),2528758,g0575,1,,c0016,train,exact,0.020,0.50,,photo
base_pair_60729564949f_00001_inside_ss_gate.npz,base,60729564e618d50005a98187,same_source,inside,,207.5,6.06,170.0,0.917,1212,1.0,0.9916,same_source,подтверждена (гейт пересмотрен),2385461,g0262,1,,c0131,val,exact,0.020,0.50,,photo
ss_pair_60729564949f_00000_partial_ss_a.npz,ss,60729564e618d50005a98187,same_source,partial,pseudo_autumn,198.5,9.72,64.63,1.088,950,0.7423,0.7331,,,1811456,g0262,1,,c0131,val,exact,0.020,0.50,,photo
base_pair_5f5ef3d072f3_00001_inside_ss_gate.npz,base,5f5ef3d0d9f87200078c7f42,same_source,inside,,207.5,6.06,170.0,0.917,1212,1.0,0.9887,same_source,подтверждена (гейт пересмотрен),2649935,g0200,1,,c0001,train,exact,0.020,0.50,,photo
base_pair_5f62e03feea1_00001_inside_ss_gate.npz,base,5f62e03f9d06cc000624327e,same_source,inside,,207.5,6.06,170.0,0.917,1212,1.0,0.9989,same_source,подтверждена (гейт пересмотрен),2565033,g0207,1,,c0001,train,exact,0.020,0.50,,photo
base_pair_65f8b818bacc_00001_inside_ss_gate.npz,base,65f8b818ea431b000145adf4,same_source,inside,,207.5,6.06,170.0,0.917,1212,1.0,0.9989,same_source,подтверждена (гейт пересмотрен),2633611,g0423,1,,c0188,train,exact,0.020,0.50,,photo
ss_pair_6723a2e4b737_00012_inside_ss.npz,ss,6723a2e4a17ee50001c9612f,same_source,inside,none,188.6,17.23,344.65,1.08,1850,1.0,1.0,,,3584946,g0467,1,,c0218,heldout,exact,0.020,0.50,,photo
ss_pair_6723a2e4b737_00013_inside_ss_a.npz,ss,6723a2e4a17ee50001c9612f,same_source,inside,pseudo_autumn,264.1,0.13,199.67,1.014,1260,1.0,1.0,,,2310234,g0467,1,,c0218,heldout,exact,0.020,0.50,,photo
ss_pair_5f52e87a1e88_00003_inside_ss.npz,ss,5f52e87a5c810b0006d4f2f6,same_source,inside,none,245.4,19.97,336.15,0.931,1388,1.0,1.0,,,2413908,g0199,1,,c0039,train,exact,0.020,0.50,,photo
ss_pair_63a5dbcfbdfe_00002_inside_ss_w.npz,ss,63a5dbcfeb16e8000519a1cc,same_source,inside,pseudo_winter,232.0,12.3,31.83,0.956,1283,1.0,0.9993,,,2566870,g0359,1,,c0003,val,exact,0.020,0.50,,photo
ss_pair_63a5dbcfbdfe_00001_inside_ss.npz,ss,63a5dbcfeb16e8000519a1cc,same_source,inside,none,275.5,0.41,33.11,1.022,1550,1.0,0.999,,,2902224,g0359,1,,c0003,val,exact,0.020,0.50,,photo
ss_pair_65734bb19c92_00004_inside_ss.npz,ss,65734bb1694a1c0001aa44e1,same_source,inside,none,210.1,19.69,294.37,1.02,1451,1.0,0.9876,,,2473867,g0404,1,,c0178,train,exact,0.020,0.50,,photo
ss_pair_63a5a79a9384_00005_inside_ss.npz,ss,63a5a79aeb16e8000519a1bc,same_source,inside,none,180.2,12.14,219.76,0.973,1481,1.0,0.9965,,,3027238,g0356,1,,c0028,train,exact,0.020,0.50,,photo
ss_pair_5ece627e02fb_00005_inside_ss_s.npz,ss,5ece627e57676e00057f5808,same_source,inside,pseudo_spring,264.9,19.41,337.81,1.029,1636,1.0,0.9994,,,2773922,g0174,1,,c0114,train,exact,0.020,0.50,,photo
ss_pair_65424d517cce_00002_inside_ss_s.npz,ss,65424d51f0cdb700011d7a5a,same_source,inside,pseudo_spring,283.8,6.22,93.98,0.988,1833,1.0,1.0,,,3214476,g0397,1,,c0173,val,exact,0.020,0.50,,photo
base_pair_65424d517cce_00006_inside_ss.npz,base,65424d51f0cdb700011d7a5a,same_source,inside,,191.0,4.68,235.13,1.03,1408,1.0,0.9989,same_source,разметка подтверждена,2701846,g0397,1,,c0173,val,exact,0.020,0.50,,photo
base_pair_617e9bb87242_00006_inside_ss.npz,base,617e9bb88ebcb9000515c50d,same_source,inside,,191.0,4.68,235.13,1.03,1408,1.0,1.0,same_source,разметка подтверждена,2580200,g0315,1,,c0004,val,exact,0.020,0.50,,photo
ss_pair_617e9bb87242_00000_partial_ss_s.npz,ss,617e9bb88ebcb9000515c50d,same_source,partial,pseudo_spring,282.3,0.26,297.48,1.032,770,0.61,0.6092,,,1619887,g0315,1,,c0004,val,exact,0.020,0.50,,photo
ss_pair_6190d1f3e2b3_00000_partial_ss.npz,ss,6190d1f3502455000734583f,same_source,partial,none,188.3,7.75,67.98,1.063,1251,0.7359,0.7234,,,2329949,g0322,1,,c0004,val,exact,0.020,0.50,,photo
base_pair_6190d1f3e2b3_00006_inside_ss.npz,base,6190d1f3502455000734583f,same_source,inside,,191.0,4.68,235.13,1.03,1408,1.0,0.9997,same_source,разметка подтверждена,2374439,g0322,1,,c0004,val,exact,0.020,0.50,,photo
ss_pair_63a9570da46f_00000_partial_ss.npz,ss,63a9570deb16e8000519a1e9,same_source,partial,none,181.2,7.21,344.16,1.187,1973,0.7141,0.6582,,,2925148,g0362,1,,c0003,val,exact,0.020,0.50,,photo
base_pair_63a9570da46f_00006_inside_ss.npz,base,63a9570deb16e8000519a1e9,same_source,inside,,191.0,4.68,235.13,1.03,1408,1.0,0.9989,same_source,разметка подтверждена,2600806,g0362,1,,c0003,val,exact,0.020,0.50,,photo
ss_pair_640e727f3bbe_00012_partial_ss_s.npz,ss,640e727fc2655600066c2a5d,same_source,partial,pseudo_spring,181.5,17.93,170.9,1.021,2043,0.6891,0.7213,,,3526140,g0374,1,,c0162,train,exact,0.020,0.50,,photo
ss_pair_66f7320ab4dd_00001_partial_ss.npz,ss,66f7320a5b27b10001e4b796,same_source,partial,none,260.9,13.65,155.81,1.197,1566,0.7986,0.7774,,,2582600,g0453,1,,c0209,val,exact,0.020,0.50,,photo
ss_pair_66f7320ab4dd_00006_inside_ss_a.npz,ss,66f7320a5b27b10001e4b796,same_source,inside,pseudo_autumn,217.6,2.2,59.09,1.128,1859,1.0,1.0,,,2716698,g0453,1,,c0209,val,exact,0.020,0.50,,photo
ss_pair_6a92666df1d1_00005_inside_ss_a.npz,ss,6a92666dc3a9617c871ea506,same_source,inside,pseudo_autumn,281.3,18.42,240.51,0.907,1333,1.0,0.9934,,,2843804,g0557,1,,c0270,train,exact,0.020,0.50,,photo
ss_pair_6633b7daa958_00003_partial_ss.npz,ss,6633b7da6049ef00013b824a,same_source,partial,none,234.3,19.64,86.37,0.935,1145,0.7035,0.8263,,,1654949,g0429,1,,c0191,heldout,exact,0.020,0.50,,photo
ss_pair_6633b7daa958_00001_inside_ss_a.npz,ss,6633b7da6049ef00013b824a,same_source,inside,pseudo_autumn,249.7,0.54,13.18,1.02,1982,1.0,1.0,,,3254130,g0429,1,,c0191,heldout,exact,0.020,0.50,,photo
ss_pair_617e9bb8136e_00000_inside_ss.npz,ss,617e9bb88ebcb9000515c50f,same_source,inside,none,216.5,4.85,53.4,1.133,2048,1.0,0.9998,,,3750169,g0316,1,,c0004,val,exact,0.020,0.50,,photo
base_pair_617e9bb8136e_00006_inside_ss.npz,base,617e9bb88ebcb9000515c50f,same_source,inside,,191.0,4.68,235.13,1.03,1408,1.0,0.9997,same_source,разметка подтверждена,2492098,g0316,1,,c0004,val,exact,0.020,0.50,,photo
ss_pair_6190d1f3e199_00002_partial_ss.npz,ss,6190d1f35024550007345842,same_source,partial,none,181.8,8.47,154.56,1.137,1704,0.8539,0.8703,,,2762748,g0323,1,,c0004,val,exact,0.020,0.50,,photo
base_pair_6190d1f3e199_00006_inside_ss.npz,base,6190d1f35024550007345842,same_source,inside,,191.0,4.68,235.13,1.03,1408,1.0,1.0,same_source,разметка подтверждена,2401583,g0323,1,,c0004,val,exact,0.020,0.50,,photo
ss_pair_6190e66495d3_00001_partial_ss.npz,ss,6190e6645024550007345854,same_source,partial,none,289.5,12.53,352.6,1.064,986,0.6125,0.7137,,,1621611,g0327,1,,c0004,val,exact,0.020,0.50,,photo
base_pair_6190e66495d3_00006_inside_ss.npz,base,6190e6645024550007345854,same_source,inside,,191.0,4.68,235.13,1.03,1408,1.0,0.9999,same_source,разметка подтверждена,2550038,g0327,1,,c0004,val,exact,0.020,0.50,,photo
ss_pair_5ef0bff59f7c_00001_inside_ss_a.npz,ss,5ef0bff5dc40b50005b6f1dd,same_source,inside,pseudo_autumn,268.9,19.5,41.47,0.968,1944,1.0,0.9999,,,3843818,g0180,1,,c0007,val,exact,0.020,0.50,,photo
base_pair_5ef0bff59f7c_00006_inside_ss.npz,base,5ef0bff5dc40b50005b6f1dd,same_source,inside,,191.0,4.68,235.13,1.03,1408,1.0,1.0,same_source,разметка подтверждена,2511183,g0180,1,,c0007,val,exact,0.020,0.50,,photo
ss_pair_65a8d9c4cab1_00002_partial_ss_w.npz,ss,65a8d9c471b11e0001cea7ee,same_source,partial,pseudo_winter,261.3,18.91,210.59,1.179,1935,0.7414,0.6434,,,3134084,g0406,1,,c0049,heldout,exact,0.020,0.50,,photo
base_pair_65a8d9c4cab1_00006_inside_ss.npz,base,65a8d9c471b11e0001cea7ee,same_source,inside,,191.0,4.68,235.13,1.03,1408,1.0,0.9967,same_source,разметка подтверждена,2729106,g0406,1,,c0049,heldout,exact,0.020,0.50,,photo
ss_pair_65c4b9718937_00008_partial_ss_s.npz,ss,65c4b971ed310f000161306b,same_source,partial,pseudo_spring,197.7,12.84,151.95,1.062,893,0.6879,0.6664,,,1412849,g0409,1,,c0180,heldout,exact,0.020,0.50,,photo
ss_pair_65c4b9718937_00012_inside_ss.npz,ss,65c4b971ed310f000161306b,same_source,inside,none,223.3,3.97,27.61,1.179,1523,1.0,1.0,,,2750478,g0409,1,,c0180,heldout,exact,0.020,0.50,,photo
ss_pair_6a8f9da29787_00005_partial_ss_a.npz,ss,6a8f9da28f75f1daf8b405b6,same_source,partial,pseudo_autumn,266.7,13.21,108.52,1.08,1479,0.7977,0.8595,,,2540271,g0555,1,,c0268,train,exact,0.020,0.50,,photo
ss_pair_66340515342f_00006_inside_ss.npz,ss,663405156049ef00013b8274,same_source,inside,none,293.4,16.69,2.13,1.098,1546,1.0,0.9996,,,2778072,g0432,1,,c0193,train,exact,0.020,0.50,,photo
ss_pair_5f09be5918af_00003_inside_ss.npz,ss,5f09be59577f160006c1ab65,same_source,inside,none,247.4,12.68,5.66,1.08,1511,1.0,0.9992,,,3490292,g0183,1,,c0115,heldout,exact,0.020,0.50,,photo
base_pair_5f09be5918af_00006_inside_ss.npz,base,5f09be59577f160006c1ab65,same_source,inside,,191.0,4.68,235.13,1.03,1408,1.0,1.0,same_source,разметка подтверждена,2912631,g0183,1,,c0115,heldout,exact,0.020,0.50,,photo
ss_pair_5ea405963612_00005_inside_ss.npz,ss,5ea40596c70abb0005869e99,same_source,inside,none,195.4,16.05,47.09,0.995,1415,1.0,0.9989,,,2871303,g0157,1,,c0111,train,exact,0.020,0.50,,photo
ss_pair_6a92649b52b6_00000_partial_ss_a.npz,ss,6a92649bc3a9617c871ea3f7,same_source,partial,pseudo_autumn,270.7,18.28,289.18,0.993,1705,0.8699,0.8134,,,3566285,g0556,1,,c0269,train,exact,0.020,0.50,,photo
ss_pair_5eadda5037c7_00005_inside_ss.npz,ss,5eadda503295f300072a6d87,same_source,inside,none,275.3,14.02,93.61,1.112,2048,1.0,0.9995,,,3789167,g0163,1,,c0007,val,exact,0.020,0.50,,photo
ss_pair_5eadda5037c7_00002_inside_ss_w.npz,ss,5eadda503295f300072a6d87,same_source,inside,pseudo_winter,257.9,2.51,212.0,1.186,2048,1.0,0.9961,,,3003979,g0163,1,,c0007,val,exact,0.020,0.50,,photo
ss_pair_661caee2d78a_00003_partial_ss_s.npz,ss,661caee21e47d00001ac0363,same_source,partial,pseudo_spring,231.3,16.84,170.17,0.879,809,0.658,0.7823,,,1667349,g0425,1,,c0053,train,exact,0.020,0.50,,photo
ss_pair_617e9bb82261_00003_partial_ss_a.npz,ss,617e9bb88ebcb9000515c515,same_source,partial,pseudo_autumn,238.2,9.8,332.71,1.145,911,0.6254,0.69,,,1886431,g0317,1,,c0004,val,exact,0.020,0.50,,photo
base_pair_617e9bb82261_00006_inside_ss.npz,base,617e9bb88ebcb9000515c515,same_source,inside,,191.0,4.68,235.13,1.03,1408,1.0,0.9982,same_source,разметка подтверждена,2667833,g0317,1,,c0004,val,exact,0.020,0.50,,photo
ss_pair_6190deab06b9_00003_partial_ss.npz,ss,6190deab502455000734584a,same_source,partial,none,263.4,11.19,59.31,1.046,1127,0.8675,0.8313,,,1989972,g0324,1,,c0004,val,exact,0.020,0.50,,photo
base_pair_6190deab06b9_00006_inside_ss.npz,base,6190deab502455000734584a,same_source,inside,,191.0,4.68,235.13,1.03,1408,1.0,0.9995,same_source,разметка подтверждена,2620574,g0324,1,,c0004,val,exact,0.020,0.50,,photo
ss_pair_5dae8ffe6ae7_00007_partial_ss.npz,ss,5dae8ffe73c69f000530ee73,same_source,partial,none,296.5,19.31,214.04,0.924,857,0.7221,0.7205,,,2125608,g0120,1,,c0095,val,exact,0.020,0.50,,photo
ss_pair_5dae8ffe6ae7_00002_inside_ss_s.npz,ss,5dae8ffe73c69f000530ee73,same_source,inside,pseudo_spring,270.5,2.72,194.65,1.005,1244,1.0,0.959,,,2353149,g0120,1,,c0095,val,exact,0.020,0.50,,photo
ss_pair_5dec59132d3f_00007_inside_ss.npz,ss,5dec5913467d29000783154d,same_source,inside,none,299.1,13.55,124.16,1.182,2048,1.0,0.9999,,,3545949,g0128,1,,c0039,train,exact,0.020,0.50,,photo
ss_pair_6a926a58eedb_00009_inside_ss_w.npz,ss,6a926a58c3a9617c871ea6e9,same_source,inside,pseudo_winter,208.1,18.82,254.72,1.13,1578,1.0,0.9919,,,2806370,g0558,1,,c0271,val,exact,0.020,0.50,,photo
ss_pair_6a926a58eedb_00002_partial_ss.npz,ss,6a926a58c3a9617c871ea6e9,same_source,partial,none,225.2,5.1,152.27,0.882,1336,0.7267,0.6917,,,2596862,g0558,1,,c0271,val,exact,0.020,0.50,,photo
ss_pair_63a5a8188331_00005_inside_ss_w.npz,ss,63a5a818eb16e8000519a1c2,same_source,inside,pseudo_winter,248.3,13.46,230.47,1.014,1437,1.0,0.9995,,,3076541,g0358,1,,c0028,train,exact,0.020,0.50,,photo
ss_pair_6a737dc9abbc_00000_partial_ss_a.npz,ss,6a737dc9acbbde5222f1fa35,same_source,partial,pseudo_autumn,268.9,16.33,131.23,1.038,1747,0.7587,0.7417,,,3118829,g0552,1,,c0265,train,exact,0.020,0.50,,photo
ss_pair_62d333ada360_00005_inside_ss_s.npz,ss,62d333ad0d6f550007e744b6,same_source,inside,pseudo_spring,275.5,11.78,353.32,0.955,1287,1.0,0.9999,,,2332861,g0345,1,,c0027,heldout,exact,0.020,0.50,,photo
ss_pair_62d333ada360_00003_inside_ss_w.npz,ss,62d333ad0d6f550007e744b6,same_source,inside,pseudo_winter,258.3,7.93,5.82,1.014,1245,1.0,0.9993,,,2068176,g0345,1,,c0027,heldout,exact,0.020,0.50,,photo
ss_pair_65e7833d23aa_00007_inside_ss_w.npz,ss,65e7833deda08f0001ffcef1,same_source,inside,pseudo_winter,276.3,19.34,228.72,1.006,1629,1.0,1.0,,,2901054,g0417,1,,c0052,train,exact,0.020,0.50,,photo
ss_pair_6190deab6795_00002_partial_ss.npz,ss,6190deab502455000734584c,same_source,partial,none,200.5,16.62,90.68,0.861,1947,0.8641,0.9105,,,3322668,g0326,1,,c0004,val,exact,0.020,0.50,,photo
base_pair_6190deab6795_00006_inside_ss.npz,base,6190deab502455000734584c,same_source,inside,,191.0,4.68,235.13,1.03,1408,1.0,0.9996,same_source,разметка подтверждена,2674343,g0326,1,,c0004,val,exact,0.020,0.50,,photo
ss_pair_62273be9bb86_00003_inside_ss_s.npz,ss,62273be91ea0da00077c0c85,same_source,inside,pseudo_spring,270.2,11.23,43.17,0.932,1278,1.0,0.9999,,,2301092,g0331,1,,c0027,heldout,exact,0.020,0.50,,photo
base_pair_62273be9bb86_00006_inside_ss.npz,base,62273be91ea0da00077c0c85,same_source,inside,,191.0,4.68,235.13,1.03,1408,1.0,0.9998,same_source,разметка подтверждена,2349353,g0331,1,,c0027,heldout,exact,0.020,0.50,,photo
ss_pair_6255f922dac3_00012_partial_ss.npz,ss,6255f9225c48220007e7c9a8,same_source,partial,none,217.2,19.34,298.67,1.054,801,0.6387,0.6749,,,1396881,g0337,1,,c0047,heldout,exact,0.020,0.50,,photo
ss_pair_6255f922dac3_00000_inside_ss_w.npz,ss,6255f9225c48220007e7c9a8,same_source,inside,pseudo_winter,291.8,0.47,79.62,0.853,1097,1.0,0.9999,,,1838207,g0337,1,,c0047,heldout,exact,0.020,0.50,,photo
ss_pair_62542574846a_00004_partial_ss_a.npz,ss,62542574fe1b5d0006ae8d25,same_source,partial,pseudo_autumn,268.3,15.37,96.08,0.867,1280,0.6487,0.5749,,,1763384,g0336,1,,c0047,heldout,exact,0.020,0.50,,photo
ss_pair_62542574846a_00012_inside_ss_s.npz,ss,62542574fe1b5d0006ae8d25,same_source,inside,pseudo_spring,252.6,5.87,130.55,0.855,1374,1.0,1.0,,,1989006,g0336,1,,c0047,heldout,exact,0.020,0.50,,photo
ss_pair_663418f35ff8_00004_partial_ss_w.npz,ss,663418f36049ef00013b8277,same_source,partial,pseudo_winter,244.9,18.14,51.56,0.872,1093,0.7295,0.7961,,,1778017,g0433,1,,c0194,heldout,exact,0.020,0.50,,photo
ss_pair_663418f35ff8_00013_inside_ss_s.npz,ss,663418f36049ef00013b8277,same_source,inside,pseudo_spring,221.6,9.43,73.88,1.018,2005,1.0,1.0,,,2694013,g0433,1,,c0194,heldout,exact,0.020,0.50,,photo
ss_pair_688a787d6636_00004_inside_ss.npz,ss,688a787d7249587b12b3bd90,same_source,inside,none,230.0,12.09,206.74,0.936,1348,1.0,1.0,,,2464710,g0490,1,,c0237,train,exact,0.020,0.50,,photo
ss_pair_63a5a7dfa969_00001_partial_ss_w.npz,ss,63a5a7dfeb16e8000519a1be,same_source,partial,pseudo_winter,182.5,7.8,69.75,1.059,1944,0.8562,0.8692,,,3146462,g0357,1,,c0028,train,exact,0.020,0.50,,photo
ss_pair_5ea6e1e94b77_00003_inside_ss_s.npz,ss,5ea6e1e93295f300072a6cfd,same_source,inside,pseudo_spring,290.6,15.77,199.6,0.97,1907,1.0,1.0,,,3232999,g0159,1,,c0003,val,exact,0.020,0.50,,photo
base_pair_5ea6e1e94b77_00006_inside_ss.npz,base,5ea6e1e93295f300072a6cfd,same_source,inside,,191.0,4.68,235.13,1.03,1408,1.0,0.9997,same_source,разметка подтверждена,2468085,g0159,1,,c0003,val,exact,0.020,0.50,,photo
ss_pair_661a447959e7_00001_inside_ss_s.npz,ss,661a44791e47d00001ac0324,same_source,inside,pseudo_spring,292.7,17.25,37.96,1.008,1633,1.0,1.0,,,2942422,g0424,1,,c0053,train,exact,0.020,0.50,,photo
ss_pair_617e9bb86e4a_00003_inside_ss.npz,ss,617e9bb88ebcb9000515c519,same_source,inside,none,223.6,15.42,243.55,1.062,1480,1.0,0.9996,,,2565008,g0319,1,,c0004,val,exact,0.020,0.50,,photo
base_pair_617e9bb86e4a_00006_inside_ss.npz,base,617e9bb88ebcb9000515c519,same_source,inside,,191.0,4.68,235.13,1.03,1408,1.0,0.9996,same_source,разметка подтверждена,2530275,g0319,1,,c0004,val,exact,0.020,0.50,,photo
ss_pair_65e750a62f57_00001_partial_ss_s.npz,ss,65e750a6eda08f0001ffcee4,same_source,partial,pseudo_spring,182.6,5.23,324.57,1.147,993,0.7743,0.7492,,,2235360,g0416,1,,c0052,train,exact,0.020,0.50,,photo
ss_pair_5e72b9f32641_00001_inside_ss.npz,ss,5e72b9f3133f1a000511beac,same_source,inside,none,253.7,14.05,112.5,1.018,1388,1.0,1.0,,,2562685,g0143,1,,c0109,heldout,exact,0.020,0.50,,photo
base_pair_5e72b9f32641_00006_inside_ss.npz,base,5e72b9f3133f1a000511beac,same_source,inside,,191.0,4.68,235.13,1.03,1408,1.0,0.9999,same_source,разметка подтверждена,2437281,g0143,1,,c0109,heldout,exact,0.020,0.50,,photo
ss_pair_60ef5d851f85_00002_inside_ss_a.npz,ss,60ef5d8589ec130007b82886,same_source,inside,pseudo_autumn,197.3,13.59,158.55,1.124,2048,1.0,1.0,,,3475932,g0298,1,,c0142,val,exact,0.020,0.50,,photo
base_pair_60ef5d851f85_00006_inside_ss.npz,base,60ef5d8589ec130007b82886,same_source,inside,,191.0,4.68,235.13,1.03,1408,1.0,0.9938,same_source,разметка подтверждена,2469443,g0298,1,,c0142,val,exact,0.020,0.50,,photo
ss_pair_618efcb56c0c_00001_inside_ss.npz,ss,618efcb55024550007345821,same_source,inside,none,237.6,7.32,146.71,1.195,2048,1.0,1.0,,,3317965,g0004,2,modality,c0044,train,exact,0.020,0.50,,photo
ss_pair_5fceaa0996d1_00003_inside_ss.npz,ss,5fceaa09fe0bb90007e29cd9,same_source,inside,none,186.7,17.95,195.51,1.035,1873,1.0,0.999,,,3464582,g0241,1,,c0024,train,exact,0.020,0.50,,photo
base_pair_5ec23f223fc8_00006_inside_ss.npz,base,5ec23f22aff5010005865c14,same_source,inside,,191.0,4.68,235.13,1.03,1408,1.0,0.9998,same_source,проверено частично,2607494,g0166,1,,c0113,train,exact,0.020,0.50,,photo
ss_pair_617e902f9629_00007_inside_ss_a.npz,ss,617e902f8ebcb9000515c508,same_source,inside,pseudo_autumn,226.3,12.86,79.03,1.051,1385,1.0,0.9984,,,2546398,g0314,1,,c0043,train,exact,0.020,0.50,,photo
ss_pair_2e669ee7-3dc_00001_partial_ss_w.npz,ss,2e669ee7-3dc6-4e8c-812b-1d491bdd099a,same_source,partial,pseudo_winter,253.2,5.91,240.14,1.176,1762,0.8779,0.8718,,,2523896,g0025,1,,c0012,val,exact,0.020,0.50,,photo
ss_pair_2e669ee7-3dc_00004_partial_ss_a.npz,ss,2e669ee7-3dc6-4e8c-812b-1d491bdd099a,same_source,partial,pseudo_autumn,205.2,19.11,56.15,0.855,1639,0.702,0.5946,,,2479955,g0025,1,,c0012,val,exact,0.020,0.50,,photo
ss_pair_5b70436b91cf_00000_partial_ss_a.npz,ss,5b70436b91cf641d09eeacbd,same_source,partial,pseudo_autumn,293.1,19.74,32.01,1.113,1024,0.7149,0.6755,,,2175777,g0043,1,,c0026,heldout,exact,0.020,0.50,,photo
ss_pair_5b70436b91cf_00001_partial_ss_w.npz,ss,5b70436b91cf641d09eeacbd,same_source,partial,pseudo_winter,293.5,18.62,291.11,0.864,1265,0.7996,0.8843,,,2606747,g0043,1,,c0026,heldout,exact,0.020,0.50,,photo
ss_pair_5ba2d678a762_00000_partial_ss_w.npz,ss,5ba2d678a7627100062e451f,same_source,partial,pseudo_winter,196.0,16.83,66.83,0.875,1164,0.7233,0.8259,,,2183823,g0065,1,,c0085,heldout,exact,0.020,0.50,,photo
ss_pair_5f9fe231d3a8_00001_inside_ss.npz,ss,5f9fe231d3a8ab0007ea6a5f,same_source,inside,none,206.4,13.71,174.3,1.196,1602,1.0,0.9984,,,3086792,g0228,1,,c0040,val,exact,0.020,0.50,,photo
ss_pair_5f9fe231d3a8_00002_inside_ss_a.npz,ss,5f9fe231d3a8ab0007ea6a5f,same_source,inside,pseudo_autumn,176.5,19.09,312.41,1.003,1516,1.0,0.9998,,,2609903,g0228,1,,c0040,val,exact,0.020,0.50,,photo
ss_pair_5fb6367c68af_00000_inside_ss_s.npz,ss,5fb6367c68af790007275a60,same_source,inside,pseudo_spring,216.9,2.67,144.78,0.983,1409,1.0,0.9991,,,2729828,g0235,1,,c0001,train,exact,0.020,0.50,,photo
ss_pair_605755636741_00000_partial_ss_w.npz,ss,605755636741be0007357111,same_source,partial,pseudo_winter,240.4,9.22,295.49,0.894,1389,0.6327,0.5829,,,1991923,g0258,1,,c0128,train,exact,0.020,0.50,,photo
ss_pair_607b6049bfb5_00002_partial_ss_s.npz,ss,607b6049bfb5350008e6658e,same_source,partial,pseudo_spring,193.9,8.01,232.58,1.09,787,0.6567,0.6598,,,1320114,g0265,1,,c0001,train,exact,0.020,0.50,,photo
ss_pair_6251996ffe1b_00000_partial_ss.npz,ss,6251996ffe1b5d0006ae8cfb,same_source,partial,none,291.4,12.91,286.34,1.068,876,0.6322,0.6719,,,1921647,g0335,1,,c0152,train,exact,0.020,0.50,,photo
ss_pair_68cecb99bba3_00000_partial_ss.npz,ss,68cecb99bba38109e3899aea,same_source,partial,none,175.5,16.37,119.98,1.187,1776,0.7705,0.8074,,,3676518,g0514,1,,c0002,heldout,exact,0.020,0.50,,photo
ss_pair_68cecb99bba3_00001_partial_ss_a.npz,ss,68cecb99bba38109e3899aea,same_source,partial,pseudo_autumn,194.4,11.16,278.81,0.854,859,0.7405,0.7794,,,2160479,g0514,1,,c0002,heldout,exact,0.020,0.50,,photo
ss_pair_7f780751-14e_00005_inside_ss.npz,ss,7f780751-14e0-4aeb-907e-e07c629c8fae,same_source,inside,none,195.0,4.51,241.41,0.852,1298,1.0,1.0,,,2420929,g0564,1,,c0009,heldout,exact,0.020,0.50,,photo
ss_pair_7f780751-14e_00003_inside_ss_s.npz,ss,7f780751-14e0-4aeb-907e-e07c629c8fae,same_source,inside,pseudo_spring,296.6,14.01,53.59,1.112,1634,1.0,1.0,,,2156536,g0564,1,,c0009,heldout,exact,0.020,0.50,,photo
ss_pair_c8bfaa3f-417_00000_inside_ss.npz,ss,c8bfaa3f-4172-4e35-a86a-981c9f21dee4,same_source,inside,none,234.5,18.39,276.96,1.175,2048,1.0,0.9992,,,3644256,g0582,1,,c0073,train,exact,0.020,0.50,,photo
ss_pair_6921274a3c05_00007_inside_ss_s.npz,ss,6921274aea6ea70d0301efb1,same_source,inside,pseudo_spring,212.2,18.07,141.7,1.172,1993,1.0,0.9997,,,4206875,g0528,1,,c0256,train,exact,0.020,0.50,,photo
ss_pair_5b93acd5c7b3_00008_partial_ss.npz,ss,5b93acd5c07f560005bb7379,same_source,partial,none,188.1,13.79,343.87,1.192,1965,0.6566,0.6022,,,1961670,g0058,1,,c0006,train,exact,0.020,0.50,,photo
ss_pair_5f9fe214ebe5_00002_partial_ss_s.npz,ss,5f9fe214d3a8ab0007ea6a5d,same_source,partial,pseudo_spring,237.1,15.97,7.76,1.142,1788,0.8595,0.8792,,,3276716,g0227,1,,c0040,val,exact,0.020,0.50,,photo
ss_pair_5f9fe214ebe5_00000_inside_ss_w.npz,ss,5f9fe214d3a8ab0007ea6a5d,same_source,inside,pseudo_winter,198.2,11.8,240.63,1.066,1605,1.0,1.0,,,2168578,g0227,1,,c0040,val,exact,0.020,0.50,,photo
ss_pair_663252371076_00001_partial_ss.npz,ss,663252376049ef00013b81e4,same_source,partial,none,193.5,17.37,200.61,1.184,1772,0.6985,0.6214,,,2665091,g0427,1,,c0029,heldout,exact,0.020,0.50,,photo
ss_pair_663252371076_00000_inside_ss.npz,ss,663252376049ef00013b81e4,same_source,inside,none,265.7,7.48,106.54,0.952,1657,1.0,0.9985,,,2597628,g0427,1,,c0029,heldout,exact,0.020,0.50,,photo
ss_pair_69210ec42e0c_00004_inside_ss_s.npz,ss,69210ec4ea6ea70d0301df8a,same_source,inside,pseudo_spring,283.2,15.41,27.02,1.057,2048,1.0,0.9876,,,3521865,g0527,1,,c0255,train,exact,0.020,0.50,,photo
ss_pair_5b525ffc83c7_00001_inside_ss_w.npz,ss,5b525ffc4bda9e312aedbdaa,same_source,inside,pseudo_winter,208.3,3.68,7.07,1.11,1671,1.0,1.0,,,2751049,g0039,1,,c0000,train,exact,0.020,0.50,,photo
ss_pair_66fb186a520e_00001_partial_ss_w.npz,ss,66fb186a23ed2600011d5276,same_source,partial,pseudo_winter,207.2,18.36,8.22,0.864,1220,0.785,0.8151,,,2286921,g0455,1,,c0211,train,exact,0.020,0.50,,photo
ss_pair_611407aa3d85_00002_inside_ss_s.npz,ss,611407aaac1a340005a1cd04(1),same_source,inside,pseudo_spring,189.8,4.11,346.69,1.023,1406,1.0,0.9993,,,2574582,g0304,1,,c0017,train,exact,0.020,0.50,,photo
ss_pair_63430bedcee6_00002_inside_ss_s.npz,ss,63430bedb771680005735a0c,same_source,inside,pseudo_spring,238.0,13.99,134.36,0.925,1282,1.0,1.0,,,2250201,g0351,1,,c0158,val,exact,0.020,0.50,,photo
ss_pair_63430bedcee6_00000_partial_ss_w.npz,ss,63430bedb771680005735a0c,same_source,partial,pseudo_winter,196.2,5.58,181.28,1.016,1041,0.712,0.6935,,,1747539,g0351,1,,c0158,val,exact,0.020,0.50,,photo
ss_pair_5fb4faae61bb_00000_partial_ss.npz,ss,5fb4faaed89ab70006abc9ff,same_source,partial,none,254.9,3.0,199.26,1.14,1463,0.7722,0.7834,,,2272605,g0233,1,,c0011,train,exact,0.020,0.50,,photo
ss_pair_651a07e0af7e_00000_partial_ss_a.npz,ss,651a07e0e4368300019cbe5d,same_source,partial,pseudo_autumn,265.4,0.43,67.15,1.05,1160,0.742,0.7333,,,2076316,g0390,1,,c0168,train,exact,0.020,0.50,,photo
ss_pair_609d746cf752_00000_inside_ss.npz,ss,609d746c3ac764000718b2b4,same_source,inside,none,193.8,5.79,297.95,1.168,1891,1.0,0.9814,,,3229267,g0278,1,,c0011,train,exact,0.020,0.50,,photo
ss_pair_6789216f65dd_00000_inside_ss.npz,ss,6789216f1b953900016c6906(1),same_source,inside,none,281.8,3.29,262.32,0.915,1186,1.0,0.9982,,,2623809,g0009,2,copy,c0057,train,exact,0.020,0.50,,photo
ss_pair_6038d4855ee8_00000_partial_ss_s.npz,ss,6038d48599a416000668993d,same_source,partial,pseudo_spring,215.3,16.02,52.77,1.103,819,0.6209,0.707,,,1936872,g0256,1,,c0001,train,exact,0.020,0.50,,photo
ss_pair_6734f7457e96_00000_inside_ss_w.npz,ss,6734f7455604c600010b4330,same_source,inside,pseudo_winter,214.2,8.33,187.2,1.146,2048,1.0,0.9993,,,3894515,g0473,1,,c0224,heldout,exact,0.020,0.50,,photo
ss_pair_6734f7457e96_00001_inside_ss_s.npz,ss,6734f7455604c600010b4330,same_source,inside,pseudo_spring,191.9,5.08,224.24,1.14,2048,1.0,1.0,,,3372154,g0473,1,,c0224,heldout,exact,0.020,0.50,,photo
ss_pair_6016e1d3bfb5_00000_inside_ss_w.npz,ss,6016e1d3b57e47000824b6e8,same_source,inside,pseudo_winter,209.2,15.95,86.72,1.146,2048,0.9999,0.9999,,,3407874,g0251,1,,c0001,train,exact,0.020,0.50,,photo
ss_pair_8d86404069a0_00001_inside_ss.npz,ss,8d864040-7f61-4e69-85f4-07f88f72b1a7,same_source,inside,none,253.6,17.4,88.24,1.19,1840,1.0,0.9986,,,2978662,g0567,1,,c0273,train,exact,0.020,0.50,,photo
ss_pair_5bb1422a2c59_00000_inside_ss.npz,ss,5bb1422a7e1a410005fd2ec1,same_source,inside,none,175.1,7.05,189.78,1.021,1360,1.0,0.994,,,2537654,g0072,1,,c0089,val,exact,0.020,0.50,,photo
ss_pair_5bb1422a2c59_00001_inside_ss.npz,ss,5bb1422a7e1a410005fd2ec1,same_source,inside,none,202.9,17.45,289.84,1.167,2048,1.0,0.9958,,,3959510,g0072,1,,c0089,val,exact,0.020,0.50,,photo
ss_pair_f5a3e369e3e0_00000_inside_ss.npz,ss,f5a3e369-efa2-449d-aa74-6f164d6b9103,same_source,inside,none,268.7,5.94,100.8,0.931,1175,1.0,0.9995,,,2435039,g0590,1,,c0279,heldout,exact,0.020,0.50,,photo
ss_pair_f5a3e369e3e0_00001_inside_ss_w.npz,ss,f5a3e369-efa2-449d-aa74-6f164d6b9103,same_source,inside,pseudo_winter,277.5,11.4,50.74,0.991,1793,1.0,0.9924,,,2856163,g0590,1,,c0279,heldout,exact,0.020,0.50,,photo
ss_pair_62b72dfbea65_00000_inside_ss_w.npz,ss,62b72dfbdaddb8000523e92f(1),same_source,inside,pseudo_winter,254.4,11.2,323.86,0.94,1279,1.0,0.9999,,,2764224,g0343,1,,c0011,train,exact,0.020,0.50,,photo
ss_pair_5b81522dd462_00000_inside_ss_a.npz,ss,5b81522d7343a9d386347d12,same_source,inside,pseudo_autumn,288.3,18.21,333.48,1.057,1823,1.0,1.0,,,3151424,g0048,1,,c0000,train,exact,0.020,0.50,,photo
ss_pair_68917a624d72_00000_inside_ss.npz,ss,68917a624c782f9c3fbde514,same_source,inside,none,189.4,6.03,258.66,0.881,1413,1.0,0.9997,,,2752360,g0493,1,,c0002,heldout,exact,0.020,0.50,,photo
ss_pair_68917a624d72_00001_partial_ss_a.npz,ss,68917a624c782f9c3fbde514,same_source,partial,pseudo_autumn,209.0,0.91,101.78,1.195,1476,0.8523,0.851,,,2796396,g0493,1,,c0002,heldout,exact,0.020,0.50,,photo
ss_pair_60f0a1cb5bb3_00000_partial_ss.npz,ss,60f0a1cb89ec130007b828a7,same_source,partial,none,273.9,11.89,289.88,1.166,1680,0.6752,0.5721,,,2338181,g0299,1,,c0143,train,exact,0.020,0.50,,photo
ss_pair_64a6cf064fd7_00000_partial_ss_a.npz,ss,64a6cf0664adbc00012e0990,same_source,partial,pseudo_autumn,256.8,9.73,91.31,1.11,1218,0.7757,0.7842,,,2352059,g0380,1,,c0008,heldout,exact,0.020,0.50,,photo
ss_pair_64a6cf064fd7_00001_partial_ss.npz,ss,64a6cf0664adbc00012e0990,same_source,partial,none,186.0,18.43,154.79,1.119,1114,0.7015,0.7613,,,2378944,g0380,1,,c0008,heldout,exact,0.020,0.50,,photo
ss_pair_aa368fc74d7a_00000_inside_ss_w.npz,ss,aa368fc7-c1e6-48ef-adbb-bc23da93d397,same_source,inside,pseudo_winter,179.7,16.55,74.07,0.878,1413,1.0,0.9998,,,2753997,g0574,1,,c0073,train,exact,0.020,0.50,,photo
ss_pair_68e13134d74c_00000_inside_ss.npz,ss,68e131340ee38fc46c2f90f3,same_source,inside,none,217.9,12.66,284.53,0.923,1408,1.0,1.0,,,2397630,g0517,1,,c0069,train,exact,0.020,0.50,,photo
ss_pair_5e2332260777_00000_partial_ss_w.npz,ss,5e23322650259f000541fc5f,same_source,partial,pseudo_winter,204.6,14.95,90.69,0.899,812,0.656,0.7519,,,1762850,g0134,1,,c0104,val,exact,0.020,0.50,,photo
ss_pair_5e2332260777_00001_inside_ss_a.npz,ss,5e23322650259f000541fc5f,same_source,inside,pseudo_autumn,258.7,6.81,75.99,1.134,1639,1.0,0.9993,,,3482366,g0134,1,,c0104,val,exact,0.020,0.50,,photo
ss_pair_607bd0a29171_00000_inside_ss_a.npz,ss,607bd0a2bfb5350008e66596,same_source,inside,pseudo_autumn,277.8,9.47,244.68,1.15,1515,1.0,0.9823,,,3009943,g0266,1,,c0132,train,exact,0.020,0.50,,photo
ss_pair_5ad7a599d352_00000_inside_ss_w.npz,ss,5ad7a59991b5310010e0d54d,same_source,inside,pseudo_winter,216.5,1.33,31.56,0.865,1659,1.0,0.9989,,,2314911,g0031,1,,c0023,heldout,exact,0.020,0.50,,photo
ss_pair_5ad7a599d352_00001_inside_ss.npz,ss,5ad7a59991b5310010e0d54d,same_source,inside,none,261.4,13.91,187.34,1.12,1958,1.0,0.9996,,,2926300,g0031,1,,c0023,heldout,exact,0.020,0.50,,photo
ss_pair_68f87b3271ef_00000_inside_ss.npz,ss,68f87b3207721088e158f1bc,same_source,inside,none,270.4,9.3,178.09,1.042,1670,1.0,0.9983,,,3399316,g0524,1,,c0002,heldout,exact,0.020,0.50,,photo
ss_pair_68f87b3271ef_00001_inside_ss_a.npz,ss,68f87b3207721088e158f1bc,same_source,inside,pseudo_autumn,246.1,9.68,222.26,1.191,1592,1.0,0.9986,,,3482142,g0524,1,,c0002,heldout,exact,0.020,0.50,,photo
ss_pair_5b78f9979eaf_00000_inside_ss_w.npz,ss,5b78f99705203f6dbb94d91b,same_source,inside,pseudo_winter,264.3,5.36,220.89,0.906,1458,1.0,0.9974,,,2884653,g0046,1,,c0082,train,exact,0.020,0.50,,photo
ss_pair_5ddf372b30e2_00000_inside_ss_w.npz,ss,5ddf372b0140b80006d2e57d,same_source,inside,pseudo_winter,297.1,12.54,218.78,1.151,2048,1.0,0.9896,,,3498164,g0122,1,,c0096,heldout,exact,0.020,0.50,,photo
ss_pair_5ddf372b30e2_00001_inside_ss.npz,ss,5ddf372b0140b80006d2e57d,same_source,inside,none,196.6,5.14,260.9,1.179,1918,1.0,1.0,,,3339580,g0122,1,,c0096,heldout,exact,0.020,0.50,,photo
ss_pair_6a4e8448bda3_00000_partial_ss_w.npz,ss,6a4e8448b3c436cbc5535670,same_source,partial,pseudo_winter,233.2,15.72,156.67,0.87,923,0.6269,0.7274,,,1414499,g0544,1,,c0069,train,exact,0.020,0.50,,photo
ss_pair_6643671d49dc_00000_inside_ss_a.npz,ss,6643671d9af9850001610ad8,same_source,inside,pseudo_autumn,272.5,17.13,187.14,1.094,1486,1.0,0.9999,,,2833652,g0440,1,,c0032,val,exact,0.020,0.50,,photo
ss_pair_64f0b65d9c14_00000_inside_ss.npz,ss,64f0b65d41efac0001e4beb1,same_source,inside,none,213.2,16.03,302.66,1.035,1812,1.0,1.0,,,3358479,g0386,1,,c0164,val,exact,0.020,0.50,,photo
ss_pair_650ba415aad7_00000_inside_ss.npz,ss,650ba415bb0a7500019409ec,same_source,inside,none,211.3,19.22,213.78,0.874,1431,1.0,0.9972,,,2402831,g0388,1,,c0166,train,exact,0.020,0.50,,photo
ss_pair_a481891a9f30_00000_inside_ss.npz,ss,a481891a-704d-4716-ad85-339c93fe119f,same_source,inside,none,209.9,3.71,238.35,1.164,1572,1.0,0.9954,,,2470238,g0572,1,,c0006,train,exact,0.020,0.50,,photo
ss_pair_65f8b818b8fb_00000_inside_ss_a.npz,ss,65f8b818ea431b000145aded,same_source,inside,pseudo_autumn,273.9,1.63,358.15,0.997,1222,1.0,0.9999,,,2553720,g0420,1,,c0186,train,exact,0.020,0.50,,photo
ss_pair_5fc6b5ca44dd_00000_inside_ss_w.npz,ss,5fc6b5caf9298000076927d6,same_source,inside,pseudo_winter,178.4,13.45,277.42,1.01,1846,1.0,0.9972,,,3395054,g0239,1,,c0001,train,exact,0.020,0.50,,photo
ss_pair_587ffba88af5_00000_partial_ss_w.npz,ss,587ffba8-bf97-4f31-807e-d223dcc1fdba,same_source,partial,pseudo_winter,239.0,14.46,249.99,1.009,1477,0.8618,0.7501,,,1697328,g0029,1,,c0081,heldout,exact,0.020,0.50,,photo
ss_pair_587ffba88af5_00004_partial_ss_a.npz,ss,587ffba8-bf97-4f31-807e-d223dcc1fdba,same_source,partial,pseudo_autumn,220.1,0.58,116.8,1.1,1319,0.8646,0.8632,,,2243963,g0029,1,,c0081,heldout,exact,0.020,0.50,,photo
ss_pair_69f986b6b0b8_00000_partial_ss.npz,ss,69f986b6cd7de8dda6f76eb6,same_source,partial,none,185.9,3.16,155.86,1.199,1115,0.7446,0.7418,,,2020006,g0537,1,,c0002,heldout,exact,0.020,0.50,,photo
ss_pair_69f986b6b0b8_00001_inside_ss_w.npz,ss,69f986b6cd7de8dda6f76eb6,same_source,inside,pseudo_winter,196.4,7.2,178.89,0.89,1164,1.0,0.9998,,,2069075,g0537,1,,c0002,heldout,exact,0.020,0.50,,photo
ss_pair_da442e0f5988_00000_inside_ss.npz,ss,da442e0f-a159-42b8-b72b-25abf7fd83fd,same_source,inside,none,200.5,13.13,282.17,1.168,1801,1.0,0.9948,,,3287991,g0584,1,,c0022,train,exact,0.020,0.50,,photo
ss_pair_60748a35696d_00000_inside_ss_s.npz,ss,60748a35b09f2e0009d46bfe,same_source,inside,pseudo_spring,260.7,7.65,13.8,1.189,1694,1.0,0.999,,,3189640,g0264,1,,c0001,train,exact,0.020,0.50,,photo
ss_pair_5fc43410d134_00000_inside_ss_s.npz,ss,5fc4341092e0140005b38bdd,same_source,inside,pseudo_spring,183.0,8.49,332.39,0.985,1433,1.0,1.0,,,2721482,g0238,1,,c0001,train,exact,0.020,0.50,,photo
ss_pair_927a2f461d78_00002_inside_ss.npz,ss,927a2f46-ec85-48bb-80f2-0aee4bf982b8,same_source,inside,none,189.0,16.29,2.27,1.049,1408,1.0,0.9942,,,2661005,g0001,2,copy,c0012,val,exact,0.020,0.50,,photo
ss_pair_927a2f461d78_00001_partial_ss_a.npz,ss,927a2f46-ec85-48bb-80f2-0aee4bf982b8,same_source,partial,pseudo_autumn,188.2,1.03,99.08,0.897,2048,0.7998,0.7973,,,3217098,g0001,2,copy,c0012,val,exact,0.020,0.50,,photo
ss_pair_c75188932714_00000_inside_ss.npz,ss,c7518893-5731-4246-af58-1aa537e9a7ce,same_source,inside,none,213.9,8.55,245.45,1.149,1626,1.0,1.0,,,2713714,g0580,1,,c0033,heldout,exact,0.020,0.50,,photo
ss_pair_c75188932714_00001_inside_ss.npz,ss,c7518893-5731-4246-af58-1aa537e9a7ce,same_source,inside,none,299.6,2.17,186.91,1.001,1447,1.0,1.0,,,2405283,g0580,1,,c0033,heldout,exact,0.020,0.50,,photo
ss_pair_6789216f68ad_00000_inside_ss.npz,ss,6789216f1b953900016c6906,same_source,inside,none,186.4,17.12,102.08,0.887,1434,1.0,0.9988,,,2378682,g0009,2,copy,c0057,train,exact,0.020,0.50,,photo
ss_pair_d2b44a4605a6_00000_partial_ss_w.npz,ss,d2b44a46-0bef-4057-a9be-5d01e85b3299,same_source,partial,pseudo_winter,219.3,1.37,129.68,1.127,1633,0.86,0.8603,,,2335030,g0583,1,,c0034,heldout,exact,0.020,0.50,,photo
ss_pair_60ba716373db_00000_inside_ss.npz,ss,60ba7163f59a4300057c54f1,same_source,inside,none,218.6,17.68,248.89,1.014,2046,1.0,0.9997,,,4133532,g0284,1,,c0041,val,exact,0.020,0.50,,photo
ss_pair_60ba716373db_00003_inside_ss_w.npz,ss,60ba7163f59a4300057c54f1,same_source,inside,pseudo_winter,199.8,5.24,110.12,1.166,2048,1.0,1.0,,,4184151,g0284,1,,c0041,val,exact,0.020,0.50,,photo
ss_pair_5f293b4f37fe_00000_partial_ss_a.npz,ss,5f293b4fb0052e00067dbabf,same_source,partial,pseudo_autumn,186.3,12.02,255.35,0.913,1769,0.6637,0.7106,,,2599585,g0187,1,,c0116,heldout,exact,0.020,0.50,,photo
ss_pair_5f293b4f37fe_00001_inside_ss_w.npz,ss,5f293b4fb0052e00067dbabf,same_source,inside,pseudo_winter,188.9,6.45,99.35,1.014,1689,1.0,0.9998,,,3239890,g0187,1,,c0116,heldout,exact,0.020,0.50,,photo
ss_pair_65f8b8182f6f_00000_partial_ss_w.npz,ss,65f8b818ea431b000145adf3,same_source,partial,pseudo_winter,244.5,3.43,209.88,1.171,796,0.6427,0.642,,,1440699,g0422,1,,c0187,train,exact,0.020,0.50,,photo
ss_pair_65f8b8182d58_00000_inside_ss.npz,ss,65f8b818ea431b000145adec,same_source,inside,none,252.7,6.94,205.04,0.95,1314,1.0,1.0,,,2433682,g0419,1,,c0029,heldout,exact,0.020,0.50,,photo
ss_pair_5f79e8409345_00001_partial_ss_s.npz,ss,5f79e840458b56000772bef8,same_source,partial,pseudo_spring,210.5,12.9,280.76,1.151,897,0.6509,0.6359,,,1932232,g0218,1,,c0017,train,exact,0.020,0.50,,photo
ss_pair_5e45c7fb9e3c_00000_inside_ss_w.npz,ss,5e45c7fb7e48a900058144f5,same_source,inside,pseudo_winter,212.9,17.17,148.0,1.101,1830,1.0,0.9994,,,2877817,g0137,1,,c0107,train,exact,0.020,0.50,,photo
ss_pair_5e7945037ae2_00000_inside_ss_w.npz,ss,5e794503ea363b0005373f45,same_source,inside,pseudo_winter,224.0,11.36,101.21,0.95,1313,1.0,0.9997,,,2588318,g0145,1,,c0000,train,exact,0.020,0.50,,photo
ss_pair_64975be1c4e5_00000_inside_ss_s.npz,ss,64975be1a2f35c00061c1094,same_source,inside,pseudo_spring,211.2,3.45,254.52,0.917,1160,1.0,0.9987,,,2487225,g0376,1,,c0008,heldout,exact,0.020,0.50,,photo
ss_pair_64975be1c4e5_00001_partial_ss_a.npz,ss,64975be1a2f35c00061c1094,same_source,partial,pseudo_autumn,257.8,0.39,335.44,1.143,1256,0.7844,0.7825,,,2224999,g0376,1,,c0008,heldout,exact,0.020,0.50,,photo
ss_pair_68f9cccec0c4_00000_partial_ss_w.npz,ss,68f9ccce631d9ba1ce09666e,same_source,partial,pseudo_winter,219.0,16.71,194.04,1.172,1555,0.7861,0.8166,,,2864379,g0525,1,,c0253,train,exact,0.020,0.50,,photo
ss_pair_92d496987362_00000_inside_ss.npz,ss,92d49698-648b-4a37-95e8-904d65facbaf,same_source,inside,none,276.9,10.08,137.82,1.147,2048,1.0,0.9994,,,3268397,g0568,1,,c0016,train,exact,0.020,0.50,,photo
ss_pair_5e232d62413d_00000_inside_ss.npz,ss,5e232d6250259f000541fc56,same_source,inside,none,197.9,0.77,300.21,0.926,1272,1.0,1.0,,,2378484,g0132,1,,c0102,train,exact,0.020,0.50,,photo
ss_pair_6896a23c543b_00000_inside_ss.npz,ss,6896a23c4c41cdb5244a3bfb,same_source,inside,none,215.2,9.93,339.45,0.866,1155,1.0,1.0,,,2079582,g0496,1,,c0002,heldout,exact,0.020,0.50,,photo
ss_pair_674641509d96_00000_partial_ss_w.npz,ss,6746415061d8410001b28a13,same_source,partial,pseudo_winter,281.3,2.52,207.75,1.106,1277,0.7208,0.7167,,,2050214,g0475,1,,c0226,val,exact,0.020,0.50,,photo
ss_pair_66f29db12808_00000_inside_ss.npz,ss,66f29db15b27b10001e4b6d1,same_source,inside,none,209.4,17.42,140.07,1.113,1655,1.0,0.9979,,,2411439,g0452,1,,c0208,train,exact,0.020,0.50,,photo
ss_pair_663526efb3a5_00000_inside_ss_w.npz,ss,663526ef6049ef00013b82fc,same_source,inside,pseudo_winter,192.6,8.77,35.66,1.06,1692,1.0,0.9996,,,3326237,g0435,1,,c0196,val,exact,0.020,0.50,,photo
ss_pair_6637b240ba32_00000_inside_ss_s.npz,ss,6637b2406049ef00013b839f,same_source,inside,pseudo_spring,179.5,5.7,346.91,1.175,1588,1.0,1.0,,,2836463,g0437,1,,c0198,heldout,exact,0.020,0.50,,photo
ss_pair_6637b240ba32_00001_inside_ss_a.npz,ss,6637b2406049ef00013b839f,same_source,inside,pseudo_autumn,227.5,2.02,204.23,1.045,1626,1.0,1.0,,,2814609,g0437,1,,c0198,heldout,exact,0.020,0.50,,photo
ss_pair_60d6df623de7_00000_inside_ss_a.npz,ss,60d6df62c700c600080d5530,same_source,inside,pseudo_autumn,211.9,8.91,38.21,1.194,1703,1.0,1.0,,,2930921,g0294,1,,c0141,train,exact,0.020,0.50,,photo
ss_pair_5e67af4a3bfc_00000_inside_ss_w.npz,ss,5e67af4ae82eb700055028d4,same_source,inside,pseudo_winter,236.6,9.31,122.53,1.098,1956,1.0,0.9994,,,3229778,g0141,1,,c0108,train,exact,0.020,0.50,,photo
ss_pair_69d6b4cb21ec_00000_partial_ss_w.npz,ss,69d6b4cb9415aba327dd7486,same_source,partial,pseudo_winter,198.7,1.53,57.05,1.054,1399,0.7476,0.7523,,,2155232,g0536,1,,c0021,train,exact,0.020,0.50,,photo
ss_pair_625ec7d2f9e7_00000_inside_ss.npz,ss,625ec7d280c7950007509c34,same_source,inside,none,261.3,16.32,116.12,1.193,1473,1.0,0.9917,,,2884348,g0338,1,,c0153,train,exact,0.020,0.50,,photo
ss_pair_64a6d04e2659_00000_inside_ss_s.npz,ss,64a6d04e64adbc00012e099f(1),same_source,inside,pseudo_spring,252.7,8.7,215.66,0.867,1303,1.0,0.9988,,,2623595,g0383,1,,c0008,heldout,exact,0.020,0.50,,photo
ss_pair_672f4e3d3d7d_00000_partial_ss_w.npz,ss,672f4e3d04bd070001991ca6,same_source,partial,pseudo_winter,258.2,11.24,173.69,1.176,1594,0.7737,0.8125,,,2430260,g0469,1,,c0220,heldout,exact,0.020,0.50,,photo
ss_pair_6547dc3025fe_00007_inside_ss.npz,ss,6547dc30f60c3400016677ff,same_source,inside,none,242.9,19.93,47.19,0.886,1405,1.0,0.9996,,,2278331,g0398,1,,c0174,val,exact,0.020,0.50,,photo
ss_pair_6547dc3025fe_00000_partial_ss_w.npz,ss,6547dc30f60c3400016677ff,same_source,partial,pseudo_winter,260.7,0.07,117.15,1.04,1963,0.6803,0.6797,,,2583108,g0398,1,,c0174,val,exact,0.020,0.50,,photo
ss_pair_6a50591d2cba_00003_partial_ss.npz,ss,6a50591d24dae777609090af,same_source,partial,none,195.8,13.46,110.2,1.041,1023,0.845,0.8034,,,1990703,g0547,1,,c0032,val,exact,0.020,0.50,,photo
ss_pair_6a50591d2cba_00002_inside_ss_a.npz,ss,6a50591d24dae777609090af,same_source,inside,pseudo_autumn,250.8,3.12,284.87,1.138,1880,1.0,0.9969,,,3193534,g0547,1,,c0032,val,exact,0.020,0.50,,photo
ss_pair_60729456384e_00000_inside_ss_w.npz,ss,60729456e618d50005a98185,same_source,inside,pseudo_winter,206.2,0.48,161.09,1.121,2048,1.0,0.9988,,,3241102,g0261,1,,c0130,train,exact,0.020,0.50,,photo
ss_pair_5ddfc4761a19_00002_inside_ss.npz,ss,5ddfc4760c04590006d33590,same_source,inside,none,208.0,1.4,4.24,1.041,2048,1.0,0.9987,,,3289259,g0123,1,,c0097,train,exact,0.020,0.50,,photo
ss_pair_699c05327b32_00000_partial_ss.npz,ss,699c053245abfd81d2f37089,same_source,partial,none,223.9,0.99,278.15,0.999,1581,0.6222,0.6135,,,2188318,g0533,1,,c0067,train,exact,0.020,0.50,,photo
ss_pair_60a2302b1034_00001_partial_ss.npz,ss,60a2302b25820c0005e458d3,same_source,partial,none,240.6,11.68,6.49,1.148,1721,0.7101,0.6395,,,2819440,g0279,1,,c0001,train,exact,0.020,0.50,,photo
ss_pair_5e7945b5eb3d_00002_inside_ss.npz,ss,5e7945b5ea363b0005373f47,same_source,inside,none,258.9,16.55,242.26,1.078,2043,1.0,1.0,,,3508822,g0146,1,,c0000,train,exact,0.020,0.50,,photo
ss_pair_609b53607d35_00000_inside_ss.npz,ss,609b53603ac764000718b29d,same_source,inside,none,184.8,6.7,68.11,0.871,1093,1.0,1.0,,,2308900,g0277,1,,c0138,val,exact,0.020,0.50,,photo
ss_pair_609b53607d35_00001_partial_ss.npz,ss,609b53603ac764000718b29d,same_source,partial,none,287.5,2.34,87.87,0.88,1073,0.7873,0.7767,,,1505409,g0277,1,,c0138,val,exact,0.020,0.50,,photo
ss_pair_65da29735f66_00000_inside_ss_w.npz,ss,65da29737175970001f7183a,same_source,inside,pseudo_winter,182.8,9.64,132.48,0.97,1239,1.0,1.0,,,2647674,g0414,1,,c0050,train,exact,0.020,0.50,,photo
ss_pair_ea5a31307923_00002_inside_ss_a.npz,ss,ea5a3130-d437-4ea0-9b99-e73345e1c01f,same_source,inside,pseudo_autumn,203.0,15.94,97.86,1.047,1848,1.0,0.9983,,,3119358,g0587,1,,c0278,heldout,exact,0.020,0.50,,photo
ss_pair_ea5a31307923_00000_inside_ss_a.npz,ss,ea5a3130-d437-4ea0-9b99-e73345e1c01f,same_source,inside,pseudo_autumn,178.2,0.57,141.77,1.046,1985,1.0,0.9995,,,3612033,g0587,1,,c0278,heldout,exact,0.020,0.50,,photo
ss_pair_68cdeff1b552_00001_inside_ss.npz,ss,68cdeff14b37dca55fe36fa8,same_source,inside,none,232.4,7.06,308.53,0.941,1246,1.0,0.9999,,,2447333,g0513,1,,c0002,heldout,exact,0.020,0.50,,photo
ss_pair_68cdeff1b552_00000_inside_ss.npz,ss,68cdeff14b37dca55fe36fa8,same_source,inside,none,226.3,1.89,149.13,1.072,1355,1.0,1.0,,,2865146,g0513,1,,c0002,heldout,exact,0.020,0.50,,photo
ss_pair_64a6cfc8feff_00000_partial_ss.npz,ss,64a6cfc864adbc00012e0999,same_source,partial,none,285.6,4.08,58.99,0.966,1464,0.8949,0.8801,,,2237036,g0382,1,,c0008,heldout,exact,0.020,0.50,,photo
ss_pair_64a6cfc8feff_00001_inside_ss_s.npz,ss,64a6cfc864adbc00012e0999,same_source,inside,pseudo_spring,221.5,17.77,15.17,0.982,1953,1.0,0.9998,,,3293096,g0382,1,,c0008,heldout,exact,0.020,0.50,,photo
ss_pair_5b204dddd147_00000_inside_ss_s.npz,ss,5b204ddd2b6a08001185f7de,same_source,inside,pseudo_spring,266.9,13.66,197.0,0.871,1761,1.0,0.9999,,,2937340,g0033,1,,c0000,train,exact,0.020,0.50,,photo
ss_pair_631c459c2aed_00000_partial_ss_a.npz,ss,631c459c14f1ff00081de8a6,same_source,partial,pseudo_autumn,253.2,12.43,49.92,0.914,1042,0.6569,0.5532,,,1395494,g0350,1,,c0157,train,exact,0.020,0.50,,photo
ss_pair_5e1d7f15f6ac_00000_partial_ss_s.npz,ss,5e1d7f15835ed6000603f489,same_source,partial,pseudo_spring,224.9,11.03,141.79,1.137,979,0.6842,0.7136,,,1635505,g0130,1,,c0100,heldout,exact,0.020,0.50,,photo
ss_pair_5e1d7f15f6ac_00001_inside_ss_w.npz,ss,5e1d7f15835ed6000603f489,same_source,inside,pseudo_winter,219.8,9.74,20.3,0.997,1343,1.0,0.9927,,,2740215,g0130,1,,c0100,heldout,exact,0.020,0.50,,photo
ss_pair_5e570a9bf260_00002_inside_ss_s.npz,ss,5e570a9b2408ff000614bb85,same_source,inside,pseudo_spring,298.7,15.08,160.0,0.967,1830,1.0,0.9995,,,3612336,g0140,1,,c0000,train,exact,0.020,0.50,,photo
ss_pair_6357bedca222_00001_inside_ss.npz,ss,6357bedc5f1fd800066121a2,same_source,inside,none,196.5,16.82,120.18,1.034,1601,1.0,0.9989,,,2251703,g0352,1,,c0017,train,exact,0.020,0.50,,photo
ss_pair_5e570a56f519_00000_partial_ss_s.npz,ss,5e570a562408ff000614bb83,same_source,partial,pseudo_spring,232.2,7.05,269.07,1.167,1777,0.8671,0.8717,,,3201211,g0139,1,,c0000,train,exact,0.020,0.50,,photo
ss_pair_00bd8daf328c_00000_partial_ss.npz,ss,00bd8daf-9c6d-430e-9a99-88f47e67875c,same_source,partial,none,201.0,2.47,265.24,0.859,2003,0.8334,0.8413,,,3051760,g0017,1,,c0075,train,exact,0.020,0.50,,photo
ss_pair_68e0566e625e_00000_partial_ss.npz,ss,68e0566ea6f66607c17f166f,same_source,partial,none,215.3,4.31,133.6,1.065,1067,0.812,0.8304,,,2382862,g0516,1,,c0002,heldout,exact,0.020,0.50,,photo
ss_pair_5f7553620235_00002_inside_ss.npz,ss,5f75536261151700054968d0,same_source,inside,none,206.1,7.01,108.67,0.969,1286,1.0,1.0,,,1873727,g0212,1,,c0119,train,exact,0.020,0.50,,photo
ss_pair_3e09b1645f2d_00000_inside_ss.npz,ss,3e09b164-73b2-4ddc-967c-b5688934307a,same_source,inside,none,296.4,13.83,229.05,0.869,1664,1.0,0.9985,,,2775549,g0027,1,,c0079,train,exact,0.020,0.50,,photo
ss_pair_6632759028c8_00000_partial_ss.npz,ss,663275906049ef00013b81e9,same_source,partial,none,187.9,18.37,192.59,1.005,2005,0.76,0.7466,,,3149937,g0428,1,,c0190,train,exact,0.020,0.50,,photo
ss_pair_5fc40f62a809_00000_inside_ss.npz,ss,5fc40f625c0a9300055a0c12,same_source,inside,none,252.3,9.34,157.15,1.005,2048,1.0,1.0,,,3062146,g0237,1,,c0001,train,exact,0.020,0.50,,photo
ss_pair_69faa4b8711f_00000_inside_ss_w.npz,ss,69faa4b890551a4dfc2c6446,same_source,inside,pseudo_winter,221.1,10.54,175.16,0.887,1584,1.0,0.9986,,,3000354,g0538,1,,c0002,heldout,exact,0.020,0.50,,photo
ss_pair_69faa4b8711f_00001_inside_ss_w.npz,ss,69faa4b890551a4dfc2c6446,same_source,inside,pseudo_winter,238.2,15.93,173.19,1.067,1662,1.0,0.9989,,,3101914,g0538,1,,c0002,heldout,exact,0.020,0.50,,photo
ss_pair_60315bf7de7d_00000_inside_ss_a.npz,ss,60315bf7d9c7c8000504d2ca,same_source,inside,pseudo_autumn,238.9,4.46,301.04,1.075,1667,1.0,0.9996,,,3365581,g0255,1,,c0001,train,exact,0.020,0.50,,photo
ss_pair_6a4f09b96697_00000_inside_ss_s.npz,ss,6a4f09b971e50037430d567e,same_source,inside,pseudo_spring,206.5,2.01,204.88,0.868,1290,1.0,1.0,,,2293732,g0545,1,,c0261,train,exact,0.020,0.50,,photo
ss_pair_6705931be686_00000_inside_ss_s.npz,ss,6705931b327f3c00012b0f6c,same_source,inside,pseudo_spring,225.5,10.5,22.1,1.173,1780,1.0,0.9771,,,2854413,g0466,1,,c0056,heldout,exact,0.020,0.50,,photo
ss_pair_6734e85fb5a9_00000_inside_ss_a.npz,ss,6734e85f5604c600010b4321,same_source,inside,pseudo_autumn,199.6,8.05,195.71,1.052,1715,1.0,1.0,,,3322811,g0471,1,,c0222,train,exact,0.020,0.50,,photo
ss_pair_607c901c15ff_00000_inside_ss_s.npz,ss,607c901cbfb5350008e665b1,same_source,inside,pseudo_spring,190.2,6.4,171.19,1.194,1811,1.0,0.9998,,,2505416,g0267,1,,c0133,train,exact,0.020,0.50,,photo
ss_pair_6875529f5655_00000_inside_ss_s.npz,ss,6875529f22caa22a41b072f8,same_source,inside,pseudo_spring,216.7,5.53,33.27,1.019,1294,1.0,1.0,,,2648007,g0487,1,,c0002,heldout,exact,0.020,0.50,,photo
ss_pair_6a5a1fb3830b_00000_partial_ss.npz,ss,6a5a1fb35113870063c16720,same_source,partial,none,205.8,5.65,208.27,1.125,1823,0.8854,0.8916,,,3025537,g0548,1,,c0263,train,exact,0.020,0.50,,photo
ss_pair_65f8b8181dce_00000_partial_ss.npz,ss,65f8b818ea431b000145adeb,same_source,partial,none,203.6,16.31,296.4,1.12,809,0.601,0.6772,,,1981824,g0418,1,,c0185,train,exact,0.020,0.50,,photo
ss_pair_69c059f25468_00001_inside_ss.npz,ss,69c059f2f9ab3980e7c354e3,same_source,inside,none,226.0,13.33,88.19,0.974,1554,1.0,0.9998,,,3406593,g0535,1,,c0067,train,exact,0.020,0.50,,photo
ss_pair_5ec3c813f5d7_00000_partial_ss.npz,ss,5ec3c813aff5010005865c4e,same_source,partial,none,238.6,11.61,126.99,0.974,1975,0.6865,0.7062,,,2971177,g0168,1,,c0000,train,exact,0.020,0.50,,photo
ss_pair_655786c5e97e_00000_inside_ss.npz,ss,655786c53aa0a700013167dd,same_source,inside,none,223.3,7.78,118.07,0.957,1536,1.0,1.0,,,2433897,g0402,1,,c0177,train,exact,0.020,0.50,,photo
ss_pair_be11452f2d3c_00002_inside_ss_a.npz,ss,be11452f-4d92-49fa-94a0-afdbe20f9a68,same_source,inside,pseudo_autumn,269.1,16.73,57.87,0.982,1653,1.0,0.9949,,,2868176,g0577,1,,c0009,heldout,exact,0.020,0.50,,photo
ss_pair_be11452f2d3c_00001_inside_ss_s.npz,ss,be11452f-4d92-49fa-94a0-afdbe20f9a68,same_source,inside,pseudo_spring,248.6,2.13,190.66,0.916,1221,1.0,0.995,,,2219040,g0577,1,,c0009,heldout,exact,0.020,0.50,,photo
ss_pair_601fb5693ff2_00000_partial_ss.npz,ss,601fb56911ebb30007261104,same_source,partial,none,280.1,13.51,100.93,0.856,1196,0.7344,0.7623,,,1784399,g0253,1,,c0042,train,exact,0.020,0.50,,photo
ss_pair_62dc2af96bb6_00000_inside_ss.npz,ss,62dc2af9d8499800053796f3,same_source,inside,none,199.6,17.09,278.56,1.01,1737,1.0,0.9998,,,3732944,g0346,1,,c0154,train,exact,0.020,0.50,,photo
ss_pair_40e1a7dd2b55_00001_partial_ss.npz,ss,40e1a7dd-7f1b-42ef-ab98-3907670782d9,same_source,partial,none,213.1,9.14,36.85,1.026,1642,0.6522,0.5764,,,2146683,g0001,2,copy,c0012,val,exact,0.020,0.50,,photo
ss_pair_40e1a7dd2b55_00000_partial_ss_a.npz,ss,40e1a7dd-7f1b-42ef-ab98-3907670782d9,same_source,partial,pseudo_autumn,204.7,9.28,275.04,1.013,1109,0.7527,0.7224,,,1509493,g0001,2,copy,c0012,val,exact,0.020,0.50,,photo
ss_pair_672b67134932_00002_inside_ss.npz,ss,672b6713aaec3200017871ae,same_source,inside,none,251.9,18.97,270.05,0.873,1736,1.0,0.9999,,,2946127,g0468,1,,c0219,val,exact,0.020,0.50,,photo
ss_pair_672b67134932_00000_inside_ss.npz,ss,672b6713aaec3200017871ae,same_source,inside,none,177.7,16.06,180.01,1.187,2048,1.0,1.0,,,3260047,g0468,1,,c0219,val,exact,0.020,0.50,,photo
ss_pair_5d9a7d1648cc_00000_inside_ss_s.npz,ss,5d9a7d160ca8d70007c491e5,same_source,inside,pseudo_spring,267.5,0.93,12.62,1.109,1433,1.0,0.9994,,,2627804,g0118,1,,c0000,train,exact,0.020,0.50,,photo
ss_pair_6a4f14b6d7fb_00000_inside_ss_s.npz,ss,6a4f14b671e50037430d60a6,same_source,inside,pseudo_spring,188.9,1.76,112.66,0.976,1648,1.0,1.0,,,2816989,g0546,1,,c0262,val,exact,0.020,0.50,,photo
ss_pair_6a4f14b6d7fb_00001_inside_ss_a.npz,ss,6a4f14b671e50037430d60a6,same_source,inside,pseudo_autumn,279.4,3.46,137.1,0.859,1067,1.0,1.0,,,1971383,g0546,1,,c0262,val,exact,0.020,0.50,,photo
ss_pair_5fc8cf40809d_00000_inside_ss_s.npz,ss,5fc8cf409f1a06000550fbf5,same_source,inside,pseudo_spring,189.4,14.73,267.05,0.989,1364,1.0,0.9999,,,2689306,g0240,1,,c0001,train,exact,0.020,0.50,,photo
ss_pair_607f3e04b46d_00001_partial_ss.npz,ss,607f3e045415000005a52848,same_source,partial,none,249.4,17.31,167.34,0.893,1829,0.7148,0.7474,,,3113852,g0269,1,,c0001,train,exact,0.020,0.50,,photo
ss_pair_5f61900285cd_00000_inside_ss_a.npz,ss,5f619002d9f87200078c7f76,same_source,inside,pseudo_autumn,212.6,8.0,70.73,1.133,2048,1.0,0.9981,,,3858737,g0205,1,,c0001,train,exact,0.020,0.50,,photo
ss_pair_5f2fb164574f_00000_partial_ss.npz,ss,5f2fb1640d59fe00057c32a7,same_source,partial,none,227.2,16.08,233.8,1.199,1569,0.6953,0.8028,,,3172593,g0192,1,,c0033,heldout,exact,0.020,0.50,,photo
ss_pair_5f2fb164574f_00001_inside_ss_a.npz,ss,5f2fb1640d59fe00057c32a7,same_source,inside,pseudo_autumn,293.6,3.78,201.7,0.919,1547,1.0,1.0,,,3093106,g0192,1,,c0033,heldout,exact,0.020,0.50,,photo
ss_pair_5bfc5db8bc47_00000_partial_ss_s.npz,ss,5bfc5db81c3b5c00053c54a9,same_source,partial,pseudo_spring,195.4,2.0,34.38,1.095,1694,0.8303,0.8303,,,2978987,g0088,1,,c0000,train,exact,0.020,0.50,,photo
ss_pair_1ebb17eb23ba_00000_inside_ss_s.npz,ss,1ebb17eb-3841-4d65-9318-9d09aeef7429,same_source,inside,pseudo_spring,196.9,9.82,300.98,1.005,1662,1.0,1.0,,,3177399,g0023,1,,c0034,heldout,exact,0.020,0.50,,photo
ss_pair_1ebb17eb23ba_00001_inside_ss_a.npz,ss,1ebb17eb-3841-4d65-9318-9d09aeef7429,same_source,inside,pseudo_autumn,233.4,8.0,40.59,1.012,2034,1.0,1.0,,,3029509,g0023,1,,c0034,heldout,exact,0.020,0.50,,photo
ss_pair_64a6cf062efb_00000_inside_ss_a.npz,ss,64a6cf0664adbc00012e0992,same_source,inside,pseudo_autumn,267.3,10.49,65.02,0.9,1580,1.0,0.9996,,,3352571,g0381,1,,c0008,heldout,exact,0.020,0.50,,photo
ss_pair_64a6cf062efb_00001_partial_ss.npz,ss,64a6cf0664adbc00012e0992,same_source,partial,none,236.7,11.91,258.68,0.952,796,0.6568,0.6847,,,1515084,g0381,1,,c0008,heldout,exact,0.020,0.50,,photo
ss_pair_6633de4b3640_00000_partial_ss_w.npz,ss,6633de4b6049ef00013b825f,same_source,partial,pseudo_winter,281.0,13.96,208.97,1.093,1468,0.7952,0.7613,,,2460981,g0431,1,,c0192,train,exact,0.020,0.50,,photo
ss_pair_5e6ec263f7e7_00000_inside_ss_s.npz,ss,5e6ec2638c5f5b000536548f,same_source,inside,pseudo_spring,228.5,8.42,308.49,1.038,1343,1.0,0.9997,,,2618245,g0142,1,,c0000,train,exact,0.020,0.50,,photo
ss_pair_1ddb5b509ade_00000_inside_ss.npz,ss,1ddb5b50-d628-4a43-94bb-10e2fb0974ba,same_source,inside,none,242.4,9.86,57.58,0.938,1685,1.0,0.9929,,,3072303,g0022,1,,c0077,heldout,exact,0.020,0.50,,photo
ss_pair_1ddb5b509ade_00001_partial_ss.npz,ss,1ddb5b50-d628-4a43-94bb-10e2fb0974ba,same_source,partial,none,239.3,16.98,311.17,1.05,1472,0.6892,0.7889,,,2252975,g0022,1,,c0077,heldout,exact,0.020,0.50,,photo
ss_pair_5e232ad3e50a_00000_inside_ss.npz,ss,5e232ad350259f000541fc50,same_source,inside,none,217.5,1.52,300.64,1.184,2048,1.0,1.0,,,4271668,g0131,1,,c0101,heldout,exact,0.020,0.50,,photo
ss_pair_5e232ad3e50a_00001_partial_ss_w.npz,ss,5e232ad350259f000541fc50,same_source,partial,pseudo_winter,248.1,12.53,11.56,0.869,1670,0.7312,0.7894,,,2516138,g0131,1,,c0101,heldout,exact,0.020,0.50,,photo
ss_pair_68cc42157c7a_00000_partial_ss.npz,ss,68cc42150fce059a9fdbd1c3,same_source,partial,none,248.7,1.77,203.91,1.078,941,0.7497,0.7461,,,2133806,g0512,1,,c0002,heldout,exact,0.020,0.50,,photo
ss_pair_5e2330609507_00000_partial_ss.npz,ss,5e23306050259f000541fc5c,same_source,partial,none,267.9,1.2,339.69,1.156,1653,0.8516,0.8547,,,2983739,g0133,1,,c0103,heldout,exact,0.020,0.50,,photo
ss_pair_5e2330609507_00001_inside_ss_w.npz,ss,5e23306050259f000541fc5c,same_source,inside,pseudo_winter,290.2,16.86,113.22,1.036,1522,1.0,1.0,,,2719327,g0133,1,,c0103,heldout,exact,0.020,0.50,,photo
ss_pair_a3f8126d2304_00000_inside_ss.npz,ss,a3f8126d-192d-47fe-8352-87d44b137ed3,same_source,inside,none,205.5,4.27,284.13,1.126,1544,1.0,0.9999,,,2115199,g0571,1,,c0275,train,exact,0.020,0.50,,photo
ss_pair_5f3064e497d6_00000_inside_ss_a.npz,ss,5f3064e40d59fe00057c32f2,same_source,inside,pseudo_autumn,255.3,11.06,45.11,1.136,1535,1.0,0.9961,,,2636215,g0193,1,,c0117,train,exact,0.020,0.50,,photo
ss_pair_5ebfef588184_00000_inside_ss.npz,ss,5ebfef58aff5010005865be5,same_source,inside,none,180.5,8.47,284.76,1.13,2048,1.0,0.9995,,,3083413,g0165,1,,c0000,train,exact,0.020,0.50,,photo
ss_pair_5ff5a4c9465d_00001_inside_ss.npz,ss,5ff5a4c938bfed0005ea56fa,same_source,inside,none,177.4,19.33,342.27,0.89,1699,1.0,0.9999,,,2253954,g0246,1,,c0001,train,exact,0.020,0.50,,photo
ss_pair_637274bbe11e_00000_partial_ss_a.npz,ss,637274bbcf5a200008023236,same_source,partial,pseudo_autumn,191.4,5.03,23.56,0.93,1846,0.7236,0.756,,,2600090,g0355,1,,c0000,train,exact,0.020,0.50,,photo
ss_pair_5e90ac3bdb91_00002_inside_ss_s.npz,ss,5e90ac3bc6bbac0005e30fb9,same_source,inside,pseudo_spring,225.8,12.12,14.8,1.072,2048,1.0,0.9844,,,3719543,g0154,1,,c0000,train,exact,0.020,0.50,,photo
ss_pair_6531e4f5c6f9_00004_partial_ss_a.npz,ss,6531e4f569c25a00012826e0,same_source,partial,pseudo_autumn,181.1,16.0,218.68,1.083,1177,0.8466,0.8278,,,2330804,g0393,1,,c0171,heldout,exact,0.020,0.50,,photo
ss_pair_6531e4f5c6f9_00005_partial_ss_s.npz,ss,6531e4f569c25a00012826e0,same_source,partial,pseudo_spring,189.7,11.75,100.43,0.877,937,0.6328,0.5514,,,1512787,g0393,1,,c0171,heldout,exact,0.020,0.50,,photo
ss_pair_66354fcd45f5_00002_inside_ss_w.npz,ss,66354fcd6049ef00013b830c,same_source,inside,pseudo_winter,224.5,1.42,260.09,0.927,1160,1.0,0.9999,,,2777053,g0008,2,revisit,c0054,heldout,exact,0.020,0.50,,photo
ss_pair_66354fcd45f5_00000_inside_ss_s.npz,ss,66354fcd6049ef00013b830c,same_source,inside,pseudo_spring,198.4,3.09,185.97,1.108,1499,1.0,1.0,,,2971174,g0008,2,revisit,c0054,heldout,exact,0.020,0.50,,photo
ss_pair_66fb0b60665b_00002_partial_ss.npz,ss,66fb0b6023ed2600011d5273,same_source,partial,none,274.4,19.37,32.55,1.033,1788,0.8754,0.8979,,,2946926,g0454,1,,c0210,train,exact,0.020,0.50,,photo
ss_pair_62f658025c86_00000_partial_ss_s.npz,ss,62f65802fb3bec0006dbeb2c,same_source,partial,pseudo_spring,299.3,7.28,160.77,0.934,1538,0.7851,0.7352,,,2542902,g0347,1,,c0011,train,exact,0.020,0.50,,photo
ss_pair_652b559719a2_00002_inside_ss.npz,ss,652b559722ab8700015dc9b3,same_source,inside,none,245.5,7.13,316.21,0.963,1307,1.0,0.9964,,,2325328,g0391,1,,c0169,heldout,exact,0.020,0.50,,photo
ss_pair_652b559719a2_00000_inside_ss_s.npz,ss,652b559722ab8700015dc9b3,same_source,inside,pseudo_spring,199.9,6.29,208.13,1.183,2023,1.0,0.995,,,3244173,g0391,1,,c0169,heldout,exact,0.020,0.50,,photo
ss_pair_6a5d25a5307c_00002_inside_ss_w.npz,ss,6a5d25a5ac94857a6f4ab38d,same_source,inside,pseudo_winter,239.2,5.48,122.98,1.084,1718,1.0,0.9996,,,3036413,g0549,1,,c0070,train,exact,0.020,0.50,,photo
ss_pair_5fb4fc23cde6_00000_inside_ss_s.npz,ss,5fb4fc23d89ab70006abca02,same_source,inside,pseudo_spring,251.9,0.03,350.9,1.024,1667,1.0,0.9993,,,3002338,g0234,1,,c0011,train,exact,0.020,0.50,,photo
ss_pair_60a234d99137_00000_inside_ss.npz,ss,60a234d925820c0005e458d6,same_source,inside,none,211.5,19.16,1.6,1.021,1474,1.0,0.9997,,,2993711,g0280,1,,c0001,train,exact,0.020,0.50,,photo
ss_pair_606192cddf4c_00000_inside_ss_s.npz,ss,606192cdeeae3c0006930050,same_source,inside,pseudo_spring,264.6,10.94,105.26,0.991,1859,1.0,0.9663,,,2614662,g0259,1,,c0129,heldout,exact,0.020,0.50,,photo
ss_pair_606192cddf4c_00004_partial_ss_w.npz,ss,606192cdeeae3c0006930050,same_source,partial,pseudo_winter,234.7,5.07,309.24,1.068,831,0.6273,0.6441,,,1810670,g0259,1,,c0129,heldout,exact,0.020,0.50,,photo
ss_pair_5cb6fee09dcf_00001_inside_ss.npz,ss,5cb6fee086413a0005372de9,same_source,inside,none,211.5,18.68,196.32,1.14,2048,1.0,1.0,,,3740751,g0098,1,,c0000,train,exact,0.020,0.50,,photo
ss_pair_5faff8dd653b_00000_inside_ss_s.npz,ss,5faff8ddf5b34900056e78a8,same_source,inside,pseudo_spring,292.8,1.37,41.48,0.861,1037,1.0,0.9997,,,1831011,g0232,1,,c0001,train,exact,0.020,0.50,,photo
ss_pair_c871ddc80f49_00000_inside_ss.npz,ss,c871ddc8-91b3-461f-bc96-f321f33cf483,same_source,inside,none,290.1,2.53,247.09,1.078,1413,1.0,1.0,,,2613947,g0581,1,,c0276,train,exact,0.020,0.50,,photo
ss_pair_6849bb01a6ef_00000_inside_ss.npz,ss,6849bb0192552e932ff4eee8,same_source,inside,none,244.3,17.09,316.84,0.908,1253,1.0,1.0,,,2414832,g0485,1,,c0236,train,exact,0.020,0.50,,photo
ss_pair_5097fd963e9e_00001_partial_ss_w.npz,ss,5097fd96-0000-470d-9761-0e8ac89eb82c,same_source,partial,pseudo_winter,296.6,5.0,341.23,1.028,1559,0.8951,0.9102,,,2295599,g0028,1,,c0080,train,exact,0.020,0.50,,photo
ss_pair_5ba7587f5214_00000_partial_ss_w.npz,ss,5ba7587f90b744000796bc6b,same_source,partial,pseudo_winter,197.7,10.12,310.62,1.003,1884,0.6751,0.7472,,,3113883,g0068,1,,c0087,train,exact,0.020,0.50,,photo
ss_pair_65d9fa65d771_00000_inside_ss.npz,ss,65d9fa657175970001f7182e,same_source,inside,none,188.7,9.65,65.08,0.994,1807,1.0,1.0,,,3187724,g0412,1,,c0183,val,exact,0.020,0.50,,photo
ss_pair_5c4b46f850e6_00000_inside_ss_a.npz,ss,5c4b46f820749e000765314f,same_source,inside,pseudo_autumn,286.3,2.23,320.73,1.197,1964,1.0,1.0,,,2994492,g0094,1,,c0000,train,exact,0.020,0.50,,photo
ss_pair_68cb97ca5244_00000_inside_ss_s.npz,ss,68cb97cafea39f0ce18be995,same_source,inside,pseudo_spring,232.8,6.68,228.54,0.952,1474,1.0,0.9999,,,3088617,g0511,1,,c0002,heldout,exact,0.020,0.50,,photo
ss_pair_5f81327268cd_00000_inside_ss.npz,ss,5f8132727eaf6400054c9ad0,same_source,inside,none,241.3,18.18,280.49,1.105,1644,1.0,0.9978,,,2581625,g0222,1,,c0120,train,exact,0.020,0.50,,photo
ss_pair_f95c25a091a4_00000_partial_ss_w.npz,ss,f95c25a0-7457-4e8e-87d0-de694db41dd8,same_source,partial,pseudo_winter,221.4,17.43,9.63,1.101,927,0.6532,0.7474,,,1866903,g0592,1,,c0281,train,exact,0.020,0.50,,photo
ss_pair_c4eb3cd2d7a8_00001_inside_ss.npz,ss,c4eb3cd2-2a73-4586-8115-341d6cf65415,same_source,inside,none,190.0,11.16,115.87,0.905,1096,1.0,0.9994,,,2319034,g0579,1,,c0016,train,exact,0.020,0.50,,photo
ss_pair_5bb146e6437c_00000_inside_ss_a.npz,ss,5bb146e67e1a410005fd2ec5,same_source,inside,pseudo_autumn,217.1,3.07,302.6,1.024,1272,1.0,0.9987,,,2611742,g0073,1,,c0090,heldout,exact,0.020,0.50,,photo
ss_pair_5bb146e6437c_00001_partial_ss_w.npz,ss,5bb146e67e1a410005fd2ec5,same_source,partial,pseudo_winter,281.5,2.14,62.03,0.889,1788,0.6342,0.6392,,,2884483,g0073,1,,c0090,heldout,exact,0.020,0.50,,photo
ss_pair_5e068ec50821_00000_partial_ss.npz,ss,5e068ec505e6590005c2f719,same_source,partial,none,189.0,1.22,313.34,0.881,1922,0.8481,0.8439,,,3009543,g0129,1,,c0046,heldout,exact,0.020,0.50,,photo
ss_pair_5e068ec50821_00001_inside_ss.npz,ss,5e068ec505e6590005c2f719,same_source,inside,none,232.0,9.0,51.92,0.964,1335,1.0,1.0,,,2652936,g0129,1,,c0046,heldout,exact,0.020,0.50,,photo
ss_pair_6a696a28a671_00000_inside_ss.npz,ss,6a696a28ad341af93b96aa24,same_source,inside,none,287.3,5.55,184.39,0.996,1750,1.0,1.0,,,2737547,g0551,1,,c0264,train,exact,0.020,0.50,,photo
ss_pair_6705931a1879_00000_inside_ss_a.npz,ss,6705931a327f3c00012b0f66,same_source,inside,pseudo_autumn,189.8,6.32,256.6,1.138,2048,1.0,0.9999,,,3645390,g0463,1,,c0055,heldout,exact,0.020,0.50,,photo
ss_pair_c2f6bc3ff4dc_00000_inside_ss.npz,ss,c2f6bc3f-8870-4b84-bd5e-26013852417b,same_source,inside,none,255.3,15.77,69.98,1.146,2012,1.0,0.9978,,,3527858,g0578,1,,c0072,val,exact,0.020,0.50,,photo
ss_pair_60945e8a9c57_00000_inside_ss.npz,ss,60945e8a1d9e95000527c832,same_source,inside,none,230.0,14.24,174.02,1.168,2048,1.0,1.0,,,2853609,g0272,1,,c0041,val,exact,0.020,0.50,,photo
ss_pair_64a6cf068a57_00000_inside_ss.npz,ss,64a6cf0664adbc00012e098f,same_source,inside,none,287.4,19.18,324.53,0.856,1521,1.0,0.9999,,,3313406,g0379,1,,c0008,heldout,exact,0.020,0.50,,photo
ss_pair_686b31ff7d90_00000_inside_ss.npz,ss,686b31ff042b629ed84b9dd6,same_source,inside,none,204.0,17.26,124.58,1.129,1455,1.0,0.9956,,,2447077,g0486,1,,c0002,heldout,exact,0.020,0.50,,photo
ss_pair_6705931a357e_00000_inside_ss_s.npz,ss,6705931a327f3c00012b0f68,same_source,inside,pseudo_spring,213.3,2.74,203.29,1.109,1371,1.0,0.9728,,,2545602,g0464,1,,c0217,train,exact,0.020,0.50,,photo
ss_pair_5f6c4bf1c520_00000_inside_ss.npz,ss,5f6c4bf171d1f60005e6abaf,same_source,inside,none,215.1,5.43,328.14,0.892,1346,1.0,0.9977,,,2290929,g0211,1,,c0001,train,exact,0.020,0.50,,photo
ss_pair_663897065991_00000_inside_ss.npz,ss,663897066049ef00013b83b2,same_source,inside,none,183.9,6.86,11.16,0.915,1704,1.0,1.0,,,2641297,g0438,1,,c0030,train,exact,0.020,0.50,,photo
ss_pair_6633d114a784_00000_partial_ss.npz,ss,6633d1146049ef00013b8257,same_source,partial,none,285.4,0.46,96.4,1.192,848,0.6661,0.6684,,,1588895,g0430,1,,c0030,train,exact,0.020,0.50,,photo
ss_pair_5ba3b08a0fa3_00000_inside_ss.npz,ss,5ba3b08a15f7f7000547a300,same_source,inside,none,195.5,4.44,313.59,0.906,1114,1.0,1.0,,,2191261,g0066,1,,c0086,heldout,exact,0.020,0.50,,photo
ss_pair_5fbdd418b713_00000_inside_ss.npz,ss,5fbdd4181f79c3000788a402,same_source,inside,none,181.9,5.99,103.06,1.168,1539,1.0,1.0,,,2428178,g0236,1,,c0124,heldout,exact,0.020,0.50,,photo
ss_pair_5fbdd418b713_00001_partial_ss_w.npz,ss,5fbdd4181f79c3000788a402,same_source,partial,pseudo_winter,219.2,17.3,196.61,1.063,893,0.7514,0.7198,,,1700597,g0236,1,,c0124,heldout,exact,0.020,0.50,,photo
ss_pair_6a03fd2f8e66_00000_partial_ss_a.npz,ss,6a03fd2f3533f0aa96651530,same_source,partial,pseudo_autumn,239.5,0.3,70.99,1.108,1113,0.8734,0.8227,,,1979404,g0540,1,,c0260,val,exact,0.020,0.50,,photo
ss_pair_64cde1d72612_00000_inside_ss.npz,ss,64cde1d723e51c0001889b09,same_source,inside,none,201.8,9.76,58.89,0.976,1638,1.0,1.0,,,3414068,g0384,1,,c0163,train,exact,0.020,0.50,,photo
ss_pair_68980fd298c3_00000_partial_ss.npz,ss,68980fd2bbd37f30ca80e0ed,same_source,partial,none,196.9,10.4,78.83,0.939,1071,0.8744,0.8914,,,2321868,g0497,1,,c0240,val,exact,0.020,0.50,,photo
ss_pair_68980fd298c3_00001_inside_ss.npz,ss,68980fd2bbd37f30ca80e0ed,same_source,inside,none,200.5,9.58,269.17,1.01,1492,1.0,0.9998,,,2953508,g0497,1,,c0240,val,exact,0.020,0.50,,photo
ss_pair_6218e2a82318_00000_partial_ss.npz,ss,6218e2a8bce7900007da3871,same_source,partial,none,186.3,13.63,282.2,0.988,1389,0.6031,0.5536,,,1992016,g0329,1,,c0046,heldout,exact,0.020,0.50,,photo
ss_pair_6218e2a82318_00001_inside_ss.npz,ss,6218e2a8bce7900007da3871,same_source,inside,none,204.9,17.0,353.59,1.181,2048,1.0,1.0,,,3222975,g0329,1,,c0046,heldout,exact,0.020,0.50,,photo
ss_pair_5de80e4f78b0_00000_inside_ss.npz,ss,5de80e4f2290870005e599b2,same_source,inside,none,226.4,9.61,236.78,1.049,1695,1.0,0.9993,,,3582749,g0126,1,,c0037,train,exact,0.020,0.50,,photo
ss_pair_65da297386a0_00000_inside_ss_w.npz,ss,65da29737175970001f71839,same_source,inside,pseudo_winter,269.5,6.48,10.87,0.875,1200,1.0,1.0,,,2206873,g0413,1,,c0050,train,exact,0.020,0.50,,photo
ss_pair_662f3261ccec_00000_partial_ss_w.npz,ss,662f32616049ef00013b8115,same_source,partial,pseudo_winter,195.5,16.35,127.53,0.979,1153,0.8556,0.7921,,,2121853,g0426,1,,c0189,heldout,exact,0.020,0.50,,photo
ss_pair_662f3261ccec_00001_partial_ss_s.npz,ss,662f32616049ef00013b8115,same_source,partial,pseudo_spring,192.9,8.92,248.41,0.911,848,0.6468,0.7122,,,1641400,g0426,1,,c0189,heldout,exact,0.020,0.50,,photo
ss_pair_64a42c401001_00000_inside_ss.npz,ss,64a42c4064adbc00012e0821,same_source,inside,none,246.0,6.24,192.81,0.923,1784,1.0,0.9998,,,3289904,g0378,1,,c0008,heldout,exact,0.020,0.50,,photo
ss_pair_64a42c401001_00001_partial_ss.npz,ss,64a42c4064adbc00012e0821,same_source,partial,none,238.1,1.19,269.4,0.978,1322,0.6175,0.6226,,,2259898,g0378,1,,c0008,heldout,exact,0.020,0.50,,photo
ss_pair_6a270aa6768c_00000_partial_ss_a.npz,ss,6a270aa65ce57183089ee416,same_source,partial,pseudo_autumn,290.9,17.46,286.7,1.104,1038,0.7503,0.7645,,,2024882,g0542,1,,c0021,train,exact,0.020,0.50,,photo
ss_pair_655546fced21_00000_partial_ss.npz,ss,655546fc404ec5000161c692,same_source,partial,none,208.2,4.26,122.8,1.005,974,0.7636,0.7861,,,2024635,g0399,1,,c0002,heldout,exact,0.020,0.50,,photo
ss_pair_655546fced21_00001_inside_ss.npz,ss,655546fc404ec5000161c692,same_source,inside,none,193.1,4.76,277.02,1.108,2048,1.0,0.9985,,,3588365,g0399,1,,c0002,heldout,exact,0.020,0.50,,photo
ss_pair_5fd0a4f9eedf_00000_partial_ss_w.npz,ss,5fd0a4f9518312000570c750,same_source,partial,pseudo_winter,236.2,11.73,92.85,1.067,896,0.7163,0.6802,,,1816070,g0242,1,,c0125,train,exact,0.020,0.50,,photo
ss_pair_663547f525c0_00000_inside_ss_a.npz,ss,663547f56049ef00013b8302,same_source,inside,pseudo_autumn,227.2,7.57,269.94,0.884,1109,1.0,0.9995,,,2197455,g0436,1,,c0197,train,exact,0.020,0.50,,photo
ss_pair_65f8b8184e43_00000_partial_ss_w.npz,ss,65f8b818ea431b000145adf1,same_source,partial,pseudo_winter,276.7,18.22,52.08,1.073,942,0.7207,0.7022,,,1865609,g0421,1,,c0029,heldout,exact,0.020,0.50,,photo
ss_pair_68e309d197cb_00000_inside_ss_s.npz,ss,68e309d10786cc228414ad5d,same_source,inside,pseudo_spring,214.2,1.05,22.89,0.871,1204,1.0,0.9992,,,2063110,g0520,1,,c0249,train,exact,0.020,0.50,,photo
ss_pair_64d984ff1aee_00001_partial_ss.npz,ss,64d984ffb9416b00011edba7,same_source,partial,none,179.4,13.35,79.71,1.064,1283,0.7599,0.6885,,,2164183,g0385,1,,c0032,val,exact,0.020,0.50,,photo
ss_pair_64d984ff1aee_00000_partial_ss_a.npz,ss,64d984ffb9416b00011edba7,same_source,partial,pseudo_autumn,244.9,1.66,309.77,1.051,973,0.7477,0.712,,,1660516,g0385,1,,c0032,val,exact,0.020,0.50,,photo
ss_pair_69550f7a6854_00000_inside_ss_s.npz,ss,69550f7abc2246a0f0398cec,same_source,inside,pseudo_spring,265.2,8.13,194.77,0.95,1409,1.0,0.9993,,,2521012,g0530,1,,c0257,heldout,exact,0.020,0.50,,photo
ss_pair_69550f7a6854_00001_inside_ss_a.npz,ss,69550f7abc2246a0f0398cec,same_source,inside,pseudo_autumn,221.0,4.24,222.32,0.971,1180,1.0,1.0,,,2699013,g0530,1,,c0257,heldout,exact,0.020,0.50,,photo
ss_pair_688b6d383cfd_00002_partial_ss_a.npz,ss,688b6d381f36a36e4dc4eb6d,same_source,partial,pseudo_autumn,240.7,13.74,139.84,1.006,1002,0.7761,0.7499,,,2080669,g0491,1,,c0238,heldout,exact,0.020,0.50,,photo
ss_pair_688b6d383cfd_00000_partial_ss_w.npz,ss,688b6d381f36a36e4dc4eb6d,same_source,partial,pseudo_winter,271.5,10.18,345.74,0.984,894,0.743,0.7481,,,1631968,g0491,1,,c0238,heldout,exact,0.020,0.50,,photo
ss_pair_6734e9ae6184_00000_partial_ss.npz,ss,6734e9ae5604c600010b4324,same_source,partial,none,178.8,19.34,13.07,0.897,1455,0.6875,0.8099,,,2532871,g0472,1,,c0223,val,exact,0.020,0.50,,photo
ss_pair_68e1cfc2a805_00000_inside_ss.npz,ss,68e1cfc20ee38fc46c300e21,same_source,inside,none,195.1,10.95,118.35,0.975,1589,1.0,1.0,,,2575791,g0519,1,,c0062,train,exact,0.020,0.50,,photo
ss_pair_5de9c9122571_00000_inside_ss.npz,ss,5de9c912467d290007831521,same_source,inside,none,207.3,14.39,103.22,1.135,1676,1.0,0.9973,,,3873252,g0127,1,,c0037,train,exact,0.020,0.50,,photo
ss_pair_78feae3b0d59_00000_partial_ss_a.npz,ss,78feae3b-5ebf-460a-86bc-e9079f6490f1,same_source,partial,pseudo_autumn,234.0,9.04,195.12,1.187,1074,0.6629,0.7042,,,2018715,g0562,1,,c0272,train,exact,0.020,0.50,,photo
ss_pair_650e3180249a_00000_inside_ss.npz,ss,650e3180bb0a750001940a29,same_source,inside,none,220.0,17.93,53.43,1.177,2048,1.0,0.9998,,,2915556,g0389,1,,c0167,heldout,exact,0.020,0.50,,photo
ss_pair_650e3180249a_00001_inside_ss_s.npz,ss,650e3180bb0a750001940a29,same_source,inside,pseudo_spring,233.2,10.68,290.92,0.912,1340,1.0,0.998,,,2257658,g0389,1,,c0167,heldout,exact,0.020,0.50,,photo
ss_pair_6734e5334f76_00000_inside_ss_s.npz,ss,6734e5335604c600010b4316,same_source,inside,pseudo_spring,177.6,14.91,250.7,0.966,1441,1.0,0.9996,,,2611087,g0470,1,,c0221,val,exact,0.020,0.50,,photo
ss_pair_6734e5334f76_00001_partial_ss_s.npz,ss,6734e5335604c600010b4316,same_source,partial,pseudo_spring,181.1,8.24,250.89,1.097,1186,0.7932,0.7762,,,1997165,g0470,1,,c0221,val,exact,0.020,0.50,,photo
ss_pair_673e4b1c7f2f_00000_inside_ss.npz,ss,673e4b1ca9a0dd0001ad2c2a(1),same_source,inside,none,267.6,6.3,195.58,0.945,1296,1.0,1.0,,,2104890,g0474,1,,c0225,train,exact,0.020,0.50,,photo
ss_pair_5e2995498253_00000_partial_ss.npz,ss,5e299549dcb4a600056102a4,same_source,partial,none,245.2,1.44,208.08,1.114,1474,0.838,0.8396,,,1838920,g0136,1,,c0106,val,exact,0.020,0.50,,photo
ss_pair_5e2995498253_00001_partial_ss_w.npz,ss,5e299549dcb4a600056102a4,same_source,partial,pseudo_winter,269.3,19.74,330.3,1.037,1814,0.6772,0.6356,,,2135616,g0136,1,,c0106,val,exact,0.020,0.50,,photo
ss_pair_68e1c1881262_00000_inside_ss_s.npz,ss,68e1c1880ee38fc46c2fff7e,same_source,inside,pseudo_spring,232.6,11.25,246.05,1.176,1795,1.0,0.9999,,,3862680,g0518,1,,c0062,train,exact,0.020,0.50,,photo
ss_pair_5de55a0ae6ca_00000_partial_ss_a.npz,ss,5de55a0ab3b5ce0006c2d95f,same_source,partial,pseudo_autumn,176.7,8.05,239.11,0.955,1297,0.6971,0.6344,,,2007353,g0125,1,,c0099,heldout,exact,0.020,0.50,,photo
ss_pair_5de55a0ae6ca_00001_partial_ss.npz,ss,5de55a0ab3b5ce0006c2d95f,same_source,partial,none,206.2,11.22,267.94,1.028,1206,0.8212,0.8106,,,1895267,g0125,1,,c0099,heldout,exact,0.020,0.50,,photo
ss_pair_5f6af1292f37_00000_partial_ss_a.npz,ss,5f6af12971d1f60005e6ab8a,same_source,partial,pseudo_autumn,213.2,1.34,237.85,1.003,1188,0.8798,0.883,,,2288858,g0210,1,,c0007,val,exact,0.020,0.50,,photo
ss_pair_5f6af1292f37_00001_inside_ss.npz,ss,5f6af12971d1f60005e6ab8a,same_source,inside,none,245.2,1.79,261.98,0.866,1390,1.0,0.9995,,,2884359,g0210,1,,c0007,val,exact,0.020,0.50,,photo
ss_pair_617e9bb85edc_00000_partial_ss_s.npz,ss,617e9bb88ebcb9000515c518,same_source,partial,pseudo_spring,204.5,11.64,270.26,0.924,1598,0.6527,0.5742,,,2603478,g0318,1,,c0004,val,exact,0.020,0.50,,photo
ss_pair_617e9bb85edc_00001_partial_ss_w.npz,ss,617e9bb88ebcb9000515c518,same_source,partial,pseudo_winter,180.8,9.52,265.11,0.904,1209,0.8855,0.8415,,,1984139,g0318,1,,c0004,val,exact,0.020,0.50,,photo
ss_pair_62272fdd19f5_00000_inside_ss_s.npz,ss,62272fdd1ea0da00077c0c7d,same_source,inside,pseudo_spring,295.4,11.19,189.57,1.091,1566,1.0,0.9998,,,2248695,g0330,1,,c0027,heldout,exact,0.020,0.50,,photo
ss_pair_62272fdd19f5_00001_inside_ss_a.npz,ss,62272fdd1ea0da00077c0c7d,same_source,inside,pseudo_autumn,222.5,1.2,96.19,1.073,1517,1.0,0.9999,,,2320233,g0330,1,,c0027,heldout,exact,0.020,0.50,,photo
ss_pair_689f8fde046d_00000_partial_ss.npz,ss,689f8fde5678a44c65d01db2,same_source,partial,none,265.6,13.29,352.52,0.998,1269,0.8583,0.836,,,2241936,g0501,1,,c0244,train,exact,0.020,0.50,,photo
ss_pair_6703ee5f40cc_00000_partial_ss.npz,ss,6703ee5f327f3c00012b0dfb,same_source,partial,none,202.1,17.18,294.04,0.955,1849,0.7455,0.6633,,,2228462,g0456,1,,c0015,train,exact,0.020,0.00,relief_xmodal,relief
ss_pair_689f2a590ba8_00000_partial_ss.npz,ss,689f2a597ed99649ec7f2824,same_source,partial,none,285.8,0.11,279.93,1.189,1048,0.7725,0.7712,,,1473556,g0499,1,,c0242,heldout,exact,0.020,0.50,,photo
ss_pair_689f2a590ba8_00001_inside_ss_w.npz,ss,689f2a597ed99649ec7f2824,same_source,inside,pseudo_winter,188.7,9.8,164.47,1.112,1952,1.0,0.9982,,,2943918,g0499,1,,c0242,heldout,exact,0.020,0.50,,photo
ss_pair_65a8e371cfd0_00000_partial_ss.npz,ss,65a8e37171b11e0001cea7f4,same_source,partial,none,177.2,2.47,13.03,1.012,1761,0.8726,0.8794,,,3442135,g0407,1,,c0049,heldout,exact,0.020,0.50,,photo
ss_pair_699b423165e4_00000_inside_ss.npz,ss,699b4231f956718c12e9f797,same_source,inside,none,240.8,17.02,279.09,1.038,1841,1.0,1.0,,,3174992,g0532,1,,c0258,train,exact,0.020,0.50,,photo
ss_pair_68a84c747e81_00000_inside_ss_s.npz,ss,68a84c7469066a121d9cb9fa,same_source,inside,pseudo_spring,233.0,7.5,243.73,1.048,1340,1.0,0.9996,,,2531998,g0504,1,,c0246,train,exact,0.020,0.50,,photo
ss_pair_67b862945a0f_00000_inside_ss_w.npz,ss,67b862946f33238dbf8a7629,same_source,inside,pseudo_winter,213.9,9.09,134.08,1.165,2048,1.0,1.0,,,4212530,g0479,1,,c0230,train,exact,0.020,0.50,,photo
ss_pair_6893c35982af_00000_partial_ss_s.npz,ss,6893c359e910ae14ec506a9c,same_source,partial,pseudo_spring,182.9,0.54,147.16,1.022,773,0.6846,0.6803,,,1792063,g0495,1,,c0239,train,exact,0.020,0.50,,photo
ss_pair_5d8cab770424_00000_inside_ss.npz,ss,5d8cab77abcfaa0008b1d26a,same_source,inside,none,243.1,9.34,217.99,1.056,1441,1.0,0.9989,,,2953338,g0116,1,,c0094,heldout,exact,0.020,0.50,,photo
ss_pair_6782b3a4d1da_00000_partial_ss.npz,ss,6782b3a4a07cc20001818cee,same_source,partial,none,231.1,18.08,27.97,1.135,1662,0.7489,0.8067,,,2515061,g0000,3,revisit,c0015,train,exact,0.020,0.50,,photo
ss_pair_690aa3eb9b6c_00000_partial_ss_s.npz,ss,690aa3eb0b4b986f96d1dc2b,same_source,partial,pseudo_spring,250.2,2.22,161.27,0.986,1521,0.6356,0.6262,,,1908649,g0015,2,copy,c0064,val,exact,0.020,0.50,,photo
ss_pair_65347a3b3b43_00006_partial_ss_a.npz,ss,65347a3b69c25a0001282730,same_source,partial,pseudo_autumn,265.5,12.27,135.79,0.905,885,0.7574,0.7656,,,1823225,g0395,1,,c0172,heldout,exact,0.020,0.50,,photo
ss_pair_65347a3b3b43_00012_inside_ss.npz,ss,65347a3b69c25a0001282730,same_source,inside,none,263.9,4.48,89.34,1.125,1598,1.0,0.9852,,,3275442,g0395,1,,c0172,heldout,exact,0.020,0.50,,photo
ss_pair_68abb93042f7_00001_partial_ss.npz,ss,68abb930da74beb6dcf43bd6,same_source,partial,none,234.4,16.84,192.76,1.147,1900,0.6397,0.6034,,,3018738,g0506,1,,c0020,train,exact,0.020,0.50,,photo
ss_pair_5fd5424c892b_00002_inside_ss.npz,ss,5fd5424c2284b600061b3a27,same_source,inside,none,268.8,18.7,108.91,1.186,1786,1.0,0.9968,,,3588200,g0244,1,,c0024,train,exact,0.020,0.50,,photo
ss_pair_65c6d3c5f61d_00001_inside_ss_w.npz,ss,65c6d3c58931500001717dd7,same_source,inside,pseudo_winter,181.2,14.45,191.45,1.085,1442,1.0,0.9996,,,2406162,g0410,1,,c0181,heldout,exact,0.020,0.50,,photo
ss_pair_65c6d3c5f61d_00002_inside_ss_a.npz,ss,65c6d3c58931500001717dd7,same_source,inside,pseudo_autumn,286.5,5.61,184.17,1.163,1762,1.0,0.996,,,3364138,g0410,1,,c0181,heldout,exact,0.020,0.50,,photo
ss_pair_5e92dd336d49_00003_partial_ss.npz,ss,5e92dd33c6bbac0005e30fd4,same_source,partial,none,212.6,5.4,94.64,1.087,1943,0.6109,0.6341,,,3303618,g0155,1,,c0110,train,exact,0.020,0.50,,photo
ss_pair_6190d1f326aa_00000_partial_ss_a.npz,ss,6190d1f3502455000734583b,same_source,partial,pseudo_autumn,225.4,7.06,64.78,1.008,1764,0.827,0.8468,,,2598970,g0321,1,,c0004,val,exact,0.020,0.50,,photo
ss_pair_6190d1f326aa_00001_partial_ss.npz,ss,6190d1f3502455000734583b,same_source,partial,none,196.6,19.8,45.7,0.993,1236,0.7671,0.7873,,,2187370,g0321,1,,c0004,val,exact,0.020,0.50,,photo
ss_pair_6190deab5703_00001_partial_ss.npz,ss,6190deab502455000734584b,same_source,partial,none,216.8,8.75,228.65,1.193,855,0.6178,0.6635,,,1863447,g0325,1,,c0004,val,exact,0.020,0.50,,photo
ss_pair_6190deab5703_00002_inside_ss_w.npz,ss,6190deab502455000734584b,same_source,inside,pseudo_winter,242.8,0.37,198.23,0.953,1312,1.0,0.9997,,,2497831,g0325,1,,c0004,val,exact,0.020,0.50,,photo
ss_pair_689bf5345821_00000_inside_ss.npz,ss,689bf534b7cce64034769fa4,same_source,inside,none,219.8,17.54,192.23,1.006,1513,1.0,1.0,,,2959548,g0498,1,,c0241,train,exact,0.020,0.50,,photo
ss_pair_66deb0c22aec_00000_partial_ss.npz,ss,66deb0c2cd0baa0001b61ff1,same_source,partial,none,214.7,3.35,100.49,0.923,1379,0.8731,0.8794,,,2397261,g0451,1,,c0207,train,exact,0.020,0.50,,photo
ss_pair_68a0b526ae84_00002_inside_ss_s.npz,ss,68a0b526d85096ff88d9a392,same_source,inside,pseudo_spring,264.4,19.2,76.38,1.143,1666,1.0,1.0,,,3429834,g0502,1,,c0020,train,exact,0.020,0.50,,photo
ss_pair_63a987b6c014_00000_partial_ss_s.npz,ss,63a987b63fb8c100063c5518,same_source,partial,pseudo_spring,197.2,3.53,78.71,0.973,960,0.7517,0.769,,,1555964,g0364,1,,c0003,val,exact,0.020,0.50,,photo
ss_pair_63a987b6c014_00001_inside_ss_w.npz,ss,63a987b63fb8c100063c5518,same_source,inside,pseudo_winter,204.3,3.16,229.91,1.015,1847,1.0,0.9994,,,2908545,g0364,1,,c0003,val,exact,0.020,0.50,,photo
ss_pair_65dcaa805080_00000_partial_ss_w.npz,ss,65dcaa807175970001f7189f,same_source,partial,pseudo_winter,238.2,18.98,285.79,1.149,1577,0.7169,0.7425,,,2692351,g0007,2,modality,c0051,heldout,exact,0.020,0.50,,photo
ss_pair_65dcaa805080_00001_inside_ss.npz,ss,65dcaa807175970001f7189f,same_source,inside,none,186.9,4.32,273.35,1.091,1366,1.0,0.9966,,,2725440,g0007,2,modality,c0051,heldout,exact,0.020,0.50,,photo
ss_pair_63a956d75543_00000_partial_ss_w.npz,ss,63a956d7eb16e8000519a1e7,same_source,partial,pseudo_winter,234.3,5.88,113.13,1.018,1274,0.8857,0.8872,,,2685983,g0361,1,,c0003,val,exact,0.020,0.50,,photo
ss_pair_65766bf8c6aa_00000_partial_ss_a.npz,ss,65766bf8e8628500014ae603,same_source,partial,pseudo_autumn,193.5,1.25,346.42,0.944,1791,0.6637,0.6543,,,2637715,g0405,1,,c0048,train,exact,0.020,0.50,,photo
ss_pair_63aac32fc518_00000_inside_ss.npz,ss,63aac32f3fb8c100063c5535,same_source,inside,none,182.1,1.59,0.41,1.079,1896,1.0,0.9991,,,2812209,g0371,1,,c0003,val,exact,0.020,0.50,,photo
ss_pair_5e28a051b545_00000_inside_ss_w.npz,ss,5e28a0512329e800051134a4,same_source,inside,pseudo_winter,216.7,6.25,208.94,1.059,1650,1.0,0.9915,,,2721576,g0135,1,,c0105,val,exact,0.020,0.50,,photo
ss_pair_5e28a051b545_00001_inside_ss_s.npz,ss,5e28a0512329e800051134a4,same_source,inside,pseudo_spring,282.6,18.47,258.15,0.928,1786,1.0,0.9969,,,3353602,g0135,1,,c0105,val,exact,0.020,0.50,,photo
ss_pair_5f96670b23d3_00000_partial_ss_w.npz,ss,5f96670b8ff39200079920cf,same_source,partial,pseudo_winter,195.2,6.39,31.71,0.987,1106,0.8155,0.7857,,,1897992,g0225,1,,c0122,train,exact,0.020,0.50,,photo
ss_pair_68783ba1cbac_00000_inside_ss_a.npz,ss,68783ba1e94692af825cef1a,same_source,inside,pseudo_autumn,206.5,4.18,209.36,1.052,1507,1.0,1.0,,,2629519,g0012,2,modality,c0059,val,exact,0.020,0.50,,photo
ss_pair_66c38a49b577_00000_inside_ss_s.npz,ss,66c38a4938fdcc0001dc7137,same_source,inside,pseudo_spring,254.0,0.69,257.67,1.038,2040,1.0,0.9965,,,3761333,g0447,1,,c0203,train,exact,0.020,0.50,,photo
ss_pair_636399473b70_00000_inside_ss.npz,ss,636399470769a900054c938a,same_source,inside,none,221.0,4.04,199.89,0.953,1288,1.0,0.9985,,,2635233,g0353,1,,c0018,heldout,exact,0.020,0.50,,photo
ss_pair_636399473b70_00001_inside_ss.npz,ss,636399470769a900054c938a,same_source,inside,none,201.2,17.54,343.33,1.007,1460,1.0,0.9988,,,2799236,g0353,1,,c0018,heldout,exact,0.020,0.50,,photo
ss_pair_5ea9d5174f18_00000_partial_ss_a.npz,ss,5ea9d5173295f300072a6d26,same_source,partial,pseudo_autumn,229.9,0.8,191.26,1.01,1649,0.668,0.6692,,,2500161,g0161,1,,c0007,val,exact,0.020,0.50,,photo
ss_pair_623b341700c4_00000_inside_ss_a.npz,ss,623b3417a730db0006b0816c,same_source,inside,pseudo_autumn,184.1,18.45,313.88,0.931,1530,1.0,0.9994,,,2782660,g0333,1,,c0018,heldout,exact,0.020,0.50,,photo
ss_pair_664a10a43627_00000_inside_ss_w.npz,ss,664a10a449dd860001fae068,same_source,inside,pseudo_winter,204.9,3.69,337.31,1.041,1426,1.0,1.0,,,2765100,g0441,1,,c0199,train,exact,0.020,0.50,,photo
ss_pair_65328e3c1a99_00000_partial_ss_s.npz,ss,65328e3c69c25a00012826f3,same_source,partial,pseudo_spring,233.8,5.31,213.77,1.044,1780,0.6522,0.6139,,,3088120,g0394,1,,c0018,heldout,exact,0.020,0.50,,photo
ss_pair_690a93b45b53_00000_inside_ss_s.npz,ss,690a93b40b4b986f96d1c071,same_source,inside,pseudo_spring,232.6,14.7,294.08,1.07,2024,1.0,1.0,,,3239718,g0526,1,,c0254,train,exact,0.020,0.50,,photo
ss_pair_690a997416c3_00000_inside_ss_s.npz,ss,690a99740b4b986f96d1c9c8,same_source,inside,pseudo_spring,270.9,12.89,306.72,1.076,1437,1.0,1.0,,,2929834,g0014,2,copy,c0063,train,exact,0.020,0.50,,photo
ss_pair_66afb9ac07ba_00000_inside_ss.npz,ss,66afb9ac7fa78f00018c95b3,same_source,inside,none,224.2,1.82,109.71,1.11,1353,1.0,0.9998,,,2357546,g0000,3,revisit,c0015,train,exact,0.020,0.50,,photo
ss_pair_5ea1c05af390_00000_inside_ss.npz,ss,5ea1c05a411bed00056803b4,same_source,inside,none,262.6,9.65,103.57,1.074,1769,1.0,0.9995,,,2845393,g0156,1,,c0007,val,exact,0.020,0.50,,photo
ss_pair_5dae8f85f925_00001_partial_ss.npz,ss,5dae8f8573c69f000530ee70,same_source,partial,none,283.7,18.69,313.89,0.861,830,0.6915,0.739,,,1311357,g0119,1,,c0043,train,exact,0.020,0.50,,photo
ss_pair_6094a30ea918_00005_partial_ss_s.npz,ss,6094a30ea7084000062e0497,same_source,partial,pseudo_spring,289.4,16.59,97.82,1.176,875,0.6302,0.6577,,,1886289,g0273,1,,c0136,heldout,exact,0.020,0.50,,photo
ss_pair_6094a30ea918_00001_partial_ss.npz,ss,6094a30ea7084000062e0497,same_source,partial,none,191.0,4.53,312.09,0.923,1869,0.7423,0.7492,,,3660194,g0273,1,,c0136,heldout,exact,0.020,0.50,,photo
ss_pair_6634215904d7_00000_inside_ss.npz,ss,663421596049ef00013b827b,same_source,inside,none,240.5,3.3,219.54,0.884,1239,1.0,0.9999,,,2354886,g0434,1,,c0195,train,exact,0.020,0.50,,photo
ss_pair_654235ff581d_00002_inside_ss.npz,ss,654235fff0cdb700011d7a4f,same_source,inside,none,212.1,11.63,318.06,0.983,1381,1.0,0.9997,,,3244333,g0396,1,,c0048,train,exact,0.020,0.50,,photo
ss_pair_63aac322bb6b_00002_inside_ss_s.npz,ss,63aac3223fb8c100063c5533,same_source,inside,pseudo_spring,286.0,13.63,106.01,1.099,1846,1.0,0.9931,,,3649846,g0370,1,,c0003,val,exact,0.020,0.50,,photo
ss_pair_63aac322bb6b_00001_inside_ss.npz,ss,63aac3223fb8c100063c5533,same_source,inside,none,262.6,6.85,92.4,1.148,1811,1.0,0.9978,,,3518594,g0370,1,,c0003,val,exact,0.020,0.50,,photo
ss_pair_6118777996f4_00000_inside_ss_a.npz,ss,61187779ac1a340005a1cd5a,same_source,inside,pseudo_autumn,232.4,9.57,80.76,0.96,1431,1.0,0.9999,,,2789422,g0305,1,,c0146,val,exact,0.020,0.50,,photo
ss_pair_6118777996f4_00001_inside_ss.npz,ss,61187779ac1a340005a1cd5a,same_source,inside,none,285.6,6.63,306.01,0.865,1118,1.0,0.9974,,,2777888,g0305,1,,c0146,val,exact,0.020,0.50,,photo
ss_pair_63aac314b02d_00002_partial_ss.npz,ss,63aac3143fb8c100063c5531,same_source,partial,none,242.5,14.25,74.43,0.902,1837,0.8973,0.9141,,,3458127,g0369,1,,c0003,val,exact,0.020,0.50,,photo
ss_pair_63aac314b02d_00000_partial_ss.npz,ss,63aac3143fb8c100063c5531,same_source,partial,none,208.0,2.6,166.23,0.886,1495,0.7173,0.7107,,,2611841,g0369,1,,c0003,val,exact,0.020,0.50,,photo
ss_pair_63f21def30ef_00000_inside_ss.npz,ss,63f21def525f0700077ed4e3,same_source,inside,none,211.3,1.12,236.17,0.856,1371,1.0,0.9983,,,2586677,g0373,1,,c0161,train,exact,0.020,0.50,,photo
ss_pair_65ca69ee0c13_00000_inside_ss.npz,ss,65ca69ee8931500001717e75,same_source,inside,none,209.8,14.57,44.54,1.095,1920,1.0,0.9963,,,3836515,g0411,1,,c0182,train,exact,0.020,0.50,,photo
ss_pair_5fd11d83812a_00001_partial_ss_s.npz,ss,5fd11d83380db000052582e9,same_source,partial,pseudo_spring,216.1,13.07,62.23,0.916,1571,0.7571,0.698,,,2679462,g0243,1,,c0024,train,exact,0.020,0.50,,photo
ss_pair_65e615ce387d_00000_inside_ss_a.npz,ss,65e615cee6f8d400012823a2,same_source,inside,pseudo_autumn,279.7,8.88,147.08,0.895,1399,1.0,0.9994,,,2957849,g0415,1,,c0184,heldout,exact,0.020,0.50,,photo
ss_pair_65e615ce387d_00002_inside_ss.npz,ss,65e615cee6f8d400012823a2,same_source,inside,none,258.2,17.61,39.26,1.187,1802,1.0,0.9991,,,3859947,g0415,1,,c0184,heldout,exact,0.020,0.50,,photo
ss_pair_68a8470d5738_00002_inside_ss_a.npz,ss,68a8470d69066a121d9cb4aa,same_source,inside,pseudo_autumn,268.4,3.3,34.86,0.909,1308,1.0,1.0,,,2056465,g0503,1,,c0245,val,exact,0.020,0.50,,photo
ss_pair_68a8470d5738_00001_inside_ss.npz,ss,68a8470d69066a121d9cb4aa,same_source,inside,none,294.4,8.22,69.12,1.198,1705,1.0,1.0,,,2784669,g0503,1,,c0245,val,exact,0.020,0.50,,photo
ss_pair_63a987ce5984_00000_inside_ss_a.npz,ss,63a987ce3fb8c100063c551c,same_source,inside,pseudo_autumn,296.5,9.97,80.72,1.03,1599,1.0,0.9996,,,3150177,g0366,1,,c0003,val,exact,0.020,0.50,,photo
ss_pair_63a987ce5984_00001_partial_ss_a.npz,ss,63a987ce3fb8c100063c551c,same_source,partial,pseudo_autumn,277.2,1.42,277.42,1.114,1574,0.8279,0.8214,,,2874529,g0366,1,,c0003,val,exact,0.020,0.50,,photo
ss_pair_61a418b338eb_00003_partial_ss.npz,ss,61a418b3ca228100065cb967,same_source,partial,none,271.7,16.73,186.73,0.963,945,0.735,0.7874,,,2015999,g0328,1,,c0150,heldout,exact,0.020,0.50,,photo
ss_pair_61a418b338eb_00002_inside_ss_a.npz,ss,61a418b3ca228100065cb967,same_source,inside,pseudo_autumn,198.7,10.61,312.37,1.175,1872,1.0,0.9996,,,2770170,g0328,1,,c0150,heldout,exact,0.020,0.50,,photo
ss_pair_63a9576b82ab_00000_inside_ss.npz,ss,63a9576beb16e8000519a1ed,same_source,inside,none,274.6,9.8,277.86,0.852,1302,1.0,0.9987,,,2344447,g0363,1,,c0003,val,exact,0.020,0.50,,photo
ss_pair_63a9576b82ab_00001_partial_ss_a.npz,ss,63a9576beb16e8000519a1ed,same_source,partial,pseudo_autumn,221.0,4.52,256.69,0.884,897,0.8086,0.8001,,,2092214,g0363,1,,c0003,val,exact,0.020,0.50,,photo
ss_pair_68c785cf431d_00000_inside_ss_a.npz,ss,68c785cff2fef56460dd3d64,same_source,inside,pseudo_autumn,273.6,14.12,359.69,0.968,1327,1.0,1.0,,,2514458,g0508,1,,c0020,train,exact,0.020,0.50,,photo
ss_pair_5f4abfb92c84_00000_partial_ss.npz,ss,5f4abfb9ce55190005b826d8,same_source,partial,none,212.7,5.46,346.09,0.944,826,0.7562,0.7407,,,1482968,g0198,1,,c0118,heldout,exact,0.020,0.50,,photo
ss_pair_63a9ab35c392_00000_partial_ss.npz,ss,63a9ab353fb8c100063c5526,same_source,partial,none,289.3,12.96,106.12,1.096,1948,0.7661,0.6609,,,3083566,g0367,1,,c0003,val,exact,0.020,0.50,,photo
ss_pair_63a9ab35c392_00001_partial_ss_s.npz,ss,63a9ab353fb8c100063c5526,same_source,partial,pseudo_spring,238.4,8.93,199.71,0.953,1858,0.6923,0.6832,,,3151229,g0367,1,,c0003,val,exact,0.020,0.50,,photo
ss_pair_67ef3883814c_00001_partial_ss.npz,ss,67ef3883ca6f76f97a4b0144,same_source,partial,none,175.8,10.07,62.83,1.017,1159,0.7919,0.7908,,,2333806,g0011,2,modality,c0019,train,exact,0.020,0.50,,photo
ss_pair_6150e4869eb3_00000_inside_ss_s.npz,ss,6150e486e4643000072876c5,same_source,inside,pseudo_spring,246.5,2.61,0.39,0.891,1504,1.0,0.9991,,,3007832,g0308,1,,c0147,heldout,exact,0.020,0.50,,photo
ss_pair_6150e4869eb3_00001_inside_ss_a.npz,ss,6150e486e4643000072876c5,same_source,inside,pseudo_autumn,217.9,5.23,301.69,0.996,1383,1.0,0.9998,,,2808673,g0308,1,,c0147,heldout,exact,0.020,0.50,,photo
ss_pair_63ef7deec725_00000_inside_ss_w.npz,ss,63ef7dee525f0700077ed4b0,same_source,inside,pseudo_winter,242.5,0.92,136.85,1.199,1940,1.0,0.9969,,,3369282,g0372,1,,c0160,heldout,exact,0.020,0.50,,photo
ss_pair_63ef7deec725_00001_inside_ss.npz,ss,63ef7dee525f0700077ed4b0,same_source,inside,none,279.7,5.36,37.92,0.995,1412,1.0,0.9982,,,2911182,g0372,1,,c0160,heldout,exact,0.020,0.50,,photo
ss_pair_632527a2e9c1_00000_inside_ss_a.npz,ss,632527a29ee90900078a7111,same_source,inside,pseudo_autumn,180.5,13.63,136.18,0.996,1735,1.0,0.9995,,,3318164,g0006,2,modality,c0031,train,exact,0.020,0.50,,photo
ss_pair_666b77758579_00000_partial_ss.npz,ss,666b7775f1cf8e0001fb2f0c,same_source,partial,none,190.9,4.19,303.73,1.125,1311,0.8032,0.8063,,,2645658,g0444,1,,c0201,train,exact,0.020,0.50,,photo
ss_pair_5f9bc33be7cd_00000_inside_ss.npz,ss,5f9bc33b1b48e50005418620,same_source,inside,none,200.8,2.54,105.68,0.917,1382,1.0,1.0,,,2323282,g0226,1,,c0123,train,exact,0.020,0.50,,photo
ss_pair_614c50a12357_00000_partial_ss.npz,ss,614c50a18c56070006259d51,same_source,partial,none,234.6,17.29,289.47,0.887,1947,0.8175,0.8034,,,3307596,g0307,1,,c0007,val,exact,0.020,0.50,,photo
ss_pair_681791852669_00000_inside_ss.npz,ss,6817918525ae1db94ad474bd,same_source,inside,none,185.9,18.45,69.35,0.904,1492,1.0,1.0,,,2844117,g0483,1,,c0234,val,exact,0.020,0.50,,photo
ss_pair_67d58e6dddbb_00000_partial_ss_w.npz,ss,67d58e6dc8ccd45a00aa3d39,same_source,partial,pseudo_winter,242.9,2.81,310.26,0.935,1060,0.8211,0.8303,,,2218621,g0480,1,,c0231,heldout,exact,0.020,0.50,,photo
ss_pair_67d58e6dddbb_00001_inside_ss_w.npz,ss,67d58e6dc8ccd45a00aa3d39,same_source,inside,pseudo_winter,183.5,9.7,79.3,1.111,1471,1.0,0.9999,,,2247637,g0480,1,,c0231,heldout,exact,0.020,0.50,,photo
ss_pair_6174b6e7606f_00000_inside_ss.npz,ss,6174b6e73b51b90006e0e79c,same_source,inside,none,246.0,6.79,268.45,1.148,1481,0.9999,0.9988,,,2909650,g0312,1,,c0148,heldout,exact,0.020,0.50,,photo
ss_pair_67b39214c675_00000_partial_ss_a.npz,ss,67b3921452200bd46b3a26d3,same_source,partial,pseudo_autumn,242.8,8.0,120.75,0.951,1127,0.7804,0.7737,,,1740359,g0478,1,,c0229,heldout,exact,0.020,0.50,,photo
ss_pair_69a599f19572_00000_partial_ss.npz,ss,69a599f10b6e2755bd7ea22b,same_source,partial,none,272.4,12.8,92.67,0.852,989,0.7413,0.6356,,,1814856,g0016,2,modality,c0066,train,exact,0.020,0.50,,photo
ss_pair_5de444f1e641_00000_inside_ss.npz,ss,5de444f1a9ab930007f2bca5,same_source,inside,none,176.9,17.2,164.24,1.065,1456,1.0,0.9701,,,2394143,g0124,1,,c0098,train,exact,0.020,0.50,,photo
ss_pair_5d5321121b51_00003_inside_ss.npz,ss,5d53211227b32f0007cd8aaa,same_source,inside,none,239.2,18.78,14.66,1.113,1766,1.0,0.9979,,,3449597,g0110,1,,c0036,train,exact,0.020,0.50,,pan
ss_pair_63aac2fc63bd_00000_inside_ss_a.npz,ss,63aac2fc3fb8c100063c552f,same_source,inside,pseudo_autumn,251.5,10.5,294.49,1.005,1870,1.0,0.9991,,,3499323,g0368,1,,c0003,val,exact,0.020,0.50,,photo
ss_pair_63aac2fc63bd_00003_partial_ss.npz,ss,63aac2fc3fb8c100063c552f,same_source,partial,none,236.5,0.5,151.93,1.152,1913,0.6309,0.6024,,,2636140,g0368,1,,c0003,val,exact,0.020,0.50,,photo
ss_pair_61b9d9d77be8_00000_inside_ss_w.npz,ss,61b9d9d7b26de1000596d623,same_source,inside,pseudo_winter,259.8,15.14,338.82,1.171,1587,1.0,0.9998,,,2605221,g0005,2,modality,c0045,train,exact,0.020,0.50,,photo
ss_pair_67db5f807926_00000_partial_ss.npz,ss,67db5f80ccf7299e770a7844,same_source,partial,none,232.5,2.42,214.56,0.866,1847,0.7097,0.7046,,,3176217,g0010,2,modality,c0058,train,exact,0.020,0.00,relief_xmodal,relief
ss_pair_68bc46485af2_00000_inside_ss_a.npz,ss,68bc4648be6b4e088eefe907,same_source,inside,pseudo_autumn,202.7,5.09,219.34,1.049,1535,1.0,1.0,,,2810559,g0013,2,modality,c0061,train,exact,0.020,0.50,,photo
ss_pair_676180b8f13f_00000_inside_ss_s.npz,ss,676180b82c41e60001b76567,same_source,inside,pseudo_spring,213.1,1.54,343.25,1.153,1489,1.0,1.0,,,2902507,g0476,1,,c0227,train,exact,0.020,0.50,,photo
ss_pair_5cd99a5a0173_00000_partial_ss_s.npz,ss,5cd99a5a1987090005cd5cbf,same_source,partial,pseudo_spring,284.0,1.22,250.51,0.895,853,0.77,0.6869,,,2108784,g0003,2,revisit,c0019,train,exact,0.020,0.50,,pan
ss_pair_636399476aca_00000_inside_ss_s.npz,ss,636399470769a900054c938b,same_source,inside,pseudo_spring,258.8,16.44,308.13,1.09,1402,0.9999,0.9961,,,2827213,g0354,1,,c0018,heldout,exact,0.020,0.50,,photo
ss_pair_672cc905058d_00000_partial_ss_w.npz,ss,672cc90504bd070001991c3e,same_source,partial,pseudo_winter,237.6,8.87,139.45,1.181,1729,0.815,0.8555,,,2357734,g0000,3,revisit,c0015,train,exact,0.020,0.50,,photo
ss_pair_68935f858648_00000_inside_ss_w.npz,ss,68935f8572118d558aa0b61a,same_source,inside,pseudo_winter,262.1,10.02,270.39,1.156,1946,1.0,0.9696,,,4478887,g0494,1,,c0060,heldout,exact,0.020,0.50,,pan
ss_pair_68935f858648_00002_partial_ss.npz,ss,68935f8572118d558aa0b61a,same_source,partial,none,192.2,15.08,6.05,1.107,1728,0.7536,0.8035,,,3682753,g0494,1,,c0060,heldout,exact,0.020,0.50,,pan
ss_pair_5d3f4453f6a2_00000_inside_ss_a.npz,ss,5d3f4453db56bc0007420e23,same_source,inside,pseudo_autumn,263.3,1.71,327.75,1.026,1776,1.0,0.9821,,,3158632,g0109,1,,c0036,train,exact,0.020,0.50,,pan
ss_pair_6317b7e69a64_00000_inside_ss_s.npz,ss,6317b7e614f1ff00081de82d,same_source,inside,pseudo_spring,197.7,8.5,1.21,1.129,1447,1.0,0.9946,,,3220736,g0348,1,,c0155,heldout,exact,0.020,0.50,,photo
ss_pair_6317b7e69a64_00002_inside_ss_s.npz,ss,6317b7e614f1ff00081de82d,same_source,inside,pseudo_spring,213.9,4.45,225.02,1.069,1413,1.0,0.9964,,,3146706,g0348,1,,c0155,heldout,exact,0.020,0.50,,photo
ss_pair_67d58565780c_00000_partial_ss_s.npz,ss,67d58565c8ccd45a00aa3325,same_source,partial,pseudo_spring,245.1,13.23,10.94,0.996,1891,0.7865,0.6902,,,2623331,g0010,2,modality,c0058,train,exact,0.020,0.50,,photo
ss_pair_600da99ca102_00000_partial_ss.npz,ss,600da99ca0f00700052c5c29,same_source,partial,none,200.4,13.53,54.41,0.978,1471,0.7885,0.8411,,,2200507,g0249,1,,c0126,heldout,exact,0.020,0.50,,photo
ss_pair_600da99ca102_00001_partial_ss.npz,ss,600da99ca0f00700052c5c29,same_source,partial,none,186.9,8.93,13.22,1.13,1416,0.7936,0.7965,,,2317836,g0249,1,,c0126,heldout,exact,0.020,0.50,,photo
ss_pair_601ef7070b98_00000_partial_ss_s.npz,ss,601ef707c4550c00050ee5ba,same_source,partial,pseudo_spring,266.4,8.67,147.68,1.076,1076,0.7546,0.7711,,,1928250,g0252,1,,c0127,heldout,exact,0.020,0.50,,photo
ss_pair_67d88620485f_00000_inside_ss_a.npz,ss,67d886201325d3f9345c9753,same_source,inside,pseudo_autumn,258.7,11.24,320.93,1.048,1896,1.0,0.9918,,,4000027,g0481,1,,c0232,heldout,exact,0.020,0.50,,pan
ss_pair_5d1d475025bb_00000_partial_ss_w.npz,ss,5d1d475093e1130005fc0ec8,same_source,partial,pseudo_winter,257.4,17.06,352.26,0.91,1168,0.7918,0.8445,,,1906824,g0108,1,,c0092,val,exact,0.020,0.50,,photo
ss_pair_6319f0aa780e_00000_inside_ss.npz,ss,6319f0aa14f1ff00081de879,same_source,inside,none,193.9,12.89,99.63,0.953,1504,1.0,0.9946,,,3044559,g0349,1,,c0156,train,exact,0.020,0.50,,photo
ss_pair_69069f52c468_00000_partial_ss_a.npz,ss,69069f5231709507115b581e,same_source,partial,pseudo_autumn,196.0,4.33,2.94,1.116,1088,0.8335,0.8374,,,1890977,g0014,2,copy,c0063,train,exact,0.020,0.50,,photo
ss_pair_5ec8b033f703_00000_inside_ss_a.npz,ss,5ec8b033f62f370006df341f,same_source,inside,pseudo_autumn,287.8,9.96,101.14,1.056,1485,1.0,0.9998,,,2822925,g0172,1,,c0007,val,exact,0.020,0.50,,photo
ss_pair_682dca349e91_00000_inside_ss_w.npz,ss,682dca349586b8d5986e1f4b,same_source,inside,pseudo_winter,264.7,11.26,149.95,1.099,1908,1.0,0.9908,,,4094496,g0484,1,,c0235,train,exact,0.020,0.50,,pan
ss_pair_65df4798fb17_00000_partial_ss_w.npz,ss,65df47987175970001f7192d,same_source,partial,pseudo_winter,191.7,0.91,122.85,0.925,981,0.689,0.682,,,1783509,g0007,2,modality,c0051,heldout,exact,0.020,0.00,relief_xmodal,relief
ss_pair_65df4798fb17_00001_partial_ss.npz,ss,65df47987175970001f7192d,same_source,partial,none,247.8,6.55,223.5,1.013,1353,0.6011,0.568,,,1837448,g0007,2,modality,c0051,heldout,exact,0.020,0.00,relief_xmodal,relief
ss_pair_5ea97aff917a_00000_inside_ss.npz,ss,5ea97aff3295f300072a6d1e,same_source,inside,none,185.8,10.7,132.99,0.9,1612,1.0,0.9993,,,2675715,g0160,1,,c0003,val,exact,0.020,0.50,,photo
ss_pair_67efeb6ea629_00000_inside_ss.npz,ss,67efeb6eca6f76f97a4bce2a,same_source,inside,none,186.5,4.72,349.01,1.163,1917,1.0,0.9935,,,3893530,g0011,2,modality,c0019,train,exact,0.020,0.00,relief_xmodal,relief
ss_pair_63a9417d7740_00000_inside_ss.npz,ss,63a9417deb16e8000519a1e3,same_source,inside,none,241.0,13.38,116.92,1.111,1725,1.0,0.9837,,,3101743,g0360,1,,c0159,train,exact,0.020,0.50,,photo
ss_pair_68bce2598760_00000_partial_ss.npz,ss,68bce259dddc7bae46a43706,same_source,partial,none,280.5,7.08,242.52,0.889,1127,0.7487,0.7324,,,2117059,g0013,2,modality,c0061,train,exact,0.020,0.00,relief_xmodal,relief
ss_pair_6082f37b1e08_00000_inside_ss.npz,ss,6082f37b2e77e600076c9b7d,same_source,inside,none,243.5,10.73,26.46,1.194,1697,1.0,0.9931,,,3097107,g0270,1,,c0135,val,exact,0.020,0.50,,photo
ss_pair_5f478d02e2ce_00000_partial_ss.npz,ss,5f478d02f4b82d0005a702b2,same_source,partial,none,269.0,19.99,41.97,1.044,1228,0.7872,0.8756,,,2103191,g0197,1,,c0007,val,exact,0.020,0.50,,photo
ss_pair_6906a74e2386_00000_inside_ss.npz,ss,6906a74e31709507115b5cf5,same_source,inside,none,186.6,8.08,271.43,1.123,1723,1.0,0.9999,,,3274750,g0015,2,copy,c0064,val,exact,0.020,0.50,,photo
ss_pair_5d58a6fe023c_00000_partial_ss.npz,ss,5d58a6fe2da0670007a57e4b,same_source,partial,none,245.8,11.61,151.94,1.178,1864,0.8595,0.8411,,,3819154,g0111,1,,c0093,train,exact,0.020,0.50,,pan
ss_pair_66c4e5c07781_00000_inside_ss.npz,ss,66c4e5c00378ba0001bb5e0b,same_source,inside,none,201.1,1.97,218.71,1.046,1754,1.0,1.0,,,3032270,g0448,1,,c0204,heldout,exact,0.020,0.50,,photo
ss_pair_66c4e5c07781_00002_inside_ss_a.npz,ss,66c4e5c00378ba0001bb5e0b,same_source,inside,pseudo_autumn,221.5,4.71,16.16,0.858,1570,1.0,1.0,,,2912512,g0448,1,,c0204,heldout,exact,0.020,0.50,,photo
ss_pair_6670256b5d60_00000_inside_ss_a.npz,ss,6670256bf1cf8e0001fb2f88,same_source,inside,pseudo_autumn,274.8,6.03,81.32,0.99,1322,1.0,0.9999,,,2544373,g0445,1,,c0202,train,exact,0.020,0.50,,photo
ss_pair_67a7b1ed4ea0_00000_inside_ss_a.npz,ss,67a7b1ed3109fff30a59c383,same_source,inside,pseudo_autumn,217.4,4.34,358.38,0.948,1260,1.0,0.9996,,,2230687,g0477,1,,c0228,val,exact,0.020,0.50,,photo
ss_pair_67a7b1ed4ea0_00001_inside_ss.npz,ss,67a7b1ed3109fff30a59c383,same_source,inside,none,216.5,17.99,188.45,1.02,1797,1.0,0.9997,,,3002360,g0477,1,,c0228,val,exact,0.020,0.50,,photo
ss_pair_61b9e5f2b6a4_00000_partial_ss.npz,ss,61b9e5f2b26de1000596d62b,same_source,partial,none,268.6,13.56,55.93,1.091,1800,0.7913,0.8564,,,1308281,g0005,2,modality,c0045,train,exact,0.020,0.00,relief_xmodal,relief
ss_pair_5ea6bfb84072_00000_inside_ss_s.npz,ss,5ea6bfb83295f300072a6cf6,same_source,inside,pseudo_spring,259.2,11.15,56.12,1.092,1680,1.0,0.9915,,,3154990,g0158,1,,c0112,train,exact,0.020,0.50,,photo
ss_pair_6177c495a90b_00000_inside_ss_a.npz,ss,6177c495d89d970005d8bcef,same_source,inside,pseudo_autumn,241.1,2.35,262.49,1.075,1996,1.0,0.991,,,3551415,g0313,1,,c0007,val,exact,0.020,0.50,,photo
ss_pair_6177c495a90b_00001_inside_ss_a.npz,ss,6177c495d89d970005d8bcef,same_source,inside,pseudo_autumn,252.0,7.85,320.17,1.191,2048,1.0,0.9925,,,3866084,g0313,1,,c0007,val,exact,0.020,0.50,,photo
ss_pair_6888e9452d37_00000_partial_ss.npz,ss,6888e945e2874a09097484da,same_source,partial,none,235.4,19.73,330.57,0.957,1683,0.7486,0.8372,,,2646714,g0489,1,,c0020,train,exact,0.020,0.50,,photo
ss_pair_6995d7720139_00000_inside_ss_w.npz,ss,6995d772b97d91551cab1e46,same_source,inside,pseudo_winter,241.8,9.06,284.81,0.986,1959,1.0,1.0,,,2847124,g0531,1,,c0065,heldout,exact,0.020,0.50,,photo
ss_pair_5cec3297b452_00000_inside_ss_s.npz,ss,5cec32974eaca00005a57243,same_source,inside,pseudo_spring,191.8,8.32,260.58,1.067,1692,1.0,0.9003,,,3669661,g0003,2,revisit,c0019,train,exact,0.020,0.50,,pan
ss_pair_669e2e81ef59_00000_partial_ss_s.npz,ss,669e2e8178128a0001441702,same_source,partial,pseudo_spring,194.0,11.88,181.16,0.891,1037,0.6861,0.7339,,,1493345,g0446,1,,c0015,train,exact,0.020,0.50,,photo
ss_pair_69a84f24be77_00000_partial_ss_w.npz,ss,69a84f24970e1272d3a0477e,same_source,partial,pseudo_winter,180.9,12.17,71.81,1.054,1659,0.736,0.6752,,,2511457,g0016,2,modality,c0066,train,exact,0.020,0.00,relief_xmodal,relief
ss_pair_618f2de256d4_00002_inside_ss_w.npz,ss,618f2de25024550007345827,same_source,inside,pseudo_winter,215.6,10.6,150.54,1.057,2048,1.0,1.0,,,1409449,g0004,2,modality,c0044,train,exact,0.020,0.00,relief_xmodal,relief
ss_pair_5d8fd6eb533c_00000_partial_ss.npz,ss,5d8fd6ebd014d80007e40198,same_source,partial,none,265.9,19.37,71.41,1.015,1370,0.6838,0.7397,,,2314696,g0117,1,,c0060,heldout,exact,0.020,0.50,,pan
ss_pair_5d8fd6eb533c_00001_inside_ss_w.npz,ss,5d8fd6ebd014d80007e40198,same_source,inside,pseudo_winter,189.7,0.17,49.78,0.987,1216,1.0,0.983,,,2657882,g0117,1,,c0060,heldout,exact,0.020,0.50,,pan
ss_pair_63a987c2b86a_00000_inside_ss_w.npz,ss,63a987c23fb8c100063c551a,same_source,inside,pseudo_winter,254.4,7.85,353.51,0.941,1214,1.0,0.9981,,,2552826,g0365,1,,c0003,val,exact,0.020,0.50,,photo
ss_pair_63a987c2b86a_00001_inside_ss.npz,ss,63a987c23fb8c100063c551a,same_source,inside,none,217.8,4.98,294.51,0.941,1781,1.0,1.0,,,2969281,g0365,1,,c0003,val,exact,0.020,0.50,,photo
ss_pair_6325df675a69_00000_inside_ss.npz,ss,6325df679ee90900078a7118,same_source,inside,none,184.2,19.14,334.58,0.943,1825,1.0,0.994,,,3145163,g0006,2,modality,c0031,train,exact,0.020,0.00,relief_xmodal,relief
ss_pair_687999777145_00000_partial_ss.npz,ss,68799977d96a1fcfd6c65fdb,same_source,partial,none,297.2,5.07,242.02,1.062,1193,0.7589,0.6999,,,2234784,g0012,2,modality,c0059,val,exact,0.020,0.00,relief_xmodal,relief
ss_pair_689f315b13ec_00000_partial_ss_a.npz,ss,689f315b7ed99649ec7f3389,same_source,partial,pseudo_autumn,176.6,1.86,1.95,1.056,938,0.7315,0.7377,,,1960918,g0500,1,,c0243,val,exact,0.020,0.50,,photo
ss_pair_68816f5811ba_00000_partial_ss.npz,ss,68816f584f9a95b1e536fa1f,same_source,partial,none,202.1,11.33,157.83,1.196,1870,0.809,0.8381,,,3059991,g0488,1,,c0065,heldout,exact,0.020,0.50,,pan
ss_pair_66548ad71a8f_00000_inside_ss_a.npz,ss,66548ad749dd860001fae239,same_source,inside,pseudo_autumn,292.1,4.32,1.31,0.913,1357,1.0,0.999,,,3033562,g0442,1,,c0031,train,exact,0.020,0.50,,photo
ss_pair_5eb5cf689397_00000_partial_ss.npz,ss,5eb5cf68ba92740006ad67ae,same_source,partial,none,178.9,19.0,186.59,1.052,1434,0.6806,0.7978,,,2502630,g0164,1,,c0007,val,exact,0.020,0.50,,photo
ss_pair_66d536d6b683_00000_inside_ss.npz,ss,66d536d611a1ae0001f7b098,same_source,inside,none,207.6,9.96,37.99,0.887,1433,1.0,0.9985,,,2479920,g0450,1,,c0206,train,exact,0.020,0.50,,photo
