name,статус,причина,пар_ss,пар_base,пар_xdate,пар_карантин,вердикт_аудита,km2,res,bands,crs,lon,lat
00bd8daf-9c6d-430e-9a99-88f47e67875c,использован частично,подложка: узлов привязки 1 меньше 5,2,0,0,0,,1.271,0.0674,3,EPSG:32635,,
01ba2997-b6c2-4adc-abf6-a3d60437a502,не годен по паспорту,неметрический CRS: единицы сетки не метры,0,0,0,0,,0.0,0.0,3,EPSG:4326,,
094a605d-ce73-491c-b093-da4a3426bbf8,использован полностью,,2,4,0,0,разметка подтверждена,1.584,0.0301,3,EPSG:32618,,
0f2e9280-1857-46a2-8279-9a91b5b2a845,использован полностью,,6,12,0,0,разметка подтверждена,2.147,0.0663,3,EPSG:32635,,
0f45880a-9739-4a72-87a7-b39f5c186e02,использован полностью,,9,7,0,11,разметка подтверждена,3.739,0.0964,3,EPSG:32637,,
1194d475-57a1-4632-af51-5532bea8765a,не годен по паспорту,неметрический CRS: единицы сетки не метры,0,0,0,0,,0.0,0.0,3,EPSG:4326,,
16346c8c-58c9-446d-8cb7-973fd80e7abd,не годен по паспорту,неметрический CRS: единицы сетки не метры,0,0,0,0,,0.0,0.0,3,EPSG:4326,,
17f334f3-d9f7-4336-a53c-149d72dd5ef6,использован полностью,,6,1,0,11,привязка сдвинута,3.036,0.0617,3,EPSG:32635,,
1b55f538-42b6-45b8-9e7e-7dfdf4f45e24,не годен по паспорту,неметрический CRS: единицы сетки не метры,0,0,0,0,,0.0,0.0,3,EPSG:4326,,
1ddb5b50-d628-4a43-94bb-10e2fb0974ba,использован частично,подложка: узлов привязки 1 меньше 5,2,0,0,0,проверено частично,0.967,0.0659,3,EPSG:32635,,
1ebb17eb-3841-4d65-9318-9d09aeef7429,использован частично,подложка: узлов привязки 2 меньше 5,2,0,0,0,,1.112,0.05,3,EPSG:3857,,
1f57784f-f213-44ed-8306-f898b8303c3b,не годен по паспорту,площадь 0.06 км² меньше 0.5,0,0,0,0,,0.061,0.02,3,EPSG:3857,,
224a3085-055f-40d6-be72-5f1e15d24011,не годен по паспорту,неметрический CRS: единицы сетки не метры,0,0,0,0,,0.0,0.0,3,EPSG:4326,,
2855c743-cefc-4579-9d5e-ee9573bbf33c,не годен по паспорту,неметрический CRS: единицы сетки не метры,0,0,0,0,,0.0,0.0,3,EPSG:4326,,
2c52ca77-e8fe-4678-9594-95110953e2eb,использован полностью,,7,12,0,0,разметка подтверждена,6.227,0.0698,3,EPSG:32635,,
2e669ee7-3dc6-4e8c-812b-1d491bdd099a,использован полностью,,5,10,0,0,разметка подтверждена,2.874,0.0697,3,EPSG:32635,,
308b3946-98c2-46e0-9e4b-93ba9ad7019a,не годен по паспорту,неметрический CRS: единицы сетки не метры,0,0,0,0,,0.0,0.0,3,EPSG:4326,,
34c0f34d-2d19-429f-a32c-f38ad637d805,использован полностью,,5,10,0,0,разметка подтверждена,2.861,0.0308,3,EPSG:32616,,
3e09b164-73b2-4ddc-967c-b5688934307a,использован частично,подложка: узлов привязки 1 меньше 5,2,0,0,0,,1.055,0.06,3,"PROJCS[""unnamed"",GEOGCS[""unnamed ellipse"",DATUM[""unknown"",SPHEROID[""unnamed"",6378137,0]],PRIMEM[""Greenwich"",0],UNIT[""degree"",0.0174532925199433,AUTHORITY[""EPSG"",""9122""]]],PROJECTION[""Mercator_2SP""],PARAMETER[""standard_parallel_1"",0],PARAMETER[""central_meridian"",0],PARAMETER[""false_easting"",0],PARAMETER[""false_northing"",0],UNIT[""metre"",1,AUTHORITY[""EPSG"",""9001""]],AXIS[""Easting"",EAST],AXIS[""Northing"",NORTH]]",,
40e1a7dd-7f1b-42ef-ab98-3907670782d9,использован частично,подложка: узлов привязки 3 меньше 5,4,0,0,0,,1.568,0.0873,3,EPSG:32635,,
4194d913-2db3-428e-8c1f-cd0954c73c74,не годен по паспорту,неметрический CRS: единицы сетки не метры,0,0,0,0,,0.0,0.0,3,EPSG:4326,,
4543a14c-2c46-4eb8-9769-01890133c064,не годен по паспорту,неметрический CRS: единицы сетки не метры,0,0,0,0,,0.0,0.0,3,EPSG:4326,,
459114e1-50df-4866-ba4c-082a68ddc26c,не годен по паспорту,неметрический CRS: единицы сетки не метры,0,0,0,0,,0.0,0.0,3,EPSG:4326,,
5097fd96-0000-470d-9761-0e8ac89eb82c,использован полностью,,3,6,0,0,разметка подтверждена,1.384,0.031,3,EPSG:32619,,
5416713a-f8a2-4f7b-83ef-55443904041a,не годен по паспорту,неметрический CRS: единицы сетки не метры,0,0,0,0,,0.0,0.0,3,EPSG:4326,,
54a58887-1e69-47fc-9d94-3cb58f500101,не годен по паспорту,неметрический CRS: единицы сетки не метры,0,0,0,0,,0.0,0.0,3,EPSG:4326,,
578529b92b67227a79b4fbff,не годен по паспорту,разрешение 0.15 м/пкс грубее 0.1,0,0,0,0,,79.943,0.1524,3,EPSG:26911,,
587ffba8-bf97-4f31-807e-d223dcc1fdba,использован частично,подложка: узлов привязки 1 меньше 5,5,0,0,0,,2.445,0.05,3,EPSG:3857,,
5abae68e65bd8f00110f3e43,не годен по паспорту,неметрический CRS: единицы сетки не метры,0,0,0,0,,0.0,0.0,3,EPSG:4326,,
5acf156291b5310010e0d4e6,не годен по паспорту,неметрический CRS: единицы сетки не метры,0,0,0,0,,0.0,0.0,3,EPSG:4326,,
5ad7a59991b5310010e0d54c,использован полностью,,4,8,0,0,разметка подтверждена,2.498,0.05,3,EPSG:3857,,
5ad7a59991b5310010e0d54d,использован частично,подложка: узлов привязки 2 меньше 5,2,0,0,0,,0.913,0.0373,3,EPSG:3857,,
5ad9a5f491b5310010e0d562,использован полностью,,4,8,0,0,разметка подтверждена,3.159,0.05,3,EPSG:3857,,
5af5e4652b6a08001185f095,не годен по паспорту,неметрический CRS: единицы сетки не метры,0,0,0,0,,0.0,0.0,3,EPSG:4326,,
5af5f1792b6a08001185f0a0,не годен по паспорту,неметрический CRS: единицы сетки не метры,0,0,0,0,,0.0,0.0,3,EPSG:4326,,
5af632b02b6a08001185f0a8,не годен по паспорту,неметрический CRS: единицы сетки не метры,0,0,0,0,,0.0,0.0,3,EPSG:4326,,
5af6420c2b6a08001185f0ac,не годен по паспорту,неметрический CRS: единицы сетки не метры,0,0,0,0,,0.0,0.0,3,EPSG:4326,,
5af788b82b6a08001185f0b7,не годен по паспорту,неметрический CRS: единицы сетки не метры,0,0,0,0,,0.0,0.0,3,EPSG:4326,,
5af870e62b6a08001185f0bb,не годен по паспорту,неметрический CRS: единицы сетки не метры,0,0,0,0,,0.0,0.0,3,EPSG:4326,,
5af9fd2e2b6a08001185f0c8,не годен по паспорту,неметрический CRS: единицы сетки не метры,0,0,0,0,,0.0,0.0,3,EPSG:4326,,
5afcadc12b6a08001185f0f2,не годен по паспорту,неметрический CRS: единицы сетки не метры,0,0,0,0,,0.0,0.0,3,EPSG:4326,,
5b035c282b6a08001185f16c,не годен по паспорту,неметрический CRS: единицы сетки не метры,0,0,0,0,,0.0,0.0,3,EPSG:4326,,
5b0526dd2b6a08001185f183,не годен по паспорту,неметрический CRS: единицы сетки не метры,0,0,0,0,,0.0,0.0,3,EPSG:4326,,
5b09c76c2b6a08001185f19c,не годен по паспорту,неметрический CRS: единицы сетки не метры,0,0,0,0,,0.0,0.0,3,EPSG:4326,,
5b13f93b2b6a08001185f4fb,не годен по паспорту,неметрический CRS: единицы сетки не метры,0,0,0,0,,0.0,0.0,3,EPSG:4326,,
5b1effcb2b6a08001185f7c4,не годен по паспорту,неметрический CRS: единицы сетки не метры,0,0,0,0,,0.0,0.0,3,EPSG:4326,,
5b204ddd2b6a08001185f7de,использован полностью,,1,2,0,0,разметка подтверждена,1.521,0.0578,3,EPSG:32636,,
5b2059672b6a08001185f7e1,использован полностью,,6,12,0,0,разметка подтверждена,3.077,0.0583,3,EPSG:32636,,
5b26ced52b6a08001185f81d,не годен по паспорту,неметрический CRS: единицы сетки не метры,0,0,0,0,,0.0,0.0,3,EPSG:4326,,
5b2790b72b6a08001185f822,использован полностью,,6,12,0,0,разметка подтверждена,2.06,0.0849,3,EPSG:32636,,
5b36000e2b6a08001185f8be,не годен по паспорту,неметрический CRS: единицы сетки не метры,0,0,0,0,,0.0,0.0,3,EPSG:4326,9.084905,48.47276
5b37b8c02b6a08001185f8f9,не годен по паспорту,неметрический CRS: единицы сетки не метры,0,0,0,0,,0.0,0.0,3,EPSG:4326,9.069298,48.520858
5b39bd692b6a08001185f908,не годен по паспорту,площадь 0.03 км² меньше 0.5,0,0,0,0,,0.034,0.0096,3,EPSG:32632,8.753512,47.49017
5b41f0722b6a08001185f93f,использован полностью,,7,12,0,0,разметка подтверждена,3.225,0.0672,3,EPSG:32636,,
5b437bcc2b6a08001185f94d,не годен по паспорту,неметрический CRS: единицы сетки не метры,0,0,0,0,,0.0,0.0,3,EPSG:4326,9.177707,48.591496
5b446e1c2b6a08001185f970,использован полностью,,6,13,0,11,разметка подтверждена,2.055,0.0803,3,EPSG:32636,,
5b474f8c2b6a08001185f98a,использован полностью,,4,1,0,7,привязка сдвинута,1.526,0.0809,3,EPSG:32636,,
5b4fd1b84bda9e836eedbd8a,использован полностью,,4,8,0,0,разметка подтверждена,1.698,0.0809,3,EPSG:32636,,
5b4fd1b84bda9e836eedbd8a(1),использован полностью,,4,8,0,0,разметка подтверждена,1.698,0.0809,3,EPSG:32636,,
5b525ffc4bda9e312aedbdaa,использован полностью,,3,6,0,0,разметка подтверждена,2.022,0.0518,3,EPSG:32636,,
5b5bb4eb09f9ef9c53bb99f2,использован полностью,,4,8,0,0,разметка подтверждена,2.043,0.0661,3,EPSG:32636,,
5b603580c6768a08545216f6,использован полностью,,6,12,0,0,разметка подтверждена,1.996,0.0827,3,EPSG:32636,,
5b62344acd6b8530f2171b71,использован полностью,,5,10,0,0,разметка подтверждена,1.689,0.0528,3,EPSG:32636,,
5b70436b91cf641d09eeacbd,использован полностью,,3,6,0,0,разметка подтверждена,2.839,0.0762,3,EPSG:32635,,
5b74101c71196445b263bd7d,использован полностью,,7,12,0,0,разметка подтверждена,2.839,0.0808,3,EPSG:32636,,
5b773d856175251e6a5dac70,использован полностью,,6,7,0,11,разметка подтверждена,2.895,0.0832,3,EPSG:32636,,
5b78f99705203f6dbb94d91b,использован полностью,,2,4,0,0,разметка подтверждена,0.807,0.05,3,EPSG:32637,,
5b794c3769e53f7a40915180,использован полностью,,5,10,0,0,разметка подтверждена,2.282,0.0835,3,EPSG:32636,,
5b81522d7343a9d386347d12,использован частично,подложка: 4 пар забраковано аудитом (привязка сдвинута),2,0,0,4,привязка сдвинута,1.218,0.0821,3,EPSG:32636,,
5b8321897343a9fb84347d2c,использован полностью,,5,10,0,0,разметка подтверждена,1.843,0.0822,3,EPSG:32636,,
5b8a62a03c07e100077c4871,не годен по паспорту,неметрический CRS: единицы сетки не метры,0,0,0,0,,0.0,0.0,3,EPSG:4326,9.069702,48.526162
5b8a76bc3c07e100077c4876,не годен по паспорту,неметрический CRS: единицы сетки не метры,0,0,0,0,,0.0,0.0,3,EPSG:4326,9.040254,48.525192
5b8a81e53c07e100077c487a,не годен по паспорту,неметрический CRS: единицы сетки не метры,0,0,0,0,,0.0,0.0,3,EPSG:4326,9.040638,48.514652
5b902ae08752bd000830171c,использован полностью,,11,12,0,0,разметка подтверждена,3.532,0.0746,3,EPSG:3857,,
5b904b90c96cd00005f7cb2c,использован полностью,,15,12,0,0,проверено частично,4.417,0.0746,3,EPSG:3857,,
5b913858a0d7280005fab362,использован полностью,,14,5,0,11,разметка подтверждена,9.662,0.1,3,EPSG:3857,,
5b9187e3c4be300007b23c60,не годен по паспорту,неметрический CRS: единицы сетки не метры,0,0,0,0,,0.0,0.0,3,EPSG:4326,135.316383,34.706542
5b919659c4be300007b23c63,использован полностью,,11,1,0,11,привязка сдвинута,5.039,0.0746,3,EPSG:3857,,
5b919b3ec4be300007b23c67,использован полностью,,15,12,0,0,разметка подтверждена,7.099,0.0746,3,EPSG:3857,,
5b91c08fc4be300007b23c6d,не годен по паспорту,разрешение 0.13 м/пкс грубее 0.1,0,0,0,0,,10.601,0.1262,3,EPSG:3857,,
5b91cc2bc4be300007b23c71,использован полностью,,6,12,0,0,разметка подтверждена,2.101,0.0816,3,EPSG:32636,,
5b92d009a8395c000594b297,использован полностью,,15,12,0,0,разметка подтверждена,6.836,0.1,3,EPSG:3857,,
5b930a66a8395c000594b29b,использован полностью,,15,12,0,0,проверено частично,5.609,0.0746,3,EPSG:3857,,
5b93acd5c07f560005bb7379,использован частично,подложка: узлов привязки 2 меньше 5,12,0,0,0,,4.697,0.0746,3,EPSG:3857,,
5b95464b57a6ea0006076e99,использован полностью,,15,12,0,0,разметка подтверждена,7.132,0.1,3,EPSG:3857,,
5b95541857a6ea0006076e9e,использован полностью,,15,1,0,11,привязка сдвинута,9.808,0.1,3,EPSG:3857,,
5b959bb96a771000075b1d9b,не годен по паспорту,площадь 0.02 км² меньше 0.5,0,0,0,0,,0.017,0.0167,3,EPSG:32619,,
5b99f9d53d79420007c327a2,использован полностью,,15,12,0,0,разметка подтверждена,6.763,0.0605,3,EPSG:32635,,
5b9aed8be4a40e0007176faf,использован полностью,,5,10,0,0,разметка подтверждена,2.07,0.0843,3,EPSG:32636,,
5b9c42aa027d99000615b26b,использован полностью,,4,8,0,0,разметка подтверждена,1.604,0.0591,3,EPSG:32635,,
5b9d2ae9e7efd0000898542e,не годен по паспорту,неметрический CRS: единицы сетки не метры,0,0,0,0,,0.0,0.0,3,EPSG:4326,25.636097,42.420416
5b9e28b0e7efd0000898543d,не годен по паспорту,неметрический CRS: единицы сетки не метры,0,0,0,0,,0.0,0.0,3,EPSG:4326,,
5b9edfb6e7efd00008985454,использован полностью,,5,3,0,9,разметка подтверждена,2.91,0.0815,3,EPSG:32636,,
5ba2d678a7627100062e451f,использован полностью,,1,2,0,0,разметка подтверждена,2.792,0.0347,3,EPSG:32637,,
5ba3b08a15f7f7000547a300,использован полностью,,1,2,0,0,разметка подтверждена,0.522,0.05,3,EPSG:32611,,
5ba52d4de28fc60007fe40e5,использован полностью,,6,12,0,0,разметка подтверждена,2.271,0.0797,3,EPSG:32636,,
5ba7587f90b744000796bc6b,использован частично,подложка: узлов привязки 1 меньше 5,1,0,0,0,без структуры,1.333,0.0373,3,EPSG:3857,,
5baea3d539d64d0005437531,использован полностью,,9,12,0,0,разметка подтверждена,4.359,0.0946,3,EPSG:32637,,
5baf3d6ea28dc0000543f05e,использован полностью,,4,8,0,0,разметка подтверждена,2.312,0.0818,3,EPSG:32636,,
5bb0b6f7a28dc0000543f084,использован полностью,,5,10,0,0,разметка подтверждена,2.065,0.0435,3,EPSG:32636,,
5bb1422a7e1a410005fd2ec1,использован частично,подложка: узлов привязки 3 меньше 5,2,0,0,0,,1.311,0.0432,3,EPSG:3857,,
5bb146e67e1a410005fd2ec5,использован полностью,,2,4,0,0,разметка подтверждена,1.072,0.0373,3,EPSG:3857,,
5bba1a619ed15b0006d24f3a,не годен по паспорту,неметрический CRS: единицы сетки не метры,0,0,0,0,,0.0,0.0,3,EPSG:4326,,
5bbe1ddc0ab77f0005240dc3,использован полностью,,5,10,0,0,разметка подтверждена,2.172,0.0437,3,EPSG:32636,,
5bbe661afb2814000612341d,использован полностью,,4,8,0,0,разметка подтверждена,2.148,0.0737,3,EPSG:32637,,
5bbe6dfdfb28140006123420,использован полностью,,5,10,0,0,разметка подтверждена,2.893,0.0684,3,EPSG:32637,,
5bc09c3ac7e1cf0008e45e1b,не использован,привязка: узлов привязки 2 меньше 5,0,0,0,0,,0.559,0.0373,3,EPSG:3857,,
5bc117f6c7e1cf0008e45e24,использован полностью,,8,12,0,0,разметка подтверждена,4.453,0.0616,3,EPSG:32637,,
5bc12434c7e1cf0008e45e27,использован полностью,,7,12,0,0,разметка подтверждена,3.172,0.045,3,EPSG:32636,,
5bc25bf622dbfe0005b0ba16,не годен по паспорту,неметрический CRS: единицы сетки не метры,0,0,0,0,,0.0,0.0,3,EPSG:4326,,
5bc3234e408eba0008a5dd74,использован полностью,,6,1,0,11,привязка сдвинута,2.049,0.0559,3,EPSG:32636,,
5bc701b34d3b1b00050eeebc,использован полностью,,5,10,0,0,разметка подтверждена,2.458,0.0573,3,EPSG:32635,,
5bc73fc34d3b1b00050eeec1,не годен по паспорту,площадь 0.29 км² меньше 0.5,0,0,0,0,,0.291,0.0919,3,EPSG:32631,,
5bcef090b9e5f20005f7da52,использован полностью,,5,10,0,0,разметка подтверждена,2.705,0.0581,3,EPSG:32636,,
5bd17860007b56000739580a,использован полностью,,8,12,0,0,разметка подтверждена,3.234,0.0566,3,EPSG:32635,,
5bd178f5007b56000739580c,использован полностью,,7,12,0,0,разметка подтверждена,3.311,0.0574,3,EPSG:32635,,
5bd71b0f40de3f0005f21520,использован полностью,,6,12,0,0,разметка подтверждена,2.668,0.0539,3,EPSG:32635,,
5bd7743b40de3f0005f2152c,использован полностью,,7,12,0,0,разметка подтверждена,2.967,0.0557,3,EPSG:32635,,
5bdf80ef430b4d000569fa17,использован полностью,,4,5,0,7,разметка подтверждена,1.814,0.0551,3,EPSG:32636,,
5be158eb430b4d000569fa2c,использован полностью,,5,10,0,0,разметка подтверждена,1.945,0.0581,3,EPSG:32636,,
5bfc5db81c3b5c00053c54a9,использован полностью,,3,4,0,6,разметка подтверждена,1.2,0.0455,3,EPSG:32636,,
5bfd016cd000e50005adbbbb,использован полностью,,6,12,0,0,разметка подтверждена,2.604,0.0556,3,EPSG:32636,,
5c040c0aba373f00057c8191,использован полностью,,5,10,0,0,разметка подтверждена,1.934,0.0449,3,EPSG:32635,,
5c27e401e30a0600058cb86c,не годен по паспорту,площадь 0.15 км² меньше 0.5,0,0,0,0,,0.15,0.025,3,EPSG:32636,33.980847,36.518686
5c2b849d56c6c70005867c58,не годен по паспорту,площадь 0.06 км² меньше 0.5,0,0,0,0,,0.06,0.025,3,EPSG:32636,33.967468,36.517012
5c2bc3b34161e6000708b70c,не годен по паспорту,площадь 0.11 км² меньше 0.5,0,0,0,0,,0.111,0.05,3,EPSG:32636,33.871637,36.624534
5c39fe198f7d5b0005f524ba,не годен по паспорту,неметрический CRS: единицы сетки не метры,0,0,0,0,,0.0,0.0,3,EPSG:4326,,
5c450aa780fb36000543e2e6,использован полностью,,7,12,0,0,разметка подтверждена,3.177,0.0564,3,EPSG:32636,,
5c48908c9713e40005fd4010,использован полностью,,5,10,0,0,разметка подтверждена,2.761,0.0564,3,EPSG:32636,,
5c4ae075201b5a0007147677,использован полностью,,5,10,0,0,разметка подтверждена,2.24,0.0572,3,EPSG:32636,,
5c4b46f820749e000765314f,использован частично,подложка: узлов привязки 2 меньше 5,3,0,0,0,,1.272,0.0453,3,EPSG:32636,,
5c4dba61928b840005eb731b,использован полностью,,6,1,0,11,привязка сдвинута,2.761,0.0765,3,EPSG:32636,,
5c6338d5fe00fa0005271ba6,не годен по паспорту,площадь 0.12 км² меньше 0.5,0,0,0,0,,0.117,0.05,3,EPSG:32612,-108.388944,39.104242
5c8cad6ea8ac330005a58b27,не годен по паспорту,площадь 0.47 км² меньше 0.5,0,0,0,0,,0.465,0.05,3,EPSG:32611,,
5ca3fd06e5635f000690af71,использован полностью,,4,8,0,0,разметка подтверждена,1.58,0.0535,3,EPSG:32636,,
5ca8677f869304000746b494,использован полностью,,4,8,0,0,разметка подтверждена,1.396,0.0556,3,EPSG:32636,,
5cb236a44df819000693e2fe,не годен по паспорту,разрешение 0.15 м/пкс грубее 0.1,0,0,0,0,,4.89,0.1493,3,EPSG:3857,,
5cb4e0545d03300007c3aa45,не годен по паспорту,неметрический CRS: единицы сетки не метры,0,0,0,0,,0.0,0.0,3,EPSG:4326,33.575253,44.510728
5cb6fee086413a0005372de9,использован частично,подложка: 6 пар забраковано аудитом (привязка сдвинута),3,0,0,6,привязка сдвинута,1.554,0.0545,3,EPSG:32636,,
5cb7028a86413a0005372dec,использован полностью,,7,1,0,11,проверено частично,2.499,0.058,3,EPSG:32636,,
5cb7cc3d86413a0005372e03,использован полностью,,4,8,0,0,разметка подтверждена,1.523,0.0559,3,EPSG:32636,,
5cb7cd8586413a0005372e06,использован полностью,,4,1,0,7,проверено частично,1.576,0.0553,3,EPSG:32636,,
5cb8e55586413a0005372e1b,использован полностью,,6,1,0,11,привязка сдвинута,1.612,0.0556,3,EPSG:32636,,
5cbb021201b3800006f2abfd,использован полностью,,7,3,0,9,привязка сдвинута,3.484,0.0551,3,EPSG:32636,,
5cbccbadd951f000055fdf5c,использован полностью,,6,12,0,0,разметка подтверждена,2.148,0.0539,3,EPSG:32636,,
5cbcd190d951f000055fdf5f,не годен по паспорту,площадь 0.38 км² меньше 0.5,0,0,0,0,,0.384,0.05,1,EPSG:32719,-68.101277,-16.516553
5cbe7fcc65a4c9000693daa4,не использован,привязка: привязка не построена: нет валидных узлов,0,0,0,0,,0.604,0.04,1,EPSG:32719,-68.050392,-16.521721
5cc304ff3dc94a00069404ff,не годен по паспорту,площадь 0.04 км² меньше 0.5,0,0,0,0,,0.043,0.025,1,EPSG:32719,-68.127337,-16.503775
5cc4f6c69c4e1700060da680,использован полностью,,8,12,0,0,разметка подтверждена,3.353,0.0689,3,EPSG:32635,,
5cc5d2ae9c4e1700060da68c,использован полностью,,6,7,0,11,разметка подтверждена,2.711,0.0696,3,EPSG:32635,,
5cc63bc726826f0006a7ce35,не годен по паспорту,площадь 0.26 км² меньше 0.5,0,0,0,0,,0.261,0.05,1,EPSG:32719,-68.191125,-16.567791
5cc6432f26826f0006a7ce38,не годен по паспорту,площадь 0.29 км² меньше 0.5,0,0,0,0,,0.286,0.05,1,EPSG:32719,-68.10481,-16.536916
5cd99a5a1987090005cd5cbf,использован частично,подложка: привязка не построена: нет валидных узлов,1,0,0,0,,0.643,0.05,1,EPSG:32719,-68.121958,-16.519822
5cdcd3916e10670005c59964,не годен по паспорту,неметрический CRS: единицы сетки не метры,0,0,0,0,,0.0,0.0,3,EPSG:4326,139.927356,35.325288
5cdd4e216e10670005c59968,не годен по паспорту,неметрический CRS: единицы сетки не метры,0,0,0,0,,0.0,0.0,3,EPSG:4326,139.877677,35.32876
5cdf169e9c60a60005f36241,не годен по паспорту,неметрический CRS: единицы сетки не метры,0,0,0,0,,0.0,0.0,3,EPSG:4326,,
5cec32974eaca00005a57243,использован частично,подложка: привязка не построена: нет валидных узлов,1,0,0,0,,0.648,0.05,1,EPSG:32719,-68.12207,-16.519821
5cf68247c25f7e00059bac7c,не годен по паспорту,площадь 0.18 км² меньше 0.5,0,0,0,0,,0.182,0.03,1,EPSG:32719,-68.027751,-16.541956
5d0001ba646468000608c530,не годен по паспорту,неметрический CRS: единицы сетки не метры,0,0,0,0,,0.0,0.0,3,EPSG:4326,139.102602,35.990827
5d1745f91d75e300053385e7,использован полностью,,6,12,0,0,разметка подтверждена,1.545,0.0537,3,EPSG:32636,,
5d1d475093e1130005fc0ec8,использован частично,подложка: узлов привязки 4 меньше 5,1,0,0,0,,0.646,0.0791,3,EPSG:32755,149.807051,-25.652149
5d1eeab35407730005b812e5,не годен по паспорту,площадь 0.04 км² меньше 0.5,0,0,0,0,,0.042,0.05,3,EPSG:32645,85.222768,27.709647
5d20980c3895730005dc0e91,не годен по паспорту,площадь 0.14 км² меньше 0.5,0,0,0,0,,0.138,0.05,3,EPSG:32632,6.69247,46.504122
5d260fa9161a790005c03e73,не годен по паспорту,неметрический CRS: единицы сетки не метры,0,0,0,0,,0.0,0.0,3,EPSG:4326,,
5d269f57161a790005c03e87,не годен по паспорту,площадь 0.37 км² меньше 0.5,0,0,0,0,,0.367,0.0243,3,EPSG:32618,,
5d365839af28dd00055963f0,не годен по паспорту,площадь 0.16 км² меньше 0.5,0,0,0,0,,0.157,0.05,3,EPSG:32611,,
5d38563ba93b8e000752d2ce,не годен по паспорту,площадь 0.05 км² меньше 0.5,0,0,0,0,,0.048,0.02,1,EPSG:32719,-68.11105,-16.483903
5d38ecc4a93b8e000752d2d5,не годен по паспорту,площадь 0.14 км² меньше 0.5,0,0,0,0,,0.138,0.04,1,EPSG:32719,-68.270711,-15.318307
5d3f4453db56bc0007420e23,использован частично,подложка: привязка не построена: нет валидных узлов,2,0,0,0,,1.584,0.025,1,EPSG:32719,-68.208475,-15.303569
5d53211227b32f0007cd8aaa,использован частично,подложка: привязка не построена: нет валидных узлов,4,0,0,0,,2.725,0.05,1,EPSG:32719,-68.208238,-15.303215
5d58a6fe2da0670007a57e4b,использован частично,подложка: узлов привязки 4 меньше 5,4,0,0,0,,1.829,0.05,1,EPSG:32719,-68.874252,-15.496545
5d5c609085ad050005665bb2(1),не годен по паспорту,площадь 0.24 км² меньше 0.5,0,0,0,0,,0.237,0.0283,3,EPSG:32639,,
5d5d6b0e71f7ef0005c1b449,не годен по паспорту,площадь 0.20 км² меньше 0.5,0,0,0,0,,0.199,0.0293,3,EPSG:32639,,
5d5ee0ac1d3eab00054f8e68,не годен по паспорту,площадь 0.33 км² меньше 0.5,0,0,0,0,,0.326,0.0563,3,EPSG:32639,,
5d629d301b36840007184205,не годен по паспорту,площадь 0.36 км² меньше 0.5,0,0,0,0,,0.361,0.0516,3,EPSG:32639,,
5d692dbd2103c90007707f95,использован полностью,,5,10,0,0,разметка подтверждена,1.934,0.0468,3,EPSG:32636,,
5d6936a72103c90007707f98,использован полностью,,5,10,0,0,разметка подтверждена,2.127,0.0461,3,EPSG:32636,,
5d891dd7c54930000548a7ae,использован полностью,,4,8,0,0,разметка подтверждена,2.14,0.0444,3,EPSG:32636,,
5d897e44c54930000548a7bc,использован полностью,,6,12,0,0,разметка подтверждена,2.185,0.0436,3,EPSG:32636,,
5d8cab77abcfaa0008b1d26a,использован частично,подложка: узлов привязки 1 меньше 5,1,0,0,0,,0.541,0.05,3,EPSG:32634,23.357549,42.647098
5d8fd6ebd014d80007e40198,использован частично,подложка: узлов привязки 1 меньше 5,5,0,0,0,,1.738,0.04,1,EPSG:32719,-68.126589,-16.556853
5d921b3213724400065da23e,не использован,привязка: привязка не построена: нет валидных узлов,0,0,0,0,,0.544,0.04,1,EPSG:32719,-68.122647,-16.519416
5d9a7d160ca8d70007c491e5,использован полностью,,2,4,0,0,разметка подтверждена,1.403,0.0545,3,EPSG:32636,,
5da4cbf1cac1190007698b13,не годен по паспорту,площадь 0.26 км² меньше 0.5,0,0,0,0,,0.255,0.03,1,EPSG:32719,-68.128251,-16.499733
5da609ff8ef1d60006d994ad,не годен по паспорту,площадь 0.24 км² меньше 0.5,0,0,0,0,,0.239,0.0322,3,EPSG:32654,139.236363,35.593989
5dae8f8573c69f000530ee70,использован частично,подложка: 12 пар забраковано аудитом (привязка сдвинута),12,0,0,12,привязка сдвинута,11.215,0.0421,3,EPSG:32654,139.556573,35.637513
5dae8ffe73c69f000530ee73,использован полностью,,13,10,0,0,разметка подтверждена,7.416,0.0484,3,EPSG:32654,139.30035,35.612496
5dc57a34cb6ed30006f659da,не годен по паспорту,площадь 0.02 км² меньше 0.5,0,0,0,0,,0.019,0.02,3,EPSG:32614,-97.577603,35.339505
5dd59e574cae450005374d42,не годен по паспорту,площадь 0.26 км² меньше 0.5,0,0,0,0,,0.261,0.05,3,EPSG:32617,,
5dd5a1774cae450005374d46,не годен по паспорту,площадь 0.34 км² меньше 0.5,0,0,0,0,,0.337,0.05,3,EPSG:32615,-92.309096,38.942402
5ddb9e3baff195000554e7e6,использован полностью,,7,12,0,0,разметка подтверждена,2.642,0.0523,3,EPSG:32636,,
5ddc9e4f2ff048000542ad3f,не годен по паспорту,площадь 0.27 км² меньше 0.5,0,0,0,0,,0.273,0.05,3,EPSG:32615,-92.312574,38.941105
5ddf09ac0140b80006d2e56a,не годен по паспорту,площадь 0.31 км² меньше 0.5,0,0,0,0,,0.314,0.0649,3,EPSG:32617,,
5ddf372b0140b80006d2e57d,использован полностью,,2,4,0,0,разметка подтверждена,0.807,0.0549,3,EPSG:32617,,
5ddfc4760c04590006d33590,использован полностью,,3,6,0,0,разметка подтверждена,2.32,0.0668,3,EPSG:32617,,
5de444f1a9ab930007f2bca5,использован полностью,,1,2,0,0,разметка подтверждена,0.537,0.0607,3,EPSG:32756,151.215772,-23.997525
5de47a4ba9ab930007f2bcad,не годен по паспорту,площадь 0.09 км² меньше 0.5,0,0,0,0,,0.094,0.02,3,EPSG:32646,92.72293,56.055415
5de55a0ab3b5ce0006c2d95f,использован частично,подложка: привязка не построена: нет валидных узлов,2,0,0,0,,0.514,0.0656,3,EPSG:32617,,
5de5cc3bb3b5ce0006c2d98c,не годен по паспорту,площадь 0.37 км² меньше 0.5,0,0,0,0,,0.373,0.0683,3,EPSG:32617,,
5de80b1b2290870005e5999b,не годен по паспорту,площадь 0.27 км² меньше 0.5,0,0,0,0,,0.266,0.05,3,EPSG:32617,,
5de80d992290870005e599aa,не годен по паспорту,площадь 0.14 км² меньше 0.5,0,0,0,0,,0.142,0.0688,3,EPSG:32617,,
5de80e4f2290870005e599b2,использован частично,подложка: узлов привязки 2 меньше 5,2,0,0,0,,0.505,0.0524,3,EPSG:32617,,
5de80e8f2290870005e599bb,не годен по паспорту,площадь 0.32 км² меньше 0.5,0,0,0,0,,0.321,0.05,3,EPSG:32617,,
5de877c5b332ff0007897510,не годен по паспорту,площадь 0.11 км² меньше 0.5,0,0,0,0,,0.109,0.05,3,EPSG:32617,,
5de878f3b332ff0007897519,не годен по паспорту,площадь 0.26 км² меньше 0.5,0,0,0,0,,0.257,0.0609,3,EPSG:32617,,
5de9c912467d290007831521,использован частично,подложка: привязка не построена: нет валидных узлов,2,0,0,0,,0.515,0.05,3,EPSG:32617,,
5dec5913467d29000783154d,использован полностью,,9,12,0,0,разметка подтверждена,5.412,0.0307,3,EPSG:2448,135.540456,34.987034
5deea3c69c3b1700059a3599,не годен по паспорту,площадь 0.10 км² меньше 0.5,0,0,0,0,,0.099,0.05,3,EPSG:32615,-92.310729,38.940589
5df2b70047496b0006bc0d1d,не годен по паспорту,неметрический CRS: единицы сетки не метры,0,0,0,0,,0.0,0.0,3,EPSG:4326,139.865701,35.064962
5df3654047496b0006bc0d2a,не годен по паспорту,неметрический CRS: единицы сетки не метры,0,0,0,0,,0.0,0.0,3,EPSG:4326,139.83227,35.06856
5df3861e47496b0006bc0d31,не годен по паспорту,площадь 0.14 км² меньше 0.5,0,0,0,0,,0.14,0.0199,3,EPSG:32654,139.349182,35.493957
5df3b00047496b0006bc0d39,не годен по паспорту,площадь 0.40 км² меньше 0.5,0,0,0,0,,0.402,0.0402,3,EPSG:32654,139.313852,35.525283
5df84927a8b3c40005179429,не годен по паспорту,площадь 0.09 км² меньше 0.5,0,0,0,0,,0.093,0.02,3,EPSG:32654,140.50779,35.822485
5dfe4c8236e6f100051e42b9,не годен по паспорту,разрешение 0.15 м/пкс грубее 0.1,0,0,0,0,,1.186,0.1493,3,EPSG:3857,,
5e068ec505e6590005c2f719,использован полностью,,2,4,0,0,проверено частично,1.008,0.0746,3,EPSG:3857,,
5e0b87c7559be6000630f400,не годен по паспорту,разрешение 0.15 м/пкс грубее 0.1,0,0,0,0,,0.873,0.1493,3,EPSG:3857,,
5e1193505f5069000738f169,не годен по паспорту,площадь 0.27 км² меньше 0.5,0,0,0,0,,0.268,0.0423,3,EPSG:32636,,
5e19c55a65ec69000710b458,не годен по паспорту,площадь 0.06 км² меньше 0.5,0,0,0,0,,0.064,0.0127,3,EPSG:32636,32.038175,46.944263
5e1d7f15835ed6000603f489,использован частично,подложка: 6 пар забраковано аудитом (привязка сдвинута),3,0,0,6,привязка сдвинута,1.416,0.0433,3,EPSG:32635,,
5e22b9d550259f000541fc44,не годен по паспорту,площадь 0.14 км² меньше 0.5,0,0,0,0,,0.144,0.02,3,EPSG:32615,-92.31084,38.9407
5e22bbf350259f000541fc47,не годен по паспорту,площадь 0.10 км² меньше 0.5,0,0,0,0,,0.096,0.05,3,EPSG:32615,-92.313445,38.940138
5e232ad350259f000541fc50,использован полностью,,2,4,0,0,разметка подтверждена,0.871,0.0847,3,EPSG:32636,,
5e232d6250259f000541fc56,использован полностью,,1,2,0,0,разметка подтверждена,0.918,0.0847,3,EPSG:32636,,
5e23306050259f000541fc5c,использован полностью,,2,4,0,0,без структуры,0.815,0.0847,3,EPSG:32636,,
5e23322650259f000541fc5f,использован полностью,,2,4,0,0,разметка подтверждена,0.979,0.0847,3,EPSG:32636,,
5e28a0512329e800051134a4,использован полностью,,2,4,0,0,разметка подтверждена,1.08,0.0746,3,EPSG:3857,-49.816046,-24.145031
5e299549dcb4a600056102a4,использован частично,подложка: привязка не построена: нет валидных узлов,3,0,0,0,,0.679,0.0696,3,EPSG:32632,,
5e3622552f7a3b0005854c97,не годен по паспорту,площадь 0.07 км² меньше 0.5,0,0,0,0,,0.072,0.025,1,EPSG:32719,-68.060357,-16.523011
5e37235b2c91c000059d02a1,не годен по паспорту,площадь 0.42 км² меньше 0.5,0,0,0,0,,0.424,0.025,1,EPSG:32719,-68.155887,-16.523209
5e40d48b56992d0006e589e0,не годен по паспорту,площадь 0.03 км² меньше 0.5,0,0,0,0,,0.03,0.02,3,EPSG:32719,-71.536444,-42.024834
5e434d28fe1f0f0005e9d0e2,не годен по паспорту,площадь 0.08 км² меньше 0.5,0,0,0,0,,0.083,0.015,1,EPSG:32719,-68.110524,-16.557273
5e45c7fb7e48a900058144f5,использован полностью,,1,2,0,0,разметка подтверждена,1.098,0.0524,3,EPSG:5563,,
5e49f1370081df0005403da8,не годен по паспорту,площадь 0.40 км² меньше 0.5,0,0,0,0,,0.404,0.0381,3,EPSG:6677,139.964928,35.285198
5e570a042408ff000614bb81,использован полностью,,4,8,0,0,разметка подтверждена,1.458,0.0533,3,EPSG:32636,,
5e570a562408ff000614bb83,использован частично,подложка: узлов привязки 4 меньше 5,3,0,0,0,,1.317,0.0541,3,EPSG:32636,,
5e570a9b2408ff000614bb85,использован полностью,,3,6,0,0,разметка подтверждена,1.387,0.0539,3,EPSG:32636,,
5e67af4ae82eb700055028d4,использован полностью,,1,2,0,0,разметка подтверждена,0.699,0.0847,3,EPSG:32636,,
5e6ec2638c5f5b000536548f,использован полностью,,2,4,0,0,разметка подтверждена,1.002,0.0535,3,EPSG:32636,,
5e7209adccc61e00059aedcf,не годен по паспорту,разрешение 0.11 м/пкс грубее 0.1,0,0,0,0,,4.588,0.1109,3,EPSG:5256,36.477615,40.329801
5e72b9f3133f1a000511beac,использован полностью,,4,8,0,0,разметка подтверждена,1.326,0.0487,3,EPSG:5256,36.473668,40.326575
5e789398ea363b0005373f2a,использован полностью,,8,12,0,0,разметка подтверждена,2.793,0.0538,3,EPSG:32636,,
5e794503ea363b0005373f45,использован частично,подложка: привязка не построена: нет валидных узлов,1,0,0,0,привязка сдвинута,1.073,0.0491,3,EPSG:32636,,
5e7945b5ea363b0005373f47,использован частично,подложка: узлов привязки 2 меньше 5,4,0,0,0,,1.918,0.0536,3,EPSG:32636,,
5e7e8c28482b9c0006178445,использован полностью,,4,1,0,7,привязка сдвинута,2.172,0.0544,3,EPSG:32636,,
5e7f562c482b9c000617844c,использован полностью,,4,8,0,0,разметка подтверждена,2.05,0.0553,3,EPSG:32636,,
5e7fe549482b9c0006178456,использован полностью,,5,10,0,0,разметка подтверждена,2.291,0.055,3,EPSG:32636,,
5e828a988c03310007a824db,использован полностью,,5,3,0,9,разметка подтверждена,2.148,0.0522,3,EPSG:32636,,
5e8320ea667e5200066e42e2,не годен по паспорту,площадь 0.21 км² меньше 0.5,0,0,0,0,,0.211,0.02,3,EPSG:32636,,
5e833fe4667e5200066e42e5,использован полностью,,4,8,0,0,разметка подтверждена,1.551,0.0537,3,EPSG:32636,,
5e906c0ac6bbac0005e30fad,использован полностью,,4,8,0,0,разметка подтверждена,1.607,0.0539,3,EPSG:32636,,
5e90754ac6bbac0005e30fb0,использован полностью,,5,10,0,0,разметка подтверждена,1.876,0.0564,3,EPSG:32636,,
5e90ac3bc6bbac0005e30fb9,использован полностью,,3,6,0,0,разметка подтверждена,2.0,0.0542,3,EPSG:32636,,
5e91a77ac6bbac0005e30fc2,не годен по паспорту,площадь 0.03 км² меньше 0.5,0,0,0,0,,0.025,0.0153,3,EPSG:32637,40.536901,64.577477
5e92a28dc6bbac0005e30fd1,не годен по паспорту,неметрический CRS: единицы сетки не метры,0,0,0,0,,0.0,0.0,3,EPSG:4326,139.043711,37.544489
5e92dd33c6bbac0005e30fd4,использован частично,подложка: узлов привязки 1 меньше 5,6,0,0,0,,1.875,0.05,3,EPSG:32654,139.926413,35.910365
5e93bd06c6bbac0005e30fdb,не годен по паспорту,площадь 0.23 км² меньше 0.5,0,0,0,0,,0.226,0.0357,3,EPSG:32654,139.524349,35.502355
5e946fa2c6bbac0005e30feb,не годен по паспорту,площадь 0.12 км² меньше 0.5,0,0,0,0,,0.116,0.0241,3,EPSG:32654,139.524084,35.502371
5e9747527b6533000663b24d,не годен по паспорту,площадь 0.18 км² меньше 0.5,0,0,0,0,,0.177,0.0202,3,EPSG:3857,28.836343,45.345344
5ea1c05a411bed00056803b4,использован частично,подложка: привязка не построена: нет валидных узлов,1,0,0,0,,0.504,0.0367,3,EPSG:32635,28.819654,45.345413
5ea40596c70abb0005869e99,использован полностью,,11,12,0,0,разметка подтверждена,3.005,0.05,3,EPSG:3857,28.821173,47.235859
5ea6bfb83295f300072a6cf6,использован частично,подложка: привязка не построена: нет валидных узлов,1,0,0,0,,0.895,0.05,3,EPSG:3857,28.865719,46.982712
5ea6e1e93295f300072a6cfd,использован полностью,,5,10,0,0,разметка подтверждена,2.991,0.05,3,EPSG:3857,28.832502,47.024679
5ea97aff3295f300072a6d1e,использован частично,подложка: 2 пар забраковано аудитом (привязка сдвинута),1,0,0,2,привязка сдвинута,1.324,0.05,3,EPSG:3857,28.852115,47.011542
5ea9d5173295f300072a6d26,использован полностью,,1,2,0,0,разметка подтверждена,0.729,0.039,3,EPSG:32635,28.806696,45.363414
5eac6c7f3295f300072a6d6f,не использован,привязка: узлов привязки 2 меньше 5,0,0,0,0,,0.977,0.0373,3,EPSG:3857,28.799543,46.971204
5ead82d93295f300072a6d7b,использован полностью,,4,8,0,0,разметка подтверждена,1.916,0.045,3,EPSG:32635,,
5eadda503295f300072a6d87,использован полностью,,8,12,0,0,разметка подтверждена,2.191,0.0385,3,EPSG:32635,28.832951,45.346612
5eb5cf68ba92740006ad67ae,использован полностью,,1,2,0,0,разметка подтверждена,0.548,0.0774,3,EPSG:32635,28.819637,45.345333
5ebfef58aff5010005865be5,использован частично,подложка: привязка не построена: нет валидных узлов,1,0,0,0,,0.645,0.0505,3,EPSG:32636,,
5ec23f22aff5010005865c14,использован полностью,,4,8,0,0,проверено частично,2.045,0.05,3,EPSG:3857,27.818971,47.189946
5ec28043aff5010005865c1b,не годен по паспорту,разрешение 0.17 м/пкс грубее 0.1,0,0,0,0,,10.619,0.1693,3,"PROJCS[""unnamed"",GEOGCS[""Pulkovo 1942"",DATUM[""Pulkovo_1942"",SPHEROID[""Krassowsky 1940"",6378245,298.300000376014,AUTHORITY[""EPSG"",""7024""]],AUTHORITY[""EPSG"",""6284""]],PRIMEM[""Greenwich"",0],UNIT[""degree"",0.0174532925199433,AUTHORITY[""EPSG"",""9122""]],AUTHORITY[""EPSG"",""4284""]],PROJECTION[""Transverse_Mercator""],PARAMETER[""latitude_of_origin"",0.0833333333333333],PARAMETER[""central_meridian"",35.5],PARAMETER[""scale_factor"",1],PARAMETER[""false_easting"",5300000],PARAMETER[""false_northing"",0],UNIT[""metre"",1,AUTHORITY[""EPSG"",""9001""]],AXIS[""Easting"",EAST],AXIS[""Northing"",NORTH]]",,
5ec3c777aff5010005865c4c,использован полностью,,7,12,0,0,разметка подтверждена,2.157,0.0542,3,EPSG:32636,,
5ec3c813aff5010005865c4e,использован полностью,,3,2,0,6,разметка подтверждена,2.075,0.0534,3,EPSG:32636,,
5ec3c88caff5010005865c50,использован полностью,,4,8,0,0,разметка подтверждена,2.01,0.0543,3,EPSG:32636,,
5ec5c418e3882d00079e72bb,использован полностью,,11,12,0,0,разметка подтверждена,4.929,0.0553,3,EPSG:32636,,
5ec6fcd7f62f370006df340d,использован полностью,,5,10,0,0,разметка подтверждена,2.518,0.0576,3,EPSG:32635,,
5ec8b033f62f370006df341f,использован полностью,,1,2,0,0,разметка подтверждена,0.537,0.04,3,EPSG:32635,28.833324,45.33377
5ecb0947f62f370006df3439,использован полностью,,7,12,0,0,разметка подтверждена,3.275,0.0678,3,EPSG:32636,,
5ece627e57676e00057f5808,использован полностью,,6,12,0,0,разметка подтверждена,2.189,0.0378,3,EPSG:32654,139.154354,35.306191
5ed8cb8e350cfa0006925543,использован полностью,,4,8,0,0,разметка подтверждена,1.657,0.0672,3,EPSG:32636,,
5ed8f423350cfa0006925547,использован полностью,,8,12,0,0,разметка подтверждена,2.612,0.0689,3,EPSG:32636,,
5ed9077b350cfa000692554a,использован полностью,,6,12,0,0,разметка подтверждена,1.671,0.0688,3,EPSG:32636,,
5edc82a8c692f1000793f1f9,не годен по паспорту,площадь 0.24 км² меньше 0.5,0,0,0,0,,0.237,0.05,3,EPSG:32718,-72.379331,-40.131202
5eddfed7c692f1000793f20a,не годен по паспорту,площадь 0.08 км² меньше 0.5,0,0,0,0,,0.076,0.02,3,EPSG:32635,28.830559,45.357057
5ee8b7583665d400065957e6,использован полностью,,13,12,0,0,разметка подтверждена,4.079,0.0691,3,EPSG:32636,,
5ef0af5edc40b50005b6f1c4,использован полностью,,15,12,0,0,разметка подтверждена,7.017,0.0692,3,EPSG:32636,,
5ef0bff5dc40b50005b6f1dd,использован полностью,,4,8,0,0,разметка подтверждена,1.589,0.0742,3,EPSG:32635,28.807915,45.347411
5ef607f38aefa40005354442,не годен по паспорту,площадь 0.35 км² меньше 0.5,0,0,0,0,,0.348,0.0195,3,EPSG:3857,28.510079,47.115832
5ef7339d8aefa40005354460,использован полностью,,8,5,0,11,разметка подтверждена,2.455,0.0715,3,EPSG:32636,,
5ef9c7368aefa4000535449f,использован полностью,,12,12,0,0,разметка подтверждена,4.366,0.0701,3,EPSG:32636,,
5efaf4da8414030005031232,не использован,"годен, но ни одной пары не вышло",0,0,0,0,,1.125,0.0446,3,EPSG:3857,28.654318,47.331843
5efb053be3ff0a0008519784,не годен по паспорту,площадь 0.14 км² меньше 0.5,0,0,0,0,,0.137,0.0187,3,EPSG:3857,28.304944,48.16109
5f09be59577f160006c1ab65,использован полностью,,4,8,0,0,разметка подтверждена,3.251,0.0572,3,EPSG:32635,24.782341,35.410258
5f0c72373c18aa0005a4ca68,использован полностью,,5,10,0,0,разметка подтверждена,2.654,0.0548,3,EPSG:32635,,
5f129489baa90f0006a0ab19,не использован,привязка: узлов привязки 4 меньше 5,0,0,0,0,,0.71,0.05,3,EPSG:32635,28.82079,45.337577
5f129e5ebaa90f0006a0ab1c,не годен по паспорту,площадь 0.43 км² меньше 0.5,0,0,0,0,,0.435,0.037,3,EPSG:32634,,
5f1344f8baa90f0006a0ab2b,использован полностью,,4,8,0,0,проверено частично,1.358,0.0378,3,EPSG:32633,,
5f163dd9baa90f0006a0ab52,использован полностью,,15,12,0,0,разметка подтверждена,5.766,0.069,3,EPSG:32636,,
5f1bb045f4d9a200052a1d44,не годен по паспорту,неметрический CRS: единицы сетки не метры,0,0,0,0,,0.0,0.0,3,EPSG:4326,135.959907,34.971464
5f1dae6557ddda00054a0219,не годен по паспорту,площадь 0.46 км² меньше 0.5,0,0,0,0,,0.459,0.05,3,EPSG:32635,28.814849,45.368364
5f1ef83857ddda00054a0373,не годен по паспорту,неметрический CRS: единицы сетки не метры,0,0,0,0,,0.0,0.0,3,EPSG:4326,135.946765,34.971459
5f1f022b57ddda00054a038f,не годен по паспорту,неметрический CRS: единицы сетки не метры,0,0,0,0,,0.0,0.0,3,EPSG:4326,135.942354,35.014727
5f1f054b57ddda00054a03a4,не годен по паспорту,площадь 0.12 км² меньше 0.5,0,0,0,0,,0.12,0.06,3,EPSG:6674,135.95112,35.014731
5f1f08b957ddda00054a03ab,не годен по паспорту,неметрический CRS: единицы сетки не метры,0,0,0,0,,0.0,0.0,3,EPSG:4326,135.937973,35.012021
5f1f0a4a57ddda00054a03b0,не годен по паспорту,неметрический CRS: единицы сетки не метры,0,0,0,0,,0.0,0.0,3,EPSG:4326,135.942356,35.012023
5f1f0c4c57ddda00054a03ba,не годен по паспорту,площадь 0.12 км² меньше 0.5,0,0,0,0,,0.12,0.06,3,EPSG:6674,135.937965,35.022838
5f1f142757ddda00054a042b,не годен по паспорту,неметрический CRS: единицы сетки не метры,0,0,0,0,,0.0,0.0,3,EPSG:4326,135.942358,35.009318
5f1f23fa57ddda00054a04bc,не годен по паспорту,неметрический CRS: единицы сетки не метры,0,0,0,0,,0.0,0.0,3,EPSG:4326,135.933586,35.017427
5f1f2bf857ddda00054a04d4,не годен по паспорту,неметрический CRS: единицы сетки не метры,0,0,0,0,,0.0,0.0,3,EPSG:4326,135.92044,35.014715
5f1f2c7457ddda00054a04d7,не годен по паспорту,неметрический CRS: единицы сетки не метры,0,0,0,0,,0.0,0.0,3,EPSG:4326,135.924823,35.014718
5f1f2ce357ddda00054a04da,не годен по паспорту,неметрический CRS: единицы сетки не метры,0,0,0,0,,0.0,0.0,3,EPSG:4326,135.929206,35.01472
5f1f2d5357ddda00054a04dd,не годен по паспорту,неметрический CRS: единицы сетки не метры,0,0,0,0,,0.0,0.0,3,EPSG:4326,135.911677,35.012004
5f1f2e7257ddda00054a04e3,не годен по паспорту,неметрический CRS: единицы сетки не метры,0,0,0,0,,0.0,0.0,3,EPSG:4326,135.920443,35.01201
5f1f2f1c57ddda00054a04e6,не годен по паспорту,неметрический CRS: единицы сетки не метры,0,0,0,0,,0.0,0.0,3,EPSG:4326,135.924825,35.012013
5f266a8eb0052e00067dba9f,не годен по паспорту,площадь 0.44 км² меньше 0.5,0,0,0,0,,0.442,0.05,3,EPSG:32635,28.814547,45.371866
5f293b4fb0052e00067dbabf,использован частично,подложка: узлов привязки 2 меньше 5,3,0,0,0,,1.375,0.0604,3,EPSG:32637,,
5f2c8c050d59fe00057c327b,использован полностью,,15,12,0,0,разметка подтверждена,5.489,0.0678,3,EPSG:32636,,
5f2c8c3c0d59fe00057c327d,использован полностью,,15,1,0,11,привязка сдвинута,8.148,0.0678,3,EPSG:32636,,
5f2d85660d59fe00057c328b,использован полностью,,9,12,0,0,проверено частично,3.208,0.0693,3,EPSG:32636,,
5f2ea0110d59fe00057c3296,использован полностью,,15,12,0,0,разметка подтверждена,5.797,0.0703,3,EPSG:32636,,
5f2fb1640d59fe00057c32a7,использован полностью,,3,6,0,0,разметка подтверждена,1.224,0.0399,3,EPSG:32633,,
5f3064e40d59fe00057c32f2,использован частично,подложка: узлов привязки 2 меньше 5,1,0,0,0,привязка сдвинута,0.667,0.0387,3,EPSG:32616,,
5f38a08cdf88ab000761cb1c,использован полностью,,13,11,0,11,разметка подтверждена,5.233,0.0682,3,EPSG:32636,,
5f3f96b8a646430007b2ac90,использован полностью,,15,12,0,0,разметка подтверждена,10.752,0.0691,3,EPSG:32636,,
5f42833dc48e06000593275b,использован полностью,,15,12,0,0,разметка подтверждена,12.547,0.0697,3,EPSG:32636,,
5f459d9ad3ea600005a9a8c2,не годен по паспорту,площадь 0.03 км² меньше 0.5,0,0,0,0,,0.026,0.0109,3,EPSG:32619,,
5f478d02f4b82d0005a702b2,использован частично,подложка: узлов привязки 4 меньше 5,1,0,0,0,,0.587,0.05,3,EPSG:32635,28.820807,45.359329
5f4abfb9ce55190005b826d8,использован частично,подложка: привязка не построена: нет валидных узлов,1,0,0,0,,1.397,0.1,3,EPSG:3857,175.639543,-36.727534
5f4d2f95464f1c0005fc5720,не годен по паспорту,неметрический CRS: единицы сетки не метры,0,0,0,0,,0.0,0.0,3,EPSG:4326,,
5f52e87a5c810b0006d4f2f6,использован полностью,,12,12,0,0,разметка подтверждена,5.886,0.0337,3,EPSG:2448,135.540402,34.987361
5f58a0ae08ec7d0005c47ff9,не годен по паспорту,площадь 0.09 км² меньше 0.5,0,0,0,0,,0.09,0.0507,3,EPSG:32635,,
5f58f01b08ec7d0005c48001,не годен по паспорту,площадь 0.30 км² меньше 0.5,0,0,0,0,,0.297,0.0257,3,EPSG:32615,,
5f5df9a6d9f87200078c7f2c(1),не годен по паспорту,площадь 0.33 км² меньше 0.5,0,0,0,0,,0.328,0.0299,3,EPSG:5254,28.786718,40.975033
5f5ef3d0d9f87200078c7f42,использован полностью,,1,2,0,0,разметка подтверждена,0.92,0.0387,3,EPSG:32635,,
5f5f510fd9f87200078c7f48,использован полностью,,4,8,0,0,разметка подтверждена,2.678,0.045,3,EPSG:32635,,
5f5f66a6d9f87200078c7f4b,использован полностью,,15,12,0,0,разметка подтверждена,5.864,0.0572,3,EPSG:32636,,
5f5fcd62d9f87200078c7f56,не использован,привязка: привязка не построена: нет валидных узлов,0,0,0,0,,0.767,0.05,1,EPSG:32719,-68.068631,-16.59493
5f60702ad9f87200078c7f64,использован полностью,,1,2,0,0,разметка подтверждена,0.733,0.0454,3,EPSG:32634,,
5f6097f9d9f87200078c7f6a,использован полностью,,2,4,0,0,разметка подтверждена,0.757,0.0347,3,EPSG:32634,,
5f619002d9f87200078c7f76,использован полностью,,3,4,0,6,разметка подтверждена,1.232,0.0474,3,EPSG:32634,,
5f61ffb682c1c7000508d8c6,использован полностью,,6,12,0,0,разметка подтверждена,2.732,0.0708,3,EPSG:32636,,
5f62e03f9d06cc000624327e,использован полностью,,2,4,0,0,разметка подтверждена,0.905,0.0434,3,EPSG:32635,,
5f65a604dc8be60005d70c4c,не годен по паспорту,неметрический CRS: единицы сетки не метры,0,0,0,0,,0.0,0.0,3,EPSG:4326,,
5f69d17a71d1f60005e6ab70,использован полностью,,12,12,0,0,разметка подтверждена,3.412,0.0686,3,EPSG:32636,,
5f6aea9e71d1f60005e6ab87,использован полностью,,5,10,0,0,разметка подтверждена,2.081,0.0449,3,EPSG:32635,,
5f6af12971d1f60005e6ab8a,использован полностью,,2,4,0,0,разметка подтверждена,1.059,0.0711,3,EPSG:3857,28.806834,45.359608
5f6c4bf171d1f60005e6abaf,использован частично,подложка: узлов привязки 1 меньше 5,1,0,0,0,привязка сдвинута,0.71,0.0396,3,EPSG:32635,,
5f7194a11d951a00058695f2,не годен по паспорту,неметрический CRS: единицы сетки не метры,0,0,0,0,,0.0,0.0,3,EPSG:4326,135.911689,35.001187
5f7194bb1d951a00058695f6,не годен по паспорту,неметрический CRS: единицы сетки не метры,0,0,0,0,,0.0,0.0,3,EPSG:4326,135.920453,35.001193
5f7195041d951a0005869600,не годен по паспорту,неметрический CRS: единицы сетки не метры,0,0,0,0,,0.0,0.0,3,EPSG:4326,135.916073,34.998485
5f7195431d951a000586960c,не годен по паспорту,неметрический CRS: единицы сетки не метры,0,0,0,0,,0.0,0.0,3,EPSG:4326,135.911694,34.995778
5f71d201a69e02000595a880,не годен по паспорту,неметрический CRS: единицы сетки не метры,0,0,0,0,,0.0,0.0,3,EPSG:4326,135.933599,35.001201
5f71d252a69e02000595a883,не годен по паспорту,неметрический CRS: единицы сетки не метры,0,0,0,0,,0.0,0.0,3,EPSG:4326,135.937981,35.001203
5f71d30aa69e02000595a886,не годен по паспорту,неметрический CRS: единицы сетки не метры,0,0,0,0,,0.0,0.0,3,EPSG:4326,135.942364,35.001205
5f72c4c1a69e02000595a8a7,не годен по паспорту,неметрический CRS: единицы сетки не метры,0,0,0,0,,0.0,0.0,3,EPSG:4326,135.933601,34.998496
5f75536261151700054968d0,использован полностью,,3,6,0,0,разметка подтверждена,1.163,0.05,3,EPSG:32611,,
5f75ec1d458b56000772bd59,использован полностью,,15,201,0,0,разметка подтверждена,11.243,0.0937,3,EPSG:32636,,
5f75ec39458b56000772bd5b,использован полностью,,15,12,0,0,разметка подтверждена,12.73,0.0937,3,EPSG:32636,,
5f76d6d9458b56000772bd7b,не годен по паспорту,неметрический CRS: единицы сетки не метры,0,0,0,0,,0.0,0.0,3,EPSG:4326,135.959904,34.976873
5f76f866458b56000772bd82,использован полностью,,15,12,0,0,разметка подтверждена,5.677,0.0928,3,EPSG:32636,,
5f770d9f458b56000772bd88,не годен по паспорту,неметрический CRS: единицы сетки не метры,0,0,0,0,,0.0,0.0,3,EPSG:4326,135.968666,34.976876
5f772fd3458b56000772bd98,не годен по паспорту,неметрический CRS: единицы сетки не метры,0,0,0,0,,0.0,0.0,3,EPSG:4326,135.986188,34.987696
5f77307d458b56000772bd9b,не годен по паспорту,неметрический CRS: единицы сетки не метры,0,0,0,0,,0.0,0.0,3,EPSG:4326,135.990569,34.987696
5f77311a458b56000772bd9e,не годен по паспорту,неметрический CRS: единицы сетки не метры,0,0,0,0,,0.0,0.0,3,EPSG:4326,135.99495,34.987697
5f77333d458b56000772bda7,не годен по паспорту,неметрический CRS: единицы сетки не метры,0,0,0,0,,0.0,0.0,3,EPSG:4326,135.986188,34.984992
5f773437458b56000772bdab,не годен по паспорту,неметрический CRS: единицы сетки не метры,0,0,0,0,,0.0,0.0,3,EPSG:4326,135.990569,34.984992
5f773acd458b56000772bdb4,не годен по паспорту,неметрический CRS: единицы сетки не метры,0,0,0,0,,0.0,0.0,3,EPSG:4326,135.986188,34.982288
5f77c65f458b56000772bdc0,не годен по паспорту,неметрический CRS: единицы сетки не метры,0,0,0,0,,0.0,0.0,3,EPSG:4326,135.916049,35.022825
5f77d44c458b56000772bdd1,не годен по паспорту,неметрический CRS: единицы сетки не метры,0,0,0,0,,0.0,0.0,3,EPSG:4326,135.924818,35.020126
5f77d489458b56000772bdd9,не годен по паспорту,неметрический CRS: единицы сетки не метры,0,0,0,0,,0.0,0.0,3,EPSG:4326,135.916055,35.017416
5f77d49e458b56000772bddb,не годен по паспорту,неметрический CRS: единицы сетки не метры,0,0,0,0,,0.0,0.0,3,EPSG:4326,135.920437,35.017419
5f784273458b56000772be1f,не годен по паспорту,неметрический CRS: единицы сетки не метры,0,0,0,0,,0.0,0.0,3,EPSG:4326,135.977422,34.998512
5f78436a458b56000772be36,не годен по паспорту,неметрический CRS: единицы сетки не метры,0,0,0,0,,0.0,0.0,3,EPSG:4326,135.986186,34.995809
5f784519458b56000772be43,не годен по паспорту,неметрический CRS: единицы сетки не метры,0,0,0,0,,0.0,0.0,3,EPSG:4326,135.99495,34.99581
5f7865a3458b56000772be4a,использован полностью,,15,12,0,0,разметка подтверждена,4.947,0.0918,3,EPSG:32636,,
5f787184458b56000772be78,не годен по паспорту,неметрический CRS: единицы сетки не метры,0,0,0,0,,0.0,0.0,3,EPSG:4326,135.99495,34.993106
5f787400458b56000772be83,не годен по паспорту,неметрический CRS: единицы сетки не метры,0,0,0,0,,0.0,0.0,3,EPSG:4326,135.986187,34.990401
5f78a42f458b56000772be8c,не годен по паспорту,неметрический CRS: единицы сетки не метры,0,0,0,0,,0.0,0.0,3,EPSG:4326,135.973044,34.98499
5f78a4f5458b56000772be92,не годен по паспорту,неметрический CRS: единицы сетки не метры,0,0,0,0,,0.0,0.0,3,EPSG:4326,135.959902,34.982282
5f78a6ec458b56000772be9f,не годен по паспорту,неметрический CRS: единицы сетки не метры,0,0,0,0,,0.0,0.0,3,EPSG:4326,135.959903,34.979578
5f79a2f7458b56000772beef,использован полностью,,15,12,0,0,разметка подтверждена,5.839,0.0924,3,EPSG:32636,,
5f79e840458b56000772bef8,использован полностью,,3,6,0,0,разметка подтверждена,1.234,0.0657,3,EPSG:32639,,
5f7a83a6458b56000772befe,не годен по паспорту,неметрический CRS: единицы сетки не метры,0,0,0,0,,0.0,0.0,3,EPSG:4326,135.990569,34.990401
5f7a8631458b56000772bf0c,не годен по паспорту,неметрический CRS: единицы сетки не метры,0,0,0,0,,0.0,0.0,3,EPSG:4326,135.977427,34.979582
5f7a8644458b56000772bf10,не годен по паспорту,неметрический CRS: единицы сетки не метры,0,0,0,0,,0.0,0.0,3,EPSG:4326,135.981808,34.979583
5f7a865d458b56000772bf15,не годен по паспорту,неметрический CRS: единицы сетки не метры,0,0,0,0,,0.0,0.0,3,EPSG:4326,135.986189,34.979583
5f7c836968aff80007e79863,использован полностью,,15,12,0,0,разметка подтверждена,6.801,0.0906,3,EPSG:32636,,
5f7c839768aff80007e79865,использован полностью,,15,12,0,0,разметка подтверждена,11.087,0.0906,3,EPSG:32636,,
5f7c88ca68aff80007e79869,не годен по паспорту,площадь 0.19 км² меньше 0.5,0,0,0,0,,0.191,0.0425,3,EPSG:3857,28.84901,45.331692
5f7d9f287eaf6400054c9aa6,использован полностью,,15,1,0,11,проверено частично,7.475,0.0912,3,EPSG:32636,,
5f8132727eaf6400054c9ad0,использован полностью,,2,4,0,0,разметка подтверждена,1.223,0.0411,3,EPSG:32634,,
5f84b7a27d446d0005fa816c,использован полностью,,4,8,0,0,разметка подтверждена,2.531,0.0682,3,EPSG:32639,,
5f8571bf7d446d0005fa8174,использован полностью,,8,12,0,0,разметка подтверждена,5.402,0.0642,3,EPSG:32635,,
5f9123b61d40480007fef7a1,не годен по паспорту,площадь 0.11 км² меньше 0.5,0,0,0,0,,0.11,0.0283,3,EPSG:32654,139.106923,35.982205
5f96670b8ff39200079920cf,использован полностью,,1,2,0,0,разметка подтверждена,1.043,0.0366,3,EPSG:32636,30.553557,36.65055
5f9bc33b1b48e50005418620,использован частично,подложка: привязка не построена: нет валидных узлов,1,0,0,0,,0.812,0.0564,3,EPSG:3857,28.953088,45.435283
5f9fe214d3a8ab0007ea6a5d,использован частично,подложка: привязка не построена: нет валидных узлов,4,0,0,0,,2.38,0.0661,3,EPSG:32635,,
5f9fe231d3a8ab0007ea6a5f,использован частично,подложка: узлов привязки 2 меньше 5,4,0,0,0,,3.258,0.0661,3,EPSG:32635,,
5fa4119d00234b00060ee06a,не годен по паспорту,площадь 0.42 км² меньше 0.5,0,0,0,0,,0.42,0.0355,3,EPSG:32635,,
5fa7b7e5aa6fdb00059cc19b,не годен по паспорту,площадь 0.19 км² меньше 0.5,0,0,0,0,,0.186,0.02,3,EPSG:32636,,
5fa7b7e5aa6fdb00059cc19b(1),не годен по паспорту,площадь 0.19 км² меньше 0.5,0,0,0,0,,0.186,0.02,3,EPSG:32636,34.282681,61.773233
5fa85387aa6fdb00059cc1a9,не годен по паспорту,площадь 0.41 км² меньше 0.5,0,0,0,0,,0.409,0.0451,3,EPSG:32635,,
5fac2fcd3729bf000552677d,использован полностью,,15,1,0,11,привязка сдвинута,11.065,0.0655,3,EPSG:32636,,
5fac68733729bf0005526787,использован полностью,,1,2,0,0,разметка подтверждена,0.672,0.05,3,EPSG:32634,,
5faf02dd1d7a180007e702e3,использован полностью,,6,12,0,0,разметка подтверждена,2.054,0.05,3,EPSG:32635,,
5faf7f15dd7d310006683462,не годен по паспорту,площадь 0.47 км² меньше 0.5,0,0,0,0,,0.465,0.0214,3,EPSG:32636,,
5faf7f15dd7d310006683462(1),не годен по паспорту,площадь 0.47 км² меньше 0.5,0,0,0,0,,0.465,0.0214,3,EPSG:32636,34.288559,61.761724
5faff8ddf5b34900056e78a8,использован частично,подложка: узлов привязки 4 меньше 5,2,0,0,0,без структуры,1.46,0.05,3,EPSG:32634,,
5fb06544f5b34900056e78ad,не годен по паспорту,площадь 0.16 км² меньше 0.5,0,0,0,0,,0.164,0.04,3,EPSG:32719,-68.090216,-16.529486
5fb2341aaa3d8a000567ab89,не годен по паспорту,неметрический CRS: единицы сетки не метры,0,0,0,0,,0.0,0.0,3,EPSG:4326,135.986186,34.998513
5fb23dfbaa3d8a000567abd3,не годен по паспорту,неметрический CRS: единицы сетки не метры,0,0,0,0,,0.0,0.0,3,EPSG:4326,135.981805,34.993104
5fb4faaed89ab70006abc9ff,использован полностью,,2,4,0,0,разметка подтверждена,1.723,0.0666,3,EPSG:32639,,
5fb4fc23d89ab70006abca02,использован полностью,,3,6,0,0,разметка подтверждена,1.681,0.0647,3,EPSG:32639,,
5fb6367c68af790007275a60,использован полностью,,2,4,0,0,разметка подтверждена,2.963,0.05,3,EPSG:32634,,
5fba7531f867fd0007e97749,не годен по паспорту,площадь 0.21 км² меньше 0.5,0,0,0,0,,0.206,0.025,3,EPSG:32719,-68.040546,-16.622781
5fba7a8127eb1d00059ab655,не годен по паспорту,площадь 0.16 км² меньше 0.5,0,0,0,0,,0.157,0.02,3,EPSG:32636,,
5fba7a8127eb1d00059ab655(1),не годен по паспорту,площадь 0.16 км² меньше 0.5,0,0,0,0,,0.157,0.02,3,EPSG:32636,34.28914,61.766695
5fbdd4181f79c3000788a402,использован частично,подложка: привязка не построена: нет валидных узлов,2,0,0,0,,9.519,0.05,3,EPSG:32611,,
5fc40f625c0a9300055a0c12,использован полностью,,2,4,0,0,разметка подтверждена,0.989,0.05,3,EPSG:32635,,
5fc4341092e0140005b38bdd,использован полностью,,2,4,0,0,без структуры,1.59,0.05,3,EPSG:32635,,
5fc6b5caf9298000076927d6,использован частично,подложка: узлов привязки 1 меньше 5,1,0,0,0,,0.602,0.05,3,EPSG:32635,,
5fc8cf409f1a06000550fbf5,использован полностью,,2,4,0,0,разметка подтверждена,1.367,0.05,3,EPSG:32635,,
5fc97f627a0a32000508cc0a,не годен по паспорту,площадь 0.08 км² меньше 0.5,0,0,0,0,,0.082,0.0208,3,EPSG:32635,,
5fc990617a0a32000508cc0f,не годен по паспорту,неметрический CRS: единицы сетки не метры,0,0,0,0,,0.0,0.0,3,EPSG:4326,-111.902254,34.608787
5fc99f2dae2ca6000584e7f1,не годен по паспорту,неметрический CRS: единицы сетки не метры,0,0,0,0,,0.0,0.0,3,EPSG:4326,,
5fceaa09fe0bb90007e29cd9,использован полностью,,6,12,0,0,проверено частично,2.413,0.03,3,EPSG:32719,-68.67918,-16.051566
5fd0a4f9518312000570c750,использован частично,подложка: узлов привязки 1 меньше 5,1,0,0,0,,0.629,0.05,3,EPSG:32636,,
5fd11d83380db000052582e9,использован частично,подложка: узлов привязки 4 меньше 5,4,0,0,0,,2.658,0.03,3,EPSG:32719,-68.690264,-16.036025
5fd1442d380db000052582ee,не годен по паспорту,неметрический CRS: единицы сетки не метры,0,0,0,0,,0.0,0.0,3,EPSG:4326,,
5fd18f43350ee000054d6eef,не годен по паспорту,неметрический CRS: единицы сетки не метры,0,0,0,0,,0.0,0.0,3,EPSG:4326,,
5fd5424c2284b600061b3a27,использован частично,подложка: узлов привязки 4 меньше 5,7,0,0,0,,2.269,0.03,3,EPSG:32719,-68.687868,-16.041222
5fda86c212830100052e02d9,не годен по паспорту,площадь 0.43 км² меньше 0.5,0,0,0,0,,0.429,0.04,3,EPSG:32719,-68.052136,-16.55193
5fe2a0a1e9630a0007099dbf,не годен по паспорту,неметрический CRS: единицы сетки не метры,0,0,0,0,,0.0,0.0,3,EPSG:4326,-111.870389,34.56434
5fe46bce7db4cf0005cd4c27,использован полностью,,4,8,0,0,разметка подтверждена,2.197,0.05,3,EPSG:32635,,
5fe4edefeeab8e00078a5548,не использован,привязка: узлов привязки 4 меньше 5,0,0,0,0,,0.703,0.03,3,EPSG:32719,-68.15207,-16.533765
5fe65b9027b19d000766a3c5,не годен по паспорту,площадь 0.10 км² меньше 0.5,0,0,0,0,,0.096,0.0198,3,EPSG:32635,,
5fe65c0227b19d000766a3c8,не годен по паспорту,площадь 0.13 км² меньше 0.5,0,0,0,0,,0.131,0.0191,3,EPSG:32635,,
5ff2fc9a9ef28c00068659a5,не годен по паспорту,неметрический CRS: единицы сетки не метры,0,0,0,0,,0.0,0.0,3,EPSG:4326,,
5ff3d91aa9cab200066b17ca,не годен по паспорту,неметрический CRS: единицы сетки не метры,0,0,0,0,,0.0,0.0,3,EPSG:4326,,
5ff50fd026199400066d26c6,не годен по паспорту,неметрический CRS: единицы сетки не метры,0,0,0,0,,0.0,0.0,3,EPSG:4326,,
5ff5a4c938bfed0005ea56fa,использован частично,подложка: привязка не построена: нет валидных узлов,2,0,0,0,,0.611,0.05,3,EPSG:32635,,
5ff84224474d8300067bfa3d,использован полностью,,4,8,0,0,разметка подтверждена,1.883,0.05,3,EPSG:32635,,
5ff87057faaf080006252dbd,не годен по паспорту,неметрический CRS: единицы сетки не метры,0,0,0,0,,0.0,0.0,3,EPSG:4326,,
5ff8bb52faaf080006252dc0,использован полностью,,2,4,0,0,разметка подтверждена,1.022,0.05,3,EPSG:32635,,
5ffd15520645fc0007ec3271,не годен по паспорту,неметрический CRS: единицы сетки не метры,0,0,0,0,,0.0,0.0,3,EPSG:4326,-111.857858,34.574253
5ffef202c461650005473726,не годен по паспорту,неметрический CRS: единицы сетки не метры,0,0,0,0,,0.0,0.0,3,EPSG:4326,-111.792283,34.516882
6001af827aad010005143f8a,не годен по паспорту,неметрический CRS: единицы сетки не метры,0,0,0,0,,0.0,0.0,3,EPSG:4326,,
600971b622db1c0006e46d78,не годен по паспорту,неметрический CRS: единицы сетки не метры,0,0,0,0,,0.0,0.0,3,EPSG:4326,,
600da99ca0f00700052c5c29,использован частично,подложка: узлов привязки 3 меньше 5,2,0,0,0,,0.861,0.04,3,EPSG:3857,8.771615,48.678447
60111204-92b7-47ed-b4b4-b65d4c355750,использован полностью,,1,2,0,0,разметка подтверждена,0.999,0.0625,3,EPSG:32635,,
6016e1d3b57e47000824b6e8,использован полностью,,1,2,0,0,без структуры,1.406,0.05,3,EPSG:32635,,
6017df0db57e47000824b6f8,не годен по паспорту,площадь 0.03 км² меньше 0.5,0,0,0,0,,0.032,0.02,3,EPSG:32636,34.10212,61.964486
601abea442abfe0006aee701,не годен по паспорту,неметрический CRS: единицы сетки не метры,0,0,0,0,,0.0,0.0,3,EPSG:4326,,
601ad0a642abfe0006aee704,не годен по паспорту,неметрический CRS: единицы сетки не метры,0,0,0,0,,0.0,0.0,3,EPSG:4326,-111.864552,34.583864
601ef707c4550c00050ee5ba,использован полностью,,1,2,0,0,разметка подтверждена,0.774,0.0185,3,EPSG:32636,35.556618,32.45865
601fb56911ebb30007261104,использован полностью,,2,4,0,0,разметка подтверждена,1.71,0.05,3,EPSG:32635,,
602396b25415b40006e6fe5a,использован полностью,,4,8,0,0,разметка подтверждена,2.095,0.05,3,EPSG:32635,,
60315bf7d9c7c8000504d2ca,использован частично,подложка: узлов привязки 4 меньше 5,1,0,0,0,,0.754,0.05,3,EPSG:32635,,
6038d48599a416000668993d,использован полностью,,2,4,0,0,разметка подтверждена,1.454,0.05,3,EPSG:32635,,
60442262b0161f0005391ae6,использован полностью,,5,10,0,0,разметка подтверждена,2.582,0.05,3,EPSG:32634,,
6051fa2273881800080aa06c,не годен по паспорту,площадь 0.11 км² меньше 0.5,0,0,0,0,,0.114,0.05,3,EPSG:32614,-99.844119,32.657615
605755636741be0007357111,использован полностью,,3,6,0,0,разметка подтверждена,2.493,0.05,3,EPSG:32634,,
605c1946d9096c00067e6cbb,не годен по паспорту,площадь 0.19 км² меньше 0.5,0,0,0,0,,0.191,0.0295,3,EPSG:6674,135.66233,34.540093
606192cdeeae3c0006930050,использован частично,подложка: узлов привязки 1 меньше 5,5,0,0,0,,1.568,0.05,3,EPSG:32634,,
606217e7eeae3c0006930068,не годен по паспорту,площадь 0.45 км² меньше 0.5,0,0,0,0,,0.448,0.0275,3,EPSG:32635,,
6066cd43d8a0ef00061b9507,использован полностью,,3,6,0,0,разметка подтверждена,1.087,0.02,3,EPSG:32635,,
60729456e618d50005a98185,использован полностью,,1,2,0,0,разметка подтверждена,2.408,0.05,3,EPSG:32635,,
60729564e618d50005a98187,использован полностью,,5,10,0,0,разметка подтверждена,1.731,0.05,3,EPSG:32635,,
6072f4d3e618d50005a9818f,не годен по паспорту,площадь 0.42 км² меньше 0.5,0,0,0,0,,0.423,0.05,3,EPSG:32635,,
60743399b09f2e0009d46bf9,использован полностью,,11,12,0,0,разметка подтверждена,4.145,0.068,3,EPSG:32636,,
60748a35b09f2e0009d46bfe,использован полностью,,3,6,0,0,разметка подтверждена,1.794,0.05,3,EPSG:32635,,
607b6049bfb5350008e6658e,использован полностью,,3,6,0,0,разметка подтверждена,2.771,0.05,3,EPSG:32634,,
607bd0a2bfb5350008e66596,использован частично,подложка: узлов привязки 1 меньше 5,2,0,0,0,,0.948,0.05,3,EPSG:32615,,
607c901cbfb5350008e665b1,использован частично,подложка: узлов привязки 2 меньше 5,1,0,0,0,,0.597,0.05,3,EPSG:32634,,
607ec4fc5415000005a52839,использован полностью,,15,7,0,11,разметка подтверждена,12.628,0.0692,3,EPSG:32636,,
607f3e045415000005a52848,использован полностью,,3,6,0,0,разметка подтверждена,1.296,0.05,3,EPSG:32634,,
6082f37b2e77e600076c9b7d,использован частично,подложка: привязка не построена: нет валидных узлов,1,0,0,0,,0.626,0.02,3,EPSG:32719,-68.618896,-16.021062
608324da2e77e600076c9b84,использован полностью,,5,10,0,0,разметка подтверждена,1.666,0.05,3,EPSG:32634,,
608446069f2d7a0007e9b9d6,не годен по паспорту,разрешение 0.15 м/пкс грубее 0.1,0,0,0,0,,77.982,0.1514,3,EPSG:3857,,
609183a21d9e95000527c80b,не годен по паспорту,неметрический CRS: единицы сетки не метры,0,0,0,0,,0.0,0.0,3,EPSG:4326,31.033851,49.012257
60945e8a1d9e95000527c832,использован частично,подложка: привязка не построена: нет валидных узлов,1,0,0,0,,0.816,0.0332,3,EPSG:32635,,
6094a30ea7084000062e0497,использован частично,подложка: привязка не построена: нет валидных узлов,7,0,0,0,,5.243,0.05,3,EPSG:32719,-67.991234,-16.551586
6098f3325277360006c5bf72,использован полностью,,6,12,0,0,разметка подтверждена,1.64,0.0674,3,EPSG:32636,,
6098f34b5277360006c5bf74,использован полностью,,6,1,0,11,привязка сдвинута,1.964,0.0674,3,EPSG:32636,,
609ab900924d4600052699aa,использован полностью,,1,2,0,0,разметка подтверждена,0.981,0.05,3,EPSG:32636,,
609b53603ac764000718b29d,использован полностью,,2,4,0,0,разметка подтверждена,1.895,0.05,3,EPSG:32636,,
609d746c3ac764000718b2b4,использован полностью,,3,6,0,0,разметка подтверждена,1.53,0.0695,3,EPSG:32639,,
60a096a425820c0005e458bc,не годен по паспорту,площадь 0.01 км² меньше 0.5,0,0,0,0,,0.012,0.02,3,EPSG:32760,174.692534,-36.90751
60a2302b25820c0005e458d3,использован полностью,,2,4,0,0,разметка подтверждена,1.952,0.05,3,EPSG:32635,,
60a234d925820c0005e458d6,использован полностью,,3,6,0,0,разметка подтверждена,1.597,0.05,3,EPSG:32635,,
60a6433725820c0005e45926,не годен по паспорту,неметрический CRS: единицы сетки не метры,0,0,0,0,,0.0,0.0,3,EPSG:4326,,
60ab6945dde4330007eb4b12,не использован,привязка: привязка не построена: нет валидных узлов,0,0,0,0,,3.502,0.0373,1,EPSG:3857,,
60b0cb4ea9600f000845813f,использован полностью,,6,12,0,0,разметка подтверждена,1.894,0.05,3,EPSG:32634,,
60b29cc7a9600f0008458160,использован полностью,,2,4,0,0,разметка подтверждена,0.956,0.0697,3,EPSG:32639,,
60b815e7fd80620005e340f1,использован полностью,,15,12,0,0,разметка подтверждена,6.112,0.0677,3,EPSG:32636,,
60ba7163f59a4300057c54f1,использован частично,подложка: привязка не построена: нет валидных узлов,4,0,0,0,,1.393,0.052,3,EPSG:32635,,
60bd650cbf1e3700068051dd,использован полностью,,10,12,0,0,разметка подтверждена,4.592,0.0695,3,EPSG:32636,,
60c06e83ace22e0007396bc0,использован полностью,,10,12,0,0,разметка подтверждена,5.323,0.02,3,EPSG:32634,,
60c2f011c3b42f000788d320,использован полностью,,11,12,0,0,разметка подтверждена,4.48,0.05,3,EPSG:32635,,
60c8b690338cc80005cfdd54,не годен по паспорту,разрешение 0.10 м/пкс грубее 0.1,0,0,0,0,,2.133,0.1048,3,EPSG:32639,,
60c8f084338cc80005cfdd57,использован полностью,,4,8,0,0,разметка подтверждена,1.289,0.05,3,EPSG:32635,,
60c8f4fc338cc80005cfdd5a,использован полностью,,4,8,0,0,разметка подтверждена,1.766,0.05,3,EPSG:32635,,
60cf473beade0f00079b5865,использован полностью,,13,12,0,0,разметка подтверждена,4.932,0.05,3,EPSG:32635,,
60d058a2eade0f00079b5878,использован полностью,,13,12,0,0,разметка подтверждена,4.858,0.0687,3,EPSG:32636,,
60d0e759eade0f00079b5887,не годен по паспорту,неметрический CRS: единицы сетки не метры,0,0,0,0,,0.0,0.0,3,EPSG:4326,,
60d10f02eade0f00079b5893,использован полностью,,12,12,0,0,разметка подтверждена,4.775,0.0488,3,EPSG:32635,,
60d5838ec700c600080d551a,использован полностью,,15,12,0,0,разметка подтверждена,6.183,0.05,3,EPSG:32635,,
60d6df62c700c600080d5530,использован частично,подложка: узлов привязки 4 меньше 5,1,0,0,0,без структуры,0.772,0.05,3,EPSG:32634,,
60d6e7c6c700c600080d5533,использован полностью,,12,12,0,0,разметка подтверждена,5.035,0.05,3,EPSG:32634,,
60da2cf50b3bdd0006723019,не годен по паспорту,площадь 0.23 км² меньше 0.5,0,0,0,0,,0.232,0.02,3,EPSG:32636,,
60da34430b3bdd000672301c,не годен по паспорту,площадь 0.37 км² меньше 0.5,0,0,0,0,,0.366,0.02,3,EPSG:32636,,
60dc9a830b3bdd0006723032,не годен по паспорту,площадь 0.16 км² меньше 0.5,0,0,0,0,,0.156,0.0289,3,EPSG:32654,140.612553,35.789698
60e308aee217da0008c2a6d4,использован полностью,,15,1,0,11,проверено частично,7.17,0.0723,3,EPSG:32636,,
60e423fb5bc2dc00058bbdde,использован полностью,,9,12,0,0,разметка подтверждена,2.558,0.0713,3,EPSG:32636,,
60ec2f0a38de2500058775ed,не годен по паспорту,неметрический CRS: единицы сетки не метры,0,0,0,0,,0.0,0.0,3,EPSG:4326,,
60ee12797dc3bd00055b76ef,не годен по паспорту,неметрический CRS: единицы сетки не метры,0,0,0,0,,0.0,0.0,3,EPSG:4326,139.104934,35.993458
60ef5d8589ec130007b82886,использован полностью,,4,8,0,0,разметка подтверждена,1.234,0.0828,3,EPSG:32632,8.188528,47.532592
60f0a1cb89ec130007b828a7,использован полностью,,1,2,0,0,разметка подтверждена,1.148,0.05,3,EPSG:3857,,
60f45df142311e0006681a1c,использован полностью,,5,3,0,9,разметка подтверждена,2.167,0.0597,3,EPSG:32635,,
60f4b0e042311e0006681a1f,не годен по паспорту,площадь 0.49 км² меньше 0.5,0,0,0,0,,0.494,0.0452,3,EPSG:32635,,
60f5f74842311e0006681a3b,использован полностью,,15,1,0,11,привязка сдвинута,5.285,0.0721,3,EPSG:32635,,
60f6a9c042311e0006681a5a,не годен по паспорту,неметрический CRS: единицы сетки не метры,0,0,0,0,,0.0,0.0,3,EPSG:4326,,
60f6ac8d42311e0006681a5d,не годен по паспорту,неметрический CRS: единицы сетки не метры,0,0,0,0,,0.0,0.0,3,EPSG:4326,,
60f6ac8d42311e0006681a5d(1),не годен по паспорту,неметрический CRS: единицы сетки не метры,0,0,0,0,,0.0,0.0,3,EPSG:4326,,
60f6aebb42311e0006681a60,не годен по паспорту,неметрический CRS: единицы сетки не метры,0,0,0,0,,0.0,0.0,3,EPSG:4326,,
60f6c71342311e0006681a65,не годен по паспорту,неметрический CRS: единицы сетки не метры,0,0,0,0,,0.0,0.0,3,EPSG:4326,,
60f6cd7c42311e0006681a68,не годен по паспорту,неметрический CRS: единицы сетки не метры,0,0,0,0,,0.0,0.0,3,EPSG:4326,,
60f6cebd42311e0006681a6b,не годен по паспорту,неметрический CRS: единицы сетки не метры,0,0,0,0,,0.0,0.0,3,EPSG:4326,,
60f93a91bdbb2f00062bcbea,не годен по паспорту,неметрический CRS: единицы сетки не метры,0,0,0,0,,0.0,0.0,3,EPSG:4326,,
60f93f26bdbb2f00062bcbed,не годен по паспорту,неметрический CRS: единицы сетки не метры,0,0,0,0,,0.0,0.0,3,EPSG:4326,,
60fd36975a90f10006fd2fdb,использован полностью,,15,12,0,0,разметка подтверждена,4.066,0.0701,3,EPSG:32636,,
60fedcbf5a90f10006fd2ff2,не годен по паспорту,площадь 0.17 км² меньше 0.5,0,0,0,0,,0.166,0.0184,3,EPSG:32635,,
60fff5f55a90f10006fd3016,не годен по паспорту,неметрический CRS: единицы сетки не метры,0,0,0,0,,0.0,0.0,3,EPSG:4326,,
60fffae25a90f10006fd301a,не годен по паспорту,неметрический CRS: единицы сетки не метры,0,0,0,0,,0.0,0.0,3,EPSG:4326,,
6101115d5a90f10006fd3034,использован полностью,,15,12,0,0,разметка подтверждена,9.699,0.0728,3,EPSG:32636,,
61015e735a90f10006fd303d,не годен по паспорту,неметрический CRS: единицы сетки не метры,0,0,0,0,,0.0,0.0,3,EPSG:4326,,
6103eb3ed0811b0005f660c3,не годен по паспорту,неметрический CRS: единицы сетки не метры,0,0,0,0,,0.0,0.0,3,EPSG:4326,,
61071835343da30006976e05,не годен по паспорту,разрешение 0.14 м/пкс грубее 0.1,0,0,0,0,,0.828,0.1407,3,EPSG:32635,,
6107b613343da30006976e0b,не годен по паспорту,неметрический CRS: единицы сетки не метры,0,0,0,0,,0.0,0.0,3,EPSG:4326,,
6109e2ea343da30006976e3a,не годен по паспорту,площадь 0.23 км² меньше 0.5,0,0,0,0,,0.231,0.03,3,EPSG:32719,-68.552267,-15.671927
6109e762343da30006976e3d,не годен по паспорту,площадь 0.18 км² меньше 0.5,0,0,0,0,,0.176,0.03,3,EPSG:32719,-68.556743,-15.672494
610c9fedac1a340005a1cc7a,не использован,привязка: привязка не построена: нет валидных узлов,0,0,0,0,,0.657,0.03,3,EPSG:32719,-68.812643,-15.885683
610dc391ac1a340005a1cc93,не годен по паспорту,площадь 0.16 км² меньше 0.5,0,0,0,0,,0.161,0.03,3,EPSG:32719,-68.567946,-15.66641
610f237cac1a340005a1cca8,не годен по паспорту,площадь 0.48 км² меньше 0.5,0,0,0,0,,0.484,0.03,3,EPSG:32719,-68.551571,-15.670644
611407aaac1a340005a1cd04(1),использован полностью,,3,6,0,0,разметка подтверждена,1.915,0.0746,3,EPSG:32639,,
61178318ac1a340005a1cd3c,не годен по паспорту,неметрический CRS: единицы сетки не метры,0,0,0,0,,0.0,0.0,3,EPSG:4326,,
61178baaac1a340005a1cd3f,не годен по паспорту,неметрический CRS: единицы сетки не метры,0,0,0,0,,0.0,0.0,3,EPSG:4326,,
611790cdac1a340005a1cd42,не годен по паспорту,неметрический CRS: единицы сетки не метры,0,0,0,0,,0.0,0.0,3,EPSG:4326,,
611796d3ac1a340005a1cd45,не годен по паспорту,неметрический CRS: единицы сетки не метры,0,0,0,0,,0.0,0.0,3,EPSG:4326,,
6117faccac1a340005a1cd4f,не годен по паспорту,неметрический CRS: единицы сетки не метры,0,0,0,0,,0.0,0.0,3,EPSG:4326,,
61187779ac1a340005a1cd5a,использован частично,подложка: привязка не построена: нет валидных узлов,2,0,0,0,,1.552,0.03,3,EPSG:32719,-68.903715,-15.898401
6118d457ac1a340005a1cd62,не годен по паспорту,площадь 0.23 км² меньше 0.5,0,0,0,0,,0.234,0.0247,3,EPSG:4026,27.80607,47.214516
611933f5ac1a340005a1cd68,не годен по паспорту,неметрический CRS: единицы сетки не метры,0,0,0,0,,0.0,0.0,3,EPSG:4326,,
611956b0ac1a340005a1cd6b,не годен по паспорту,неметрический CRS: единицы сетки не метры,0,0,0,0,,0.0,0.0,3,EPSG:4326,,
6121af0bb7012200056b5c7c,не годен по паспорту,площадь 0.03 км² меньше 0.5,0,0,0,0,,0.031,0.02,3,EPSG:32760,174.700553,-36.872725
6128ce96b7012200056b5ced,не годен по паспорту,площадь 0.38 км² меньше 0.5,0,0,0,0,,0.376,0.0369,3,EPSG:32639,,
612be372b7012200056b5d01,использован полностью,,5,10,0,0,разметка подтверждена,3.043,0.0521,3,EPSG:32635,,
6134d14127f4170005130757,не годен по паспорту,неметрический CRS: единицы сетки не метры,0,0,0,0,,0.0,0.0,3,EPSG:4326,,
6136593f27f4170005130799,не годен по паспорту,неметрический CRS: единицы сетки не метры,0,0,0,0,,0.0,0.0,3,EPSG:4326,,
6136608027f417000513079c,не годен по паспорту,неметрический CRS: единицы сетки не метры,0,0,0,0,,0.0,0.0,3,EPSG:4326,,
6136cca718b2fb000574fb29,не годен по паспорту,площадь 0.12 км² меньше 0.5,0,0,0,0,,0.115,0.02,3,EPSG:32719,-68.744716,-16.192367
613dfc9918b2fb000574fb96,не годен по паспорту,площадь 0.06 км² меньше 0.5,0,0,0,0,,0.062,0.0213,3,EPSG:32628,-16.427546,66.091973
613e2e3018b2fb000574fb9a,не годен по паспорту,неметрический CRS: единицы сетки не метры,0,0,0,0,,0.0,0.0,3,EPSG:4326,,
614526398ab3f40005221e2f,не годен по паспорту,площадь 0.17 км² меньше 0.5,0,0,0,0,,0.171,0.05,3,EPSG:32627,-21.962879,64.074585
614c50a18c56070006259d51,использован частично,подложка: узлов привязки 4 меньше 5,1,0,0,0,,0.801,0.0711,3,EPSG:3857,28.838103,45.352298
6150e486e4643000072876c5,использован полностью,,2,4,0,0,разметка подтверждена,1.124,0.05,3,EPSG:32719,-68.141429,-16.441905
615773fedef645000782b7d5,использован полностью,,15,12,0,0,разметка подтверждена,6.246,0.0661,3,EPSG:32636,,
6157742ddef645000782b7d7,использован полностью,,14,12,0,0,разметка подтверждена,8.24,0.0661,3,EPSG:32636,,
615b345768bda50006dac12a,не годен по паспорту,неметрический CRS: единицы сетки не метры,0,0,0,0,,0.0,0.0,3,EPSG:4326,,
615dca34e7b9170007fbd854,не годен по паспорту,площадь 0.49 км² меньше 0.5,0,0,0,0,,0.486,0.02,3,EPSG:32616,,
6165688fea4de60007d530b7,использован полностью,,14,12,0,0,разметка подтверждена,4.721,0.0669,3,EPSG:32636,,
6174b6e73b51b90006e0e79c,использован частично,подложка: узлов привязки 3 меньше 5,1,0,0,0,,0.644,0.045,3,EPSG:32654,141.22302,39.971408
6177c495d89d970005d8bcef,использован полностью,,2,4,0,0,разметка подтверждена,0.801,0.0712,3,EPSG:3857,28.810336,45.343339
617e902f8ebcb9000515c508,использован полностью,,8,12,0,0,без структуры,1.991,0.0275,3,EPSG:32654,139.553,35.638347
617e9bb88ebcb9000515c50d,использован полностью,,4,8,0,0,разметка подтверждена,1.782,0.0445,3,EPSG:32654,139.467869,35.625555
617e9bb88ebcb9000515c50f,использован полностью,,4,8,0,0,разметка подтверждена,1.782,0.0445,3,EPSG:32654,139.482151,35.649806
617e9bb88ebcb9000515c515,использован полностью,,4,8,0,0,разметка подтверждена,1.782,0.0445,3,EPSG:32654,139.497119,35.637959
617e9bb88ebcb9000515c518,использован полностью,,2,4,0,0,разметка подтверждена,0.918,0.0445,3,EPSG:32654,139.49774,35.604777
617e9bb88ebcb9000515c519,использован полностью,,4,8,0,0,разметка подтверждена,1.782,0.0445,3,EPSG:32654,139.511635,35.650175
6181d4ed8ebcb9000515c54d,не годен по паспорту,площадь 0.43 км² меньше 0.5,0,0,0,0,,0.427,0.0444,3,EPSG:32654,141.218332,39.965371
6183057f4dc8f300062cb5c1,использован полностью,,5,10,0,0,проверено частично,1.556,0.0437,3,EPSG:32635,,
618efcb55024550007345821,использован полностью,,5,12,0,0,проверено частично,1.747,0.0322,3,EPSG:32654,139.334602,35.537423
618f2de25024550007345827,использован полностью,,3,6,0,0,проверено частично,1.747,0.0322,1,EPSG:32654,139.334602,35.537423
6190d1f3502455000734583b,использован полностью,,2,4,0,0,разметка подтверждена,1.782,0.0445,3,EPSG:32654,139.512082,35.626109
6190d1f3502455000734583f,использован полностью,,4,8,0,0,разметка подтверждена,1.782,0.0445,3,EPSG:32654,139.496893,35.649991
6190d1f35024550007345842,использован полностью,,4,8,0,0,разметка подтверждена,1.782,0.0445,3,EPSG:32654,139.482379,35.637774
6190deab502455000734584a,использован полностью,,4,8,0,0,разметка подтверждена,1.782,0.0445,3,EPSG:32654,139.497344,35.625926
6190deab502455000734584b,использован полностью,,3,6,0,0,разметка подтверждена,1.782,0.0445,3,EPSG:32654,139.482834,35.613709
6190deab502455000734584c,использован полностью,,4,8,0,0,разметка подтверждена,1.782,0.0445,3,EPSG:32654,139.482606,35.625742
6190e6645024550007345854,использован полностью,,4,8,0,0,разметка подтверждена,1.782,0.0445,3,EPSG:32654,139.511858,35.638142
6195a5bf4cf508000759326e,не годен по паспорту,неметрический CRS: единицы сетки не метры,0,0,0,0,,0.0,0.0,3,EPSG:4326,135.295021,34.918265
619646724cf508000759327a,не годен по паспорту,неметрический CRS: единицы сетки не метры,0,0,0,0,,0.0,0.0,3,EPSG:4326,,
61964bbe4cf508000759327e,не годен по паспорту,неметрический CRS: единицы сетки не метры,0,0,0,0,,0.0,0.0,3,EPSG:4326,,
61a1fd6bca228100065cb954,не годен по паспорту,площадь 0.04 км² меньше 0.5,0,0,0,0,,0.038,0.02,3,EPSG:32760,174.694976,-36.876495
61a418b3ca228100065cb967,использован частично,подложка: узлов привязки 4 меньше 5,4,0,0,0,,1.681,0.0402,3,EPSG:32654,139.357543,34.750289
61a4d95cca228100065cb979,не годен по паспорту,площадь 0.32 км² меньше 0.5,0,0,0,0,,0.324,0.0282,3,EPSG:32645,85.534869,27.563558
61b9d9d7b26de1000596d623,использован полностью,,2,4,0,0,разметка подтверждена,1.048,0.0272,3,EPSG:32654,139.403176,35.5671
61b9e5f2b26de1000596d62b,использован полностью,,2,4,0,0,разметка подтверждена,1.048,0.0272,1,EPSG:32654,139.403176,35.5671
61bfebf9b26de1000596d67a,не годен по паспорту,площадь 0.04 км² меньше 0.5,0,0,0,0,,0.04,0.02,3,EPSG:32760,174.694931,-36.876414
61e5a1c97cafc800070cd7c1,не годен по паспорту,площадь 0.15 км² меньше 0.5,0,0,0,0,,0.15,0.05,3,EPSG:32615,,
61ee8ec1ac5a1d0005830784,не годен по паспорту,площадь 0.44 км² меньше 0.5,0,0,0,0,,0.441,0.0262,3,EPSG:32654,139.315741,35.40349
61f1440cac5a1d00058307af,не годен по паспорту,площадь 0.09 км² меньше 0.5,0,0,0,0,,0.087,0.0572,3,EPSG:32617,,
6218e2a8bce7900007da3871,использован частично,подложка: узлов привязки 4 меньше 5,2,0,0,0,,0.53,0.05,3,EPSG:32618,,
62272fdd1ea0da00077c0c7d,использован полностью,,2,4,0,0,разметка подтверждена,0.805,0.0409,3,EPSG:32654,139.106966,35.995244
62273be91ea0da00077c0c85,использован полностью,,4,8,0,0,разметка подтверждена,1.228,0.0375,3,EPSG:32654,139.105607,35.994639
622c2fe17efc7000059e8915,не годен по паспорту,площадь 0.10 км² меньше 0.5,0,0,0,0,,0.103,0.0294,3,EPSG:32760,174.706938,-36.876706
6233e42ff4083a0007ccb0ff,не годен по паспорту,площадь 0.12 км² меньше 0.5,0,0,0,0,,0.116,0.0303,3,EPSG:32760,174.705431,-36.877641
6234231a-6b93-4202-9bc1-36a7e305ab5e,использован полностью,,10,12,0,0,разметка подтверждена,3.667,0.075,3,EPSG:32635,,
62368ed9cb82d30008143258,не годен по паспорту,площадь 0.26 км² меньше 0.5,0,0,0,0,,0.259,0.0303,3,EPSG:32615,,
623b3417a730db0006b0816c,использован частично,подложка: привязка не построена: нет валидных узлов,1,0,0,0,,0.698,0.1,3,EPSG:32632,10.453112,46.441242
625193c4fe1b5d0006ae8cf5,использован полностью,,9,12,0,0,разметка подтверждена,3.0,0.0474,3,EPSG:32635,,
6251996ffe1b5d0006ae8cfb,использован полностью,,3,6,0,0,разметка подтверждена,2.885,0.025,3,EPSG:32635,,
62519af2fe1b5d0006ae8cfd,не годен по паспорту,неметрический CRS: единицы сетки не метры,0,0,0,0,,0.0,0.0,3,EPSG:4326,,
62519b10fe1b5d0006ae8cff,не годен по паспорту,неметрический CRS: единицы сетки не метры,0,0,0,0,,0.0,0.0,3,EPSG:4326,,
62542574fe1b5d0006ae8d25,использован полностью,,15,12,0,0,разметка подтверждена,9.889,0.05,3,EPSG:32654,140.955619,37.707238
6255f9225c48220007e7c9a8,использован полностью,,15,12,0,0,разметка подтверждена,10.923,0.0376,3,EPSG:32654,140.954661,37.70971
625ec7d280c7950007509c34,использован полностью,,1,2,0,0,разметка подтверждена,0.632,0.018,3,EPSG:32635,,
62600a00debaf80005383d1b,не годен по паспорту,площадь 0.27 км² меньше 0.5,0,0,0,0,,0.268,0.027,3,EPSG:32635,,
628f7cf69a80b30006a5c065,использован полностью,,5,10,0,0,разметка подтверждена,2.332,0.0394,3,EPSG:32636,,
628f85cb9a80b30006a5c06b,использован полностью,,14,12,0,0,разметка подтверждена,5.28,0.045,3,EPSG:32636,,
629208c39a80b30006a5c083,использован полностью,,6,12,0,0,разметка подтверждена,3.048,0.0656,3,EPSG:32635,,
629bc31e440da90006120129,не использован,"годен, но ни одной пары не вышло",0,0,0,0,,0.502,0.0666,3,EPSG:32612,-108.749204,39.150162
629cd3ae440da90006120141,не годен по паспорту,площадь 0.10 км² меньше 0.5,0,0,0,0,,0.095,0.05,3,EPSG:32612,-108.571076,39.059386
62b4badfdaddb8000523e910(1),не годен по паспорту,площадь 0.12 км² меньше 0.5,0,0,0,0,,0.12,0.05,3,EPSG:32635,,
62b72be9daddb8000523e92c,использован полностью,,4,8,0,0,разметка подтверждена,1.555,0.0691,3,EPSG:32639,,
62b72dfbdaddb8000523e92f(1),использован полностью,,3,6,0,0,разметка подтверждена,1.257,0.0698,3,EPSG:32639,,
62b80f62daddb8000523e93e,не годен по паспорту,площадь 0.12 км² меньше 0.5,0,0,0,0,,0.115,0.026,3,EPSG:32760,174.703606,-36.885705
62ba0681daddb8000523e95d,использован полностью,,4,8,0,0,разметка подтверждена,1.956,0.0697,3,EPSG:32639,,
62d0d0fd-4cf7-4581-98c9-e6d0232c347d,не годен по паспорту,неметрический CRS: единицы сетки не метры,0,0,0,0,,0.0,0.0,3,EPSG:4326,,
62d333ad0d6f550007e744b6,использован полностью,,6,12,0,0,разметка подтверждена,2.168,0.0352,3,EPSG:32654,139.103197,35.986406
62d3807a0d6f550007e744bc,не годен по паспорту,площадь 0.26 км² меньше 0.5,0,0,0,0,,0.259,0.0714,3,EPSG:32613,-107.88584,38.985678
62dc2af9d8499800053796f3,использован полностью,,3,6,0,0,разметка подтверждена,1.595,0.0749,3,EPSG:32639,,
62f65802fb3bec0006dbeb2c,использован полностью,,2,4,0,0,разметка подтверждена,1.799,0.0742,3,EPSG:32639,,
63176f3014f1ff00081de823,не годен по паспорту,площадь 0.28 км² меньше 0.5,0,0,0,0,,0.283,0.03,3,EPSG:32719,-68.297569,-16.466001
6317b7e614f1ff00081de82d,использован полностью,,3,6,0,0,разметка подтверждена,1.095,0.05,3,EPSG:32719,-68.169346,-16.547284
6319465214f1ff00081de870,не годен по паспорту,площадь 0.26 км² меньше 0.5,0,0,0,0,,0.26,0.03,3,EPSG:32719,-68.079946,-16.499344
63194cf614f1ff00081de873,не годен по паспорту,площадь 0.16 км² меньше 0.5,0,0,0,0,,0.159,0.03,3,EPSG:32719,-68.11733,-16.544177
6319f0aa14f1ff00081de879,использован частично,подложка: привязка не построена: нет валидных узлов,1,0,0,0,,0.603,0.02,3,EPSG:32719,-68.790045,-16.022412
631c459c14f1ff00081de8a6,использован полностью,,3,6,0,0,разметка подтверждена,1.445,0.0703,3,EPSG:32639,,
632527a29ee90900078a7111,использован полностью,,2,4,0,0,разметка подтверждена,0.935,0.0342,3,EPSG:32719,-68.064679,-16.537098
6325df679ee90900078a7118,использован полностью,,2,4,0,0,разметка подтверждена,0.935,0.0342,3,EPSG:32719,-68.064679,-16.537098
632f96997abe310005354df1,не годен по паспорту,площадь 0.37 км² меньше 0.5,0,0,0,0,,0.368,0.03,3,EPSG:32719,-68.065718,-16.537463
63430bedb771680005735a0c,использован полностью,,3,6,0,0,без структуры,1.769,0.0332,3,EPSG:32636,,
635351b071072f000580f8b4,не годен по паспорту,площадь 0.24 км² меньше 0.5,0,0,0,0,,0.245,0.0237,3,EPSG:32653,137.020352,35.236527
6353aabf71072f000580f8b9,не годен по паспорту,неметрический CRS: единицы сетки не метры,0,0,0,0,,0.0,0.0,3,EPSG:4326,137.02036,35.236437
6357bedc5f1fd800066121a2,использован полностью,,3,6,0,0,разметка подтверждена,1.35,0.0655,3,EPSG:32639,,
635a638a5f1fd800066121ef,не годен по паспорту,площадь 0.12 км² меньше 0.5,0,0,0,0,,0.116,0.0508,3,EPSG:32636,32.778602,41.232777
635a64105f1fd800066121f2,не годен по паспорту,площадь 0.19 км² меньше 0.5,0,0,0,0,,0.186,0.0565,3,EPSG:32636,32.778792,41.232175
636399470769a900054c938a,использован частично,подложка: узлов привязки 1 меньше 5,2,0,0,0,,0.741,0.05,3,EPSG:32632,10.453217,46.441095
636399470769a900054c938b,использован частично,подложка: узлов привязки 2 меньше 5,1,0,0,0,,0.558,0.05,3,EPSG:32632,10.453175,46.441052
6367f4f197438a00076d86a3,не годен по паспорту,площадь 0.14 км² меньше 0.5,0,0,0,0,,0.136,0.05,3,EPSG:32635,25.591282,45.631494
6371dda6cf5a20000802322f,не годен по паспорту,площадь 0.05 км² меньше 0.5,0,0,0,0,,0.053,0.0278,3,EPSG:32613,-105.215512,37.960439
637274bbcf5a200008023236,использован полностью,,1,2,0,0,разметка подтверждена,0.552,0.0214,3,EPSG:32636,,
63a5a79aeb16e8000519a1bc,использован полностью,,7,12,0,0,разметка подтверждена,2.598,0.0653,3,EPSG:4026,27.793721,47.218951
63a5a7dfeb16e8000519a1be,использован полностью,,8,12,0,0,разметка подтверждена,3.254,0.0652,3,EPSG:4026,27.805249,47.224822
63a5a818eb16e8000519a1c2,использован полностью,,8,12,0,0,разметка подтверждена,2.939,0.0652,3,EPSG:4026,27.805339,47.215104
63a5dbcfeb16e8000519a1cc,использован полностью,,9,12,0,0,разметка подтверждена,3.797,0.0333,3,EPSG:4026,28.818689,47.041369
63a94113eb16e8000519a1e1,не годен по паспорту,площадь 0.29 км² меньше 0.5,0,0,0,0,,0.292,0.0254,3,EPSG:4026,28.797931,47.035601
63a9417deb16e8000519a1e3,использован частично,подложка: 2 пар забраковано аудитом (привязка сдвинута),1,0,0,2,привязка сдвинута,0.898,0.0413,3,EPSG:4026,28.782707,47.019155
63a956d7eb16e8000519a1e7,использован частично,подложка: 2 пар забраковано аудитом (привязка сдвинута),1,0,0,2,привязка сдвинута,1.544,0.0328,3,EPSG:4026,28.830087,47.036874
63a9570deb16e8000519a1e9,использован полностью,,4,8,0,0,разметка подтверждена,1.438,0.0327,3,EPSG:4026,28.835125,47.034066
63a9576beb16e8000519a1ed,использован частично,подложка: 4 пар забраковано аудитом (привязка сдвинута),2,0,0,4,привязка сдвинута,1.52,0.0359,3,EPSG:4026,28.84514,47.027373
63a987b63fb8c100063c5518,использован частично,подложка: 6 пар забраковано аудитом (привязка сдвинута),3,0,0,6,привязка сдвинута,1.657,0.0335,3,EPSG:4026,28.824312,47.030941
63a987c23fb8c100063c551a,использован полностью,,3,6,0,0,разметка подтверждена,1.453,0.028,3,EPSG:4026,28.833059,47.024691
63a987ce3fb8c100063c551c,использован полностью,,2,4,0,0,разметка подтверждена,1.808,0.0288,3,EPSG:4026,28.841734,47.018005
63a9ab353fb8c100063c5526,использован полностью,,2,4,0,0,разметка подтверждена,1.226,0.0307,3,EPSG:4026,28.849292,47.022566
63aac2fc3fb8c100063c552f,использован частично,подложка: 8 пар забраковано аудитом (привязка сдвинута),4,0,0,8,привязка сдвинута,1.497,0.0277,3,EPSG:4026,28.821711,47.025464
63aac3143fb8c100063c5531,использован полностью,,3,6,0,0,разметка подтверждена,1.324,0.0314,3,EPSG:4026,28.828489,47.01907
63aac3223fb8c100063c5533,использован частично,подложка: 8 пар забраковано аудитом (привязка сдвинута),4,0,0,8,привязка сдвинута,1.606,0.0322,3,EPSG:4026,28.836974,47.013977
63aac32f3fb8c100063c5535,использован частично,подложка: 2 пар забраковано аудитом (привязка сдвинута),1,0,0,2,привязка сдвинута,1.202,0.0268,3,EPSG:4026,28.851956,47.018259
63bb21013fb8c100063c5663,не годен по паспорту,площадь 0.10 км² меньше 0.5,0,0,0,0,,0.097,0.05,3,EPSG:32618,,
63ef7dee525f0700077ed4b0,использован полностью,,2,4,0,0,разметка подтверждена,1.012,0.0822,3,EPSG:32637,36.76239,37.262105
63f21d39525f0700077ed4e0,не годен по паспорту,площадь 0.37 км² меньше 0.5,0,0,0,0,,0.373,0.0534,3,EPSG:32637,37.182187,38.211317
63f21def525f0700077ed4e3,использован полностью,,3,6,0,0,разметка подтверждена,1.213,0.064,3,EPSG:32637,36.199426,36.228846
640e3574c2655600066c2a4f,не годен по паспорту,неметрический CRS: единицы сетки не метры,0,0,0,0,,0.0,0.0,3,EPSG:4326,36.249892,37.077438
640e727fc2655600066c2a5d,использован полностью,,15,12,0,0,разметка подтверждена,27.589,0.05,3,EPSG:2193,172.688202,-43.510718
643d8b348cae390005a145c2,не годен по паспорту,площадь 0.08 км² меньше 0.5,0,0,0,0,,0.076,0.0657,3,EPSG:32615,,
648c7a9946e573000597d19e,не годен по паспорту,площадь 0.16 км² меньше 0.5,0,0,0,0,,0.16,0.0138,3,EPSG:4026,28.830407,47.162516
648d180d46e573000597d1bf,не использован,привязка: привязка не построена: нет валидных узлов,0,0,0,0,,0.82,0.03,3,EPSG:32719,-68.497299,-15.657776
648fa09782845000073c8a4e,не годен по паспорту,площадь 0.27 км² меньше 0.5,0,0,0,0,,0.272,0.03,3,EPSG:32719,-68.066459,-16.538068
6490b800a8a23a00063a00d1,не использован,привязка: привязка не построена: нет валидных узлов,0,0,0,0,,0.674,0.027,3,EPSG:32719,-68.211475,-15.308274
6491a950dc771b0005bdc511,не годен по паспорту,площадь 0.15 км² меньше 0.5,0,0,0,0,,0.155,0.0157,3,EPSG:4026,29.179014,47.103125
649751fca2f35c00061c1090,использован полностью,,1,2,0,0,разметка подтверждена,0.635,0.0369,3,EPSG:32635,,
64975be1a2f35c00061c1094,использован частично,подложка: привязка не построена: нет валидных узлов,2,0,0,0,,0.984,0.0376,3,EPSG:32635,,
6497c829a2f35c00061c10a8,использован полностью,,2,4,0,0,разметка подтверждена,0.758,0.0312,3,EPSG:32635,,
649ae9e396425f0007266e16,не годен по паспорту,площадь 0.04 км² меньше 0.5,0,0,0,0,,0.041,0.0202,3,EPSG:4026,28.762986,47.007784
649ae9e396425f0007266e17,не годен по паспорту,площадь 0.04 км² меньше 0.5,0,0,0,0,,0.041,0.0202,3,EPSG:4026,28.762974,47.00597
649b3f109ca545000157f81e,не годен по паспорту,площадь 0.39 км² меньше 0.5,0,0,0,0,,0.386,0.03,3,EPSG:32719,-68.61943,-16.021089
64a2c27164adbc00012e07ca,не годен по паспорту,площадь 0.03 км² меньше 0.5,0,0,0,0,,0.029,0.0138,3,EPSG:4026,28.832929,47.105243
64a42c4064adbc00012e0821,использован частично,подложка: узлов привязки 1 меньше 5,2,0,0,0,,0.856,0.0386,3,EPSG:32635,,
64a6cf0664adbc00012e098f,использован частично,подложка: узлов привязки 3 меньше 5,1,0,0,0,,0.799,0.044,3,EPSG:32635,,
64a6cf0664adbc00012e0990,использован частично,подложка: привязка не построена: нет валидных узлов,2,0,0,0,,1.093,0.0355,3,EPSG:32635,,
64a6cf0664adbc00012e0991,не годен по паспорту,площадь 0.22 км² меньше 0.5,0,0,0,0,,0.216,0.0157,3,EPSG:32635,,
64a6cf0664adbc00012e0992,использован частично,подложка: узлов привязки 3 меньше 5,2,0,0,0,,1.102,0.0408,3,EPSG:32635,,
64a6cf0664adbc00012e0995,не годен по паспорту,площадь 0.38 км² меньше 0.5,0,0,0,0,,0.38,0.0419,3,EPSG:32635,,
64a6cf0664adbc00012e0996,не годен по паспорту,площадь 0.12 км² меньше 0.5,0,0,0,0,,0.124,0.0408,3,EPSG:32635,,
64a6cfc864adbc00012e0999,использован частично,подложка: 4 пар забраковано аудитом (привязка сдвинута),2,0,0,4,привязка сдвинута,1.574,0.0409,3,EPSG:32635,,
64a6d04e64adbc00012e099f(1),использован частично,подложка: привязка не построена: нет валидных узлов,1,0,0,0,,0.617,0.0368,3,EPSG:32635,,
64bcf31e588675000125adf0,не годен по паспорту,площадь 0.14 км² меньше 0.5,0,0,0,0,,0.144,0.02,3,EPSG:32632,9.185913,47.690052
64cd2b4e23e51c0001889afe,не годен по паспорту,площадь 0.31 км² меньше 0.5,0,0,0,0,,0.306,0.05,3,EPSG:32610,,
64cde1d723e51c0001889b09,использован частично,подложка: узлов привязки 1 меньше 5,3,0,0,0,,0.612,0.05,3,EPSG:32610,,
64cde25223e51c0001889b0b,не годен по паспорту,площадь 0.21 км² меньше 0.5,0,0,0,0,,0.215,0.05,3,EPSG:32610,,
64d0fbf20c67fe00013368dd,не годен по паспорту,площадь 0.09 км² меньше 0.5,0,0,0,0,,0.085,0.0264,3,EPSG:32719,-68.119722,-16.578431
64d1bd4419cb3a000147a56b,не годен по паспорту,площадь 0.27 км² меньше 0.5,0,0,0,0,,0.266,0.0373,3,EPSG:3857,,
64d984ffb9416b00011edba7,использован частично,подложка: узлов привязки 4 меньше 5,4,0,0,0,,1.187,0.0411,3,EPSG:3857,,
64e0cf6454fcac000147755e,не годен по паспорту,площадь 0.26 км² меньше 0.5,0,0,0,0,,0.259,0.0275,3,EPSG:4026,28.801375,47.010274
64e1215e54fcac000147756d,не годен по паспорту,площадь 0.24 км² меньше 0.5,0,0,0,0,,0.245,0.05,3,EPSG:32610,,
64eaaf67d47c3600016eb303,не годен по паспорту,разрешение 0.11 м/пкс грубее 0.1,0,0,0,0,,8.794,0.1125,3,EPSG:6607,,
64ec8d10d47c3600016eb333,не годен по паспорту,площадь 0.43 км² меньше 0.5,0,0,0,0,,0.428,0.02,3,EPSG:4026,28.762051,47.005402
64f0b65d41efac0001e4beb1,использован полностью,,1,2,0,0,разметка подтверждена,0.706,0.0387,3,EPSG:32611,,
64fdcb14649d390001c474f6,не годен по паспорту,площадь 0.28 км² меньше 0.5,0,0,0,0,,0.276,0.02,3,EPSG:32719,-68.132361,-16.577646
64ffaa61649d390001c47569,не годен по паспорту,разрешение 0.11 м/пкс грубее 0.1,0,0,0,0,,6.367,0.1122,3,EPSG:6607,,
650566534a35b70001c38d44,не годен по паспорту,площадь 0.34 км² меньше 0.5,0,0,0,0,,0.335,0.02,3,EPSG:4026,28.762018,47.005596
650857fff17ffb0001796e6c,использован полностью,,10,5,0,11,разметка подтверждена,4.27,0.0852,3,EPSG:6607,,
65088140f17ffb0001796e73,не годен по паспорту,площадь 0.06 км² меньше 0.5,0,0,0,0,,0.059,0.0153,3,EPSG:32619,,
650b9db7bb0a7500019409e6,не годен по паспорту,разрешение 0.11 м/пкс грубее 0.1,0,0,0,0,,8.327,0.1132,3,EPSG:6607,,
650ba415bb0a7500019409ec,использован частично,подложка: узлов привязки 1 меньше 5,2,0,0,0,,0.692,0.0421,3,EPSG:6607,,
650e3180bb0a750001940a29,использован частично,подложка: узлов привязки 2 меньше 5,3,0,0,0,,1.0,0.0839,3,EPSG:6607,,
6517e453e4368300019cbe30,не годен по паспорту,площадь 0.05 км² меньше 0.5,0,0,0,0,,0.049,0.0106,3,EPSG:4026,29.135632,46.874606
6517ec30e4368300019cbe34,не годен по паспорту,площадь 0.08 км² меньше 0.5,0,0,0,0,,0.076,0.0122,3,EPSG:4026,28.725627,46.966255
651a07e0e4368300019cbe5d,использован частично,подложка: узлов привязки 1 меньше 5,1,0,0,0,,1.57,0.0455,3,EPSG:6607,,
6527e436db601900014daa86,не годен по паспорту,разрешение 0.11 м/пкс грубее 0.1,0,0,0,0,,8.315,0.1129,3,EPSG:6607,,
652b559722ab8700015dc9b3,использован частично,подложка: узлов привязки 3 меньше 5,4,0,0,0,,1.732,0.0446,3,EPSG:6609,,
652e863a6df679000110a633,не годен по паспорту,площадь 0.16 км² меньше 0.5,0,0,0,0,,0.157,0.03,3,EPSG:32719,-68.070786,-16.550395
652f2862fb9f0500010165b0,использован полностью,,5,10,0,0,разметка подтверждена,1.8,0.0448,3,EPSG:6609,,
6531e4f569c25a00012826e0,использован частично,подложка: узлов привязки 2 меньше 5,6,0,0,0,привязка сдвинута,1.98,0.0499,3,EPSG:6609,,
65328e3c69c25a00012826f3,использован частично,подложка: привязка не построена: нет валидных узлов,1,0,0,0,,0.611,0.05,3,EPSG:32632,10.452709,46.440977
65347a3b69c25a0001282730,использован частично,подложка: узлов привязки 3 меньше 5,14,0,0,0,,5.809,0.0504,3,EPSG:26797,-92.471696,39.73914
653714b7fbe6460001057d78,не годен по паспорту,площадь 0.12 км² меньше 0.5,0,0,0,0,,0.115,0.05,3,EPSG:32610,,
654235fff0cdb700011d7a4f,использован частично,подложка: привязка не построена: нет валидных узлов,4,0,0,0,,2.422,0.0494,3,EPSG:6411,-94.078674,36.156917
65424d51f0cdb700011d7a5a,использован полностью,,4,8,0,0,разметка подтверждена,1.911,0.0683,3,EPSG:3857,-45.690937,-23.777294
6544f3fef0cdb700011d7ab9,не годен по паспорту,площадь 0.23 км² меньше 0.5,0,0,0,0,,0.235,0.0176,3,EPSG:32760,176.200531,-37.823288
6547dc30f60c3400016677fe,не годен по паспорту,разрешение 0.12 м/пкс грубее 0.1,0,0,0,0,,6.144,0.1246,3,EPSG:6625,-111.918669,40.553363
6547dc30f60c3400016677ff,использован частично,подложка: узлов привязки 4 меньше 5,15,0,0,0,привязка сдвинута,10.096,0.0429,3,EPSG:32026,,
65482c5da83e7f00010287d0,не годен по паспорту,площадь 0.06 км² меньше 0.5,0,0,0,0,,0.057,0.02,3,EPSG:32610,,
65490ffda4d54400011e1a92,не годен по паспорту,площадь 0.04 км² меньше 0.5,0,0,0,0,,0.043,0.02,3,EPSG:32610,,
6554f48f404ec5000161c65c,не годен по паспорту,площадь 0.10 км² меньше 0.5,0,0,0,0,,0.099,0.0178,3,EPSG:32608,-135.177422,59.737945
655512b0404ec5000161c66b,не годен по паспорту,площадь 0.33 км² меньше 0.5,0,0,0,0,,0.325,0.0184,3,EPSG:32608,-134.998697,59.844162
65551f8a404ec5000161c66f,не годен по паспорту,площадь 0.07 км² меньше 0.5,0,0,0,0,,0.072,0.0173,3,EPSG:32608,-135.140198,59.764966
655525e9404ec5000161c673,не годен по паспорту,площадь 0.24 км² меньше 0.5,0,0,0,0,,0.24,0.0229,3,EPSG:32608,,
65552b65404ec5000161c679,не годен по паспорту,площадь 0.14 км² меньше 0.5,0,0,0,0,,0.138,0.0338,3,EPSG:32608,,
65553075404ec5000161c680,не годен по паспорту,площадь 0.09 км² меньше 0.5,0,0,0,0,,0.09,0.0223,3,EPSG:32608,,
6555452a404ec5000161c68f,не годен по паспорту,площадь 0.17 км² меньше 0.5,0,0,0,0,,0.17,0.029,3,EPSG:32607,,
655546fc404ec5000161c692,использован частично,подложка: узлов привязки 3 меньше 5,2,0,0,0,,0.719,0.0371,3,EPSG:26914,,
655639d43aa0a7000131675a,не использован,привязка: привязка не построена: нет валидных узлов,0,0,0,0,,1.558,0.0394,3,EPSG:32615,,
655780663aa0a700013167ca,использован полностью,,14,12,0,0,без структуры,8.451,0.0567,3,"PROJCS[""Ottertail"",GEOGCS[""Ottertail"",DATUM[""Ottertail"",SPHEROID[""Ellipsoid from Data Collector"",6378525.621,298.2572197616],TOWGS84[0,0,0,0,0,0,-60.930000009]],PRIMEM[""Greenwich"",0],UNIT[""degree"",0.0174532925199433,AUTHORITY[""EPSG"",""9122""]]],PROJECTION[""Lambert_Conformal_Conic_2SP""],PARAMETER[""latitude_of_origin"",46.10638888889],PARAMETER[""central_meridian"",-95.71666666667],PARAMETER[""standard_parallel_1"",46.65],PARAMETER[""standard_parallel_2"",46.18333333333],PARAMETER[""false_easting"",499999.999998],PARAMETER[""false_northing"",100000.0001308],UNIT[""US survey foot"",0.304800609601219,AUTHORITY[""EPSG"",""9003""]],AXIS[""Easting"",EAST],AXIS[""Northing"",NORTH]]",,
655780663aa0a700013167cc,использован полностью,,15,12,0,0,без структуры,58.751,0.0995,3,"PROJCS[""Ottertail"",GEOGCS[""Ottertail"",DATUM[""Ottertail"",SPHEROID[""Ellipsoid from Data Collector"",6378525.621,298.2572197616],TOWGS84[0,0,0,0,0,0,-60.930000009]],PRIMEM[""Greenwich"",0],UNIT[""degree"",0.0174532925199433,AUTHORITY[""EPSG"",""9122""]]],PROJECTION[""Lambert_Conformal_Conic_2SP""],PARAMETER[""latitude_of_origin"",46.10638888889],PARAMETER[""central_meridian"",-95.71666666667],PARAMETER[""standard_parallel_1"",46.65],PARAMETER[""standard_parallel_2"",46.18333333333],PARAMETER[""false_easting"",499999.999998],PARAMETER[""false_northing"",100000.0001308],UNIT[""US survey foot"",0.304800609601219,AUTHORITY[""EPSG"",""9003""]],AXIS[""Easting"",EAST],AXIS[""Northing"",NORTH]]",,
655786c53aa0a700013167dd,использован частично,подложка: узлов привязки 2 меньше 5,1,0,0,0,,2.021,0.0467,3,EPSG:26914,,
65578fb43aa0a700013167eb,использован полностью,,1,2,0,0,разметка подтверждена,0.916,0.0455,3,EPSG:26914,,
655791aa3aa0a700013167ee,не годен по паспорту,площадь 0.24 км² меньше 0.5,0,0,0,0,,0.242,0.0261,3,EPSG:26914,,
655fc28c3aa0a70001316aef,не годен по паспорту,площадь 0.31 км² меньше 0.5,0,0,0,0,,0.306,0.1563,3,EPSG:32614,,
65734bb1694a1c0001aa44e1,использован полностью,,7,12,0,0,разметка подтверждена,2.843,0.05,3,EPSG:31982,-48.767897,-26.619666
65766bf8e8628500014ae603,использован частично,подложка: узлов привязки 1 меньше 5,2,0,0,0,,1.247,0.0494,3,EPSG:6411,-94.061444,36.161404
657fa2636f7ed800016c58a8,не годен по паспорту,площадь 0.11 км² меньше 0.5,0,0,0,0,,0.113,0.02,3,EPSG:32610,,
6582002b6f7ed800016c58f4,не годен по паспорту,площадь 0.07 км² меньше 0.5,0,0,0,0,,0.068,0.02,3,EPSG:32610,,
65904bc5bff11f000103b0d9,не годен по паспорту,площадь 0.14 км² меньше 0.5,0,0,0,0,,0.137,0.05,3,EPSG:32615,-94.413161,38.81288
65918c7abff11f000103b111,не годен по паспорту,площадь 0.10 км² меньше 0.5,0,0,0,0,,0.099,0.05,3,EPSG:32615,-94.412877,38.811142
6594685ec2e5aa0001f0a010,не годен по паспорту,площадь 0.08 км² меньше 0.5,0,0,0,0,,0.076,0.02,3,EPSG:32610,,
6595b224c2e5aa0001f0a040,не годен по паспорту,площадь 0.20 км² меньше 0.5,0,0,0,0,,0.201,0.03,3,EPSG:32719,-68.126694,-16.466123
65a8d89e71b11e0001cea7ea,не использован,"годен, но ни одной пары не вышло",0,0,0,0,,0.572,0.02,3,EPSG:32632,7.091319,46.256183
65a8d9c471b11e0001cea7ee,использован полностью,,4,8,0,0,разметка подтверждена,1.326,0.02,3,EPSG:32632,7.00766,46.250199
65a8e37171b11e0001cea7f4,использован полностью,,1,2,0,0,разметка подтверждена,0.689,0.02,3,EPSG:32632,7.007529,46.248731
65a8fa8e71b11e0001cea7f9,не годен по паспорту,площадь 0.41 км² меньше 0.5,0,0,0,0,,0.409,0.02,3,EPSG:32632,7.070623,46.261137
65b3d18471b11e0001cea9a0,использован полностью,,6,12,0,0,разметка подтверждена,2.312,0.0297,3,EPSG:32635,,
65c4b971ed310f000161306b,использован полностью,,15,12,0,0,разметка подтверждена,21.887,0.05,3,EPSG:2193,172.541698,-43.288966
65c6d3c58931500001717dd7,использован частично,подложка: привязка не построена: нет валидных узлов,5,0,0,0,,2.11,0.05,4,EPSG:32719,-68.125414,-13.76762
65ca69ee8931500001717e75,использован полностью,,1,2,0,0,разметка подтверждена,1.085,0.06,3,EPSG:32645,84.40829,27.9381
65d9eb367175970001f71812(1),не годен по паспорту,площадь 0.25 км² меньше 0.5,0,0,0,0,,0.25,0.04,3,EPSG:3059,,
65d9eb367175970001f71813,не годен по паспорту,площадь 0.25 км² меньше 0.5,0,0,0,0,,0.25,0.04,3,EPSG:3059,,
65d9eb367175970001f71815,не годен по паспорту,площадь 0.25 км² меньше 0.5,0,0,0,0,,0.25,0.04,3,EPSG:3059,,
65d9eb367175970001f71818,не годен по паспорту,площадь 0.25 км² меньше 0.5,0,0,0,0,,0.25,0.04,3,EPSG:3059,,
65d9fa657175970001f7182e,использован полностью,,1,2,0,0,разметка подтверждена,1.332,0.02,3,EPSG:3059,,
65da29737175970001f71839,использован частично,подложка: узлов привязки 2 меньше 5,3,0,0,0,,2.397,0.02,3,EPSG:3059,,
65da29737175970001f7183a,использован частично,подложка: узлов привязки 3 меньше 5,2,0,0,0,,1.675,0.02,3,EPSG:3059,,
65dc439d7175970001f7188d,не годен по паспорту,площадь 0.30 км² меньше 0.5,0,0,0,0,,0.297,0.0257,3,EPSG:32615,,
65dcaa807175970001f7189f,использован частично,подложка: привязка не построена: нет валидных узлов,2,0,0,0,,1.585,0.04,3,EPSG:32719,-67.878902,-15.497593
65dd1ca57175970001f718b7,не использован,привязка: привязка не построена: нет валидных узлов,0,0,0,0,,0.811,0.05,3,EPSG:32719,-68.004987,-15.558866
65dd46207175970001f718be,не годен по паспорту,площадь 0.47 км² меньше 0.5,0,0,0,0,,0.475,0.04,3,EPSG:32719,-67.554833,-15.839725
65de65307175970001f718ee,не годен по паспорту,площадь 0.42 км² меньше 0.5,0,0,0,0,,0.416,0.0373,3,EPSG:3857,,
65df47987175970001f7192d,использован частично,подложка: привязка не построена: нет валидных узлов,2,0,0,0,,1.585,0.04,1,EPSG:32719,-67.878902,-15.497593
65e042b6b5e88b00012ef151,не годен по паспорту,разрешение 0.10 м/пкс грубее 0.1,0,0,0,0,,0.51,0.1034,3,EPSG:3857,,
65e04555b5e88b00012ef153,не годен по паспорту,площадь 0.48 км² меньше 0.5,0,0,0,0,,0.477,0.0278,3,EPSG:3857,,
65e08022b5e88b00012ef168,не использован,привязка: привязка не построена: нет валидных узлов,0,0,0,0,,0.811,0.05,1,EPSG:32719,-68.004987,-15.558866
65e104dbb5e88b00012ef185,не годен по паспорту,площадь 0.47 км² меньше 0.5,0,0,0,0,,0.475,0.04,1,EPSG:32719,-67.554833,-15.839725
65e615cee6f8d400012823a2,использован частично,подложка: узлов привязки 2 меньше 5,3,0,0,0,,2.139,0.0495,3,EPSG:6411,-92.33541,35.871977
65e750a6eda08f0001ffcee4,использован полностью,,4,8,0,0,разметка подтверждена,1.409,0.0415,3,EPSG:32724,-38.09344,-6.618522
65e7833deda08f0001ffcef1,использован полностью,,9,12,0,0,разметка подтверждена,2.014,0.0415,3,EPSG:32724,-38.093722,-6.619795
65f8a846ea431b000145add9,не годен по паспорту,площадь 0.14 км² меньше 0.5,0,0,0,0,,0.139,0.0187,3,EPSG:3857,,
65f8b818ea431b000145adeb,использован частично,подложка: привязка не построена: нет валидных узлов,3,0,0,0,,2.453,0.0373,3,EPSG:3857,,
65f8b818ea431b000145adec,использован частично,подложка: привязка не построена: нет валидных узлов,1,0,0,0,,1.28,0.0401,3,EPSG:3857,,
65f8b818ea431b000145aded,использован полностью,,1,2,0,0,разметка подтверждена,0.651,0.0403,3,EPSG:3857,,
65f8b818ea431b000145adee,не годен по паспорту,площадь 0.38 км² меньше 0.5,0,0,0,0,,0.383,0.043,3,EPSG:3857,,
65f8b818ea431b000145adf1,использован частично,подложка: узлов привязки 4 меньше 5,1,0,0,0,,0.548,0.0382,3,EPSG:3857,,
65f8b818ea431b000145adf2,не годен по паспорту,площадь 0.17 км² меньше 0.5,0,0,0,0,,0.171,0.0271,3,EPSG:3857,,
65f8b818ea431b000145adf3,использован частично,подложка: узлов привязки 4 меньше 5,2,0,0,0,,1.296,0.0374,3,EPSG:3857,,
65f8b818ea431b000145adf4,использован полностью,,1,2,0,0,разметка подтверждена,0.559,0.0373,3,EPSG:3857,,
65fcabc5ea431b000145aea2,не годен по паспорту,площадь 0.38 км² меньше 0.5,0,0,0,0,,0.382,0.05,3,EPSG:32615,,
66085005fca0b60001ebc52a,не годен по паспорту,неметрический CRS: единицы сетки не метры,0,0,0,0,,0.0,0.0,3,EPSG:4326,,
6610b349c055e600014ac4b5,не годен по паспорту,площадь 0.31 км² меньше 0.5,0,0,0,0,,0.311,0.0356,3,EPSG:32719,-68.054885,-38.940085
6610b3dec055e600014ac4b8,не годен по паспорту,площадь 0.40 км² меньше 0.5,0,0,0,0,,0.402,0.0358,3,EPSG:32719,-71.134747,-39.900874
66112ed2c055e600014ac4c6,не годен по паспорту,площадь 0.02 км² меньше 0.5,0,0,0,0,,0.022,0.0306,3,EPSG:32653,137.285761,37.497037
661a44791e47d00001ac0324,использован полностью,,5,10,0,0,разметка подтверждена,2.186,0.0414,3,EPSG:32653,136.258143,36.299996
661caee21e47d00001ac0363,использован полностью,,4,8,0,0,разметка подтверждена,2.008,0.0195,3,EPSG:32653,136.258068,36.300047
66230310bb689b000146b575,не годен по паспорту,площадь 0.07 км² меньше 0.5,0,0,0,0,,0.067,0.02,3,EPSG:32610,,
662a6db16049ef00013b805f,не годен по паспорту,площадь 0.18 км² меньше 0.5,0,0,0,0,,0.182,0.0373,3,EPSG:3857,,
662f32616049ef00013b8115,использован полностью,,2,2,0,0,разметка подтверждена,1.126,0.0344,3,EPSG:3857,,
663252376049ef00013b81e4,использован полностью,,3,6,0,0,разметка подтверждена,2.153,0.0373,3,EPSG:3857,,
663275906049ef00013b81e9,использован полностью,,2,4,0,0,без структуры,1.036,0.0271,3,EPSG:32630,,
6632a7316049ef00013b820a,не годен по паспорту,площадь 0.39 км² меньше 0.5,0,0,0,0,,0.393,0.0282,3,EPSG:32630,,
6632af3c6049ef00013b8212,не использован,привязка: привязка не построена: нет валидных узлов,0,0,0,0,,0.745,0.05,4,EPSG:32719,-68.323574,-16.629819
6633b7da6049ef00013b824a,использован полностью,,7,12,0,0,разметка подтверждена,2.16,0.0301,3,EPSG:8088,-21.764451,65.109068
6633d1146049ef00013b8257,использован частично,подложка: узлов привязки 3 меньше 5,1,0,0,0,,0.574,0.0256,3,EPSG:32630,,
6633da606049ef00013b825a,не годен по паспорту,площадь 0.34 км² меньше 0.5,0,0,0,0,,0.335,0.0682,3,EPSG:32630,,
6633de4b6049ef00013b825f,использован полностью,,3,6,0,0,разметка подтверждена,1.086,0.05,3,EPSG:32630,,
6633f5876049ef00013b826c,не годен по паспорту,площадь 0.36 км² меньше 0.5,0,0,0,0,,0.364,0.024,3,EPSG:32630,,
663405156049ef00013b8274,использован полностью,,9,12,0,0,разметка подтверждена,5.689,0.05,3,EPSG:8088,-14.833341,65.755082
663418f36049ef00013b8277,использован полностью,,15,12,0,0,разметка подтверждена,8.229,0.035,3,EPSG:8088,-15.198007,64.253864
663421596049ef00013b827b,использован полностью,,2,4,0,0,разметка подтверждена,3.03,0.025,3,EPSG:8088,-21.678816,65.703899
6634a4936049ef00013b82ba,не годен по паспорту,площадь 0.13 км² меньше 0.5,0,0,0,0,,0.127,0.0268,3,EPSG:32630,,
6634dcf76049ef00013b82e0,не годен по паспорту,площадь 0.10 км² меньше 0.5,0,0,0,0,,0.105,0.0281,3,EPSG:32630,,
663526ef6049ef00013b82fc,использован частично,подложка: узлов привязки 4 меньше 5,1,0,0,0,без структуры,0.801,0.05,3,EPSG:32610,,
663547f56049ef00013b8302,использован частично,подложка: узлов привязки 1 меньше 5,1,0,0,0,,0.576,0.05,3,EPSG:32610,,
663549686049ef00013b8304,не годен по паспорту,площадь 0.37 км² меньше 0.5,0,0,0,0,,0.372,0.1,3,EPSG:32610,,
66354fcd6049ef00013b830c,использован частично,подложка: 6 пар забраковано аудитом (привязка сдвинута),3,0,13,6,привязка сдвинута,1.936,0.0807,3,EPSG:32610,,
6637adc66049ef00013b8398,использован полностью,,6,12,6,0,разметка подтверждена,1.974,0.0801,3,EPSG:32610,,
6637b13d6049ef00013b839d,не годен по паспорту,площадь 0.34 км² меньше 0.5,0,0,0,0,,0.342,0.05,3,EPSG:32610,,
6637b2406049ef00013b839f,использован частично,подложка: привязка не построена: нет валидных узлов,2,0,0,0,,0.784,0.05,3,EPSG:32610,,
663897066049ef00013b83b2,использован частично,подложка: узлов привязки 2 меньше 5,1,0,0,0,,0.576,0.0248,3,EPSG:32630,,
6638a73f6049ef00013b83bc,использован полностью,,11,12,0,0,проверено частично,3.336,0.0673,3,EPSG:32630,,
6640e4676049ef00013b8544,не годен по паспорту,площадь 0.28 км² меньше 0.5,0,0,0,0,,0.28,0.04,3,EPSG:32719,-68.120649,-16.539449
664130be6049ef00013b8558,не годен по паспорту,площадь 0.28 км² меньше 0.5,0,0,0,0,,0.28,0.04,1,EPSG:32719,-68.120649,-16.539449
6642e7669af9850001610abe,не годен по паспорту,площадь 0.23 км² меньше 0.5,0,0,0,0,,0.226,0.0373,3,EPSG:3857,,
6643671d9af9850001610ad8,использован полностью,,1,2,0,0,разметка подтверждена,0.773,0.0262,3,EPSG:3857,,
6644aef369761d0001497215,не годен по паспорту,площадь 0.04 км² меньше 0.5,0,0,0,0,,0.041,0.02,3,EPSG:32719,-68.103871,-16.556928
66451ef169761d000149722a,не годен по паспорту,площадь 0.04 км² меньше 0.5,0,0,0,0,,0.041,0.02,1,EPSG:32719,-68.103871,-16.556928
664a10a449dd860001fae068,использован полностью,,1,2,0,0,разметка подтверждена,0.675,0.03,3,EPSG:32719,-68.071136,-16.499945
66548ad749dd860001fae239,использован полностью,,1,2,0,0,разметка подтверждена,0.655,0.04,3,EPSG:32719,-68.065793,-16.541384
665bebca077b560001904d1b,не годен по паспорту,неметрический CRS: единицы сетки не метры,0,0,0,0,,0.0,0.0,3,EPSG:4326,,
665c95bc077b560001904d2e,не годен по паспорту,неметрический CRS: единицы сетки не метры,0,0,0,0,,0.0,0.0,3,EPSG:4326,,
66622f783ff7660001bc9708,использован полностью,,5,10,0,0,разметка подтверждена,2.306,0.02,3,EPSG:32610,,
666b7775f1cf8e0001fb2f0c,использован полностью,,1,2,0,0,разметка подтверждена,0.913,0.05,3,EPSG:31982,-51.499385,-30.122924
6670256bf1cf8e0001fb2f88,использован полностью,,2,4,0,0,разметка подтверждена,1.258,0.0419,3,EPSG:3844,25.158634,45.007128
667b33c91b35ab0001a5368d,не годен по паспорту,неметрический CRS: единицы сетки не метры,0,0,0,0,,0.0,0.0,3,EPSG:4326,28.787253,47.054574
667d665a1b35ab0001a536e7,не годен по паспорту,неметрический CRS: единицы сетки не метры,0,0,0,0,,0.0,0.0,3,EPSG:4326,28.812653,47.029717
668191971b35ab0001a53777,не годен по паспорту,площадь 0.13 км² меньше 0.5,0,0,0,0,,0.127,0.028,3,EPSG:32635,,
668dd5911684770001c338a7,не годен по паспорту,площадь 0.07 км² меньше 0.5,0,0,0,0,,0.066,0.0233,3,EPSG:32760,174.701234,-36.873102
668dee381684770001c338ad,не годен по паспорту,площадь 0.31 км² меньше 0.5,0,0,0,0,,0.311,0.03,3,EPSG:32719,-67.666282,-16.403077
66960ffa1684770001c339bc,не годен по паспорту,площадь 0.10 км² меньше 0.5,0,0,0,0,,0.103,0.015,3,EPSG:4026,28.962906,46.331543
66992cc41684770001c33a78,не годен по паспорту,площадь 0.13 км² меньше 0.5,0,0,0,0,,0.131,0.0223,3,EPSG:5623,,
669e2e8178128a0001441702,использован частично,подложка: узлов привязки 4 меньше 5,1,0,0,0,,0.64,0.05,3,EPSG:32632,6.160376,48.263859
66afb9ac7fa78f00018c95b3,использован частично,подложка: привязка не построена: нет валидных узлов,1,0,4,0,,0.525,0.02,3,EPSG:32632,6.159289,48.262405
66b6afdb-3221-4964-a9c6-786e9689ed66,не годен по паспорту,неметрический CRS: единицы сетки не метры,0,0,0,0,,0.0,0.0,3,EPSG:4326,,
66bbed0b98a7740001cf3cbd,не годен по паспорту,неметрический CRS: единицы сетки не метры,0,0,0,0,,0.0,0.0,3,EPSG:4326,45.872931,64.732265
66c38a4938fdcc0001dc7137,использован полностью,,1,2,0,0,без структуры,0.876,0.0541,3,EPSG:31983,-46.142474,-23.852275
66c4e5c00378ba0001bb5e0b,использован полностью,,3,6,0,0,разметка подтверждена,1.668,0.0394,3,EPSG:5253,27.104522,38.495221
66c6856c0378ba0001bb5e47,не годен по паспорту,площадь 0.18 км² меньше 0.5,0,0,0,0,,0.179,0.03,3,EPSG:32719,-68.064921,-16.494918
66cf16cc11a1ae0001f7afab,не годен по паспорту,неметрический CRS: единицы сетки не метры,0,0,0,0,,0.0,0.0,3,EPSG:4326,-46.223517,-23.967039
66cf4fa811a1ae0001f7afbe,использован полностью,,4,8,0,0,разметка подтверждена,1.972,0.05,3,EPSG:32617,,
66d536d611a1ae0001f7b098,использован частично,подложка: привязка не построена: нет валидных узлов,1,0,0,0,,0.505,0.05,3,EPSG:32719,-71.779792,-13.491504
66deb0c2cd0baa0001b61ff1,использован полностью,,2,4,0,0,разметка подтверждена,2.051,0.0548,3,EPSG:32632,7.016311,47.062551
66df2c4ccd0baa0001b62013,не годен по паспорту,неметрический CRS: единицы сетки не метры,0,0,0,0,,0.0,0.0,3,EPSG:4326,28.815846,47.042073
66df2c4ccd0baa0001b62016,не годен по паспорту,неметрический CRS: единицы сетки не метры,0,0,0,0,,0.0,0.0,3,EPSG:4326,28.817875,47.042073
66df2c4ccd0baa0001b62017,не годен по паспорту,неметрический CRS: единицы сетки не метры,0,0,0,0,,0.0,0.0,3,EPSG:4326,28.817875,47.040686
66df2c4ccd0baa0001b6201a,не годен по паспорту,неметрический CRS: единицы сетки не метры,0,0,0,0,,0.0,0.0,3,EPSG:4326,28.819904,47.04346
66df2c4ccd0baa0001b6201c,не годен по паспорту,неметрический CRS: единицы сетки не метры,0,0,0,0,,0.0,0.0,3,EPSG:4326,28.819904,47.040686
66df2c4ccd0baa0001b62024,не годен по паспорту,неметрический CRS: единицы сетки не метры,0,0,0,0,,0.0,0.0,3,EPSG:4326,28.821932,47.037913
66df2c4ccd0baa0001b62027,не годен по паспорту,неметрический CRS: единицы сетки не метры,0,0,0,0,,0.0,0.0,3,EPSG:4326,28.823961,47.040686
66f29db15b27b10001e4b6d1,использован полностью,,2,4,0,0,разметка подтверждена,0.824,0.0626,3,EPSG:32633,,
66f7320a5b27b10001e4b796,использован полностью,,15,12,0,0,разметка подтверждена,7.009,0.05,3,EPSG:32725,-35.471273,-6.598865
66fb0b6023ed2600011d5273,использован частично,подложка: узлов привязки 2 меньше 5,4,0,0,0,,1.889,0.0333,3,EPSG:6347,,
66fb186a23ed2600011d5276,использован полностью,,3,6,0,0,без структуры,1.957,0.0327,3,EPSG:6347,,
66fc380d38485f0001fb6d9e,не годен по паспорту,площадь 0.10 км² меньше 0.5,0,0,0,0,,0.104,0.0163,3,EPSG:6347,,
66fe5fecd276a9000171c150,не годен по паспорту,площадь 0.06 км² меньше 0.5,0,0,0,0,,0.059,0.02,3,EPSG:32612,-111.918899,40.776988
67004cfd780b5d00014e6841,не годен по паспорту,площадь 0.14 км² меньше 0.5,0,0,0,0,,0.141,0.0229,3,EPSG:32719,-68.067478,-16.538022
6703ee5f327f3c00012b0dfb,использован частично,подложка: привязка не построена: нет валидных узлов,1,0,0,0,,0.739,0.02,3,EPSG:32632,6.159274,48.26373
670592dc327f3c00012b0f12,использован полностью,,15,12,0,0,разметка подтверждена,7.16,0.09,3,EPSG:32614,,
670592dd327f3c00012b0f14,использован полностью,,8,12,0,0,разметка подтверждена,2.601,0.085,3,EPSG:32614,,
670592dd327f3c00012b0f18,использован полностью,,15,12,0,0,разметка подтверждена,23.976,0.09,3,EPSG:32615,,
67059310327f3c00012b0f2e,использован полностью,,15,12,0,0,разметка подтверждена,14.904,0.09,3,EPSG:32614,,
67059319327f3c00012b0f5e,использован полностью,,15,12,0,0,разметка подтверждена,45.021,0.0862,3,EPSG:32615,,
67059319327f3c00012b0f60,использован полностью,,15,12,0,0,разметка подтверждена,33.439,0.0958,3,EPSG:32615,,
67059319327f3c00012b0f62,не годен по паспорту,площадь 0.39 км² меньше 0.5,0,0,0,0,,0.386,0.0117,3,EPSG:32615,,
6705931a327f3c00012b0f64,не годен по паспорту,площадь 0.24 км² меньше 0.5,0,0,0,0,,0.243,0.0122,3,EPSG:32615,,
6705931a327f3c00012b0f66,использован полностью,,1,2,0,0,разметка подтверждена,0.938,0.0111,3,EPSG:32615,,
6705931a327f3c00012b0f68,использован полностью,,2,4,0,0,разметка подтверждена,0.741,0.0165,3,EPSG:32615,,
6705931b327f3c00012b0f6a,использован полностью,,1,2,0,0,разметка подтверждена,0.627,0.0173,3,EPSG:32615,,
6705931b327f3c00012b0f6c,использован полностью,,1,2,0,0,разметка подтверждена,0.676,0.0167,3,EPSG:32615,,
67212b342f04c1000151b1a6,не годен по паспорту,площадь 0.07 км² меньше 0.5,0,0,0,0,,0.066,0.0214,3,EPSG:32608,,
67212b342f04c1000151b1a6(1),не годен по паспорту,площадь 0.07 км² меньше 0.5,0,0,0,0,,0.066,0.0214,3,EPSG:32608,-137.516851,60.753224
6723a2e4a17ee50001c9612f,использован полностью,,15,12,0,0,разметка подтверждена,77.111,0.07,3,EPSG:32615,-90.879486,32.906068
672b643aaaec3200017871aa,не годен по паспорту,площадь 0.29 км² меньше 0.5,0,0,0,0,,0.292,0.02,3,EPSG:32632,,
672b668baaec3200017871ac,не годен по паспорту,площадь 0.14 км² меньше 0.5,0,0,0,0,,0.143,0.02,3,EPSG:32632,,
672b6713aaec3200017871ae,использован частично,подложка: узлов привязки 1 меньше 5,3,0,0,0,,1.472,0.05,3,EPSG:32632,,
672cc90504bd070001991c3e,использован полностью,,1,2,0,0,разметка подтверждена,0.516,0.02,3,EPSG:32632,6.159255,48.262422
672f4e3d04bd070001991ca6,использован частично,подложка: узлов привязки 4 меньше 5,1,0,0,0,,0.554,0.0511,3,EPSG:32630,,
673434316d83c500015ecbc0,не годен по паспорту,площадь 0.09 км² меньше 0.5,0,0,0,0,,0.089,0.02,3,EPSG:32614,-96.898594,33.650615
6734e2ce5604c600010b430d,не годен по паспорту,площадь 0.18 км² меньше 0.5,0,0,0,0,,0.185,0.0414,3,EPSG:26914,,
6734e5335604c600010b4316,использован частично,подложка: узлов привязки 2 меньше 5,2,0,0,0,,0.85,0.0471,3,EPSG:26914,,
6734e85f5604c600010b4321,использован полностью,,1,2,0,0,разметка подтверждена,0.667,0.0478,3,EPSG:26914,,
6734e9ae5604c600010b4324,использован частично,подложка: узлов привязки 1 меньше 5,1,0,0,0,,0.673,0.0459,3,EPSG:26914,,
6734f7455604c600010b4330,использован полностью,,3,6,0,0,разметка подтверждена,1.439,0.0422,3,EPSG:26914,,
67350ad55604c600010b4341,не годен по паспорту,площадь 0.34 км² меньше 0.5,0,0,0,0,,0.343,0.044,3,EPSG:26914,,
673e4b1ca9a0dd0001ad2c2a(1),использован частично,подложка: узлов привязки 2 меньше 5,2,0,0,0,,0.739,0.05,3,EPSG:32632,,
67463f7e61d8410001b28a0f,не годен по паспорту,площадь 0.43 км² меньше 0.5,0,0,0,0,,0.432,0.0235,3,EPSG:32617,,
6746415061d8410001b28a13,использован частично,подложка: узлов привязки 4 меньше 5,1,0,0,0,без структуры,0.838,0.0308,3,EPSG:32617,,
674d73634b42e10001876e6b,не годен по паспорту,площадь 0.44 км² меньше 0.5,0,0,0,0,,0.437,0.05,3,EPSG:32617,,
676180b82c41e60001b76567,использован частично,подложка: привязка не построена: нет валидных узлов,1,0,0,0,,0.694,0.0739,3,EPSG:32722,-48.852762,-24.598088
67644089896e400001ceaa58,не годен по паспорту,площадь 0.10 км² меньше 0.5,0,0,0,0,,0.095,0.0396,3,EPSG:32615,-91.672761,38.22453
677177933ce5880001e6349c,не годен по паспорту,площадь 0.14 км² меньше 0.5,0,0,0,0,,0.143,0.0122,3,"COMPD_CS[""WGS 84 / UTM zone 19N + EGM96 height"",PROJCS[""WGS 84 / UTM zone 19N"",GEOGCS[""WGS 84"",DATUM[""WGS_1984"",SPHEROID[""WGS 84"",6378137,298.257223563,AUTHORITY[""EPSG"",""7030""]],AUTHORITY[""EPSG"",""6326""]],PRIMEM[""Greenwich"",0,AUTHORITY[""EPSG"",""8901""]],UNIT[""degree"",0.0174532925199433,AUTHORITY[""EPSG"",""9122""]],AUTHORITY[""EPSG"",""4326""]],PROJECTION[""Transverse_Mercator""],PARAMETER[""latitude_of_origin"",0],PARAMETER[""central_meridian"",-69],PARAMETER[""scale_factor"",0.9996],PARAMETER[""false_easting"",500000],PARAMETER[""false_northing"",0],UNIT[""metre"",1,AUTHORITY[""EPSG"",""9001""]],AXIS[""Easting"",EAST],AXIS[""Northing"",NORTH],AUTHORITY[""EPSG"",""32619""]],VERT_CS[""EGM96 height"",VERT_DATUM[""EGM96 geoid"",2005,AUTHORITY[""EPSG"",""5171""]],UNIT[""metre"",1,AUTHORITY[""EPSG"",""9001""]],AXIS[""Gravity-related height"",UP],AUTHORITY[""EPSG"",""5773""]]]",,
6771a36d3ce5880001e634a1,не годен по паспорту,площадь 0.34 км² меньше 0.5,0,0,0,0,,0.335,0.0261,1,EPSG:32719,-68.704876,-16.102926
6782b3a4a07cc20001818cee,использован частично,подложка: узлов привязки 4 меньше 5,1,0,3,0,,0.511,0.02,3,EPSG:32632,6.159282,48.262397
6789216f1b953900016c6906,использован полностью,,2,4,0,0,разметка подтверждена,1.482,0.0373,3,EPSG:3857,,
6789216f1b953900016c6906(1),использован полностью,,2,4,0,0,разметка подтверждена,1.482,0.0373,3,EPSG:3857,,
6792e0d18fbd620001a3d191,не годен по паспорту,площадь 0.27 км² меньше 0.5,0,0,0,0,,0.272,0.0145,3,EPSG:32632,6.181803,48.405631
679d2048d5ec7d92c0869f70,не годен по паспорту,площадь 0.10 км² меньше 0.5,0,0,0,0,,0.104,0.0097,3,"COMPD_CS[""WGS 84 / UTM zone 19N + EGM96 height"",PROJCS[""WGS 84 / UTM zone 19N"",GEOGCS[""WGS 84"",DATUM[""WGS_1984"",SPHEROID[""WGS 84"",6378137,298.257223563,AUTHORITY[""EPSG"",""7030""]],AUTHORITY[""EPSG"",""6326""]],PRIMEM[""Greenwich"",0,AUTHORITY[""EPSG"",""8901""]],UNIT[""degree"",0.0174532925199433,AUTHORITY[""EPSG"",""9122""]],AUTHORITY[""EPSG"",""4326""]],PROJECTION[""Transverse_Mercator""],PARAMETER[""latitude_of_origin"",0],PARAMETER[""central_meridian"",-69],PARAMETER[""scale_factor"",0.9996],PARAMETER[""false_easting"",500000],PARAMETER[""false_northing"",0],UNIT[""metre"",1,AUTHORITY[""EPSG"",""9001""]],AXIS[""Easting"",EAST],AXIS[""Northing"",NORTH],AUTHORITY[""EPSG"",""32619""]],VERT_CS[""EGM96 height"",VERT_DATUM[""EGM96 geoid"",2005,AUTHORITY[""EPSG"",""5171""]],UNIT[""metre"",1,AUTHORITY[""EPSG"",""9001""]],AXIS[""Gravity-related height"",UP],AUTHORITY[""EPSG"",""5773""]]]",,
67a7b1ed3109fff30a59c383,использован полностью,,2,4,0,0,разметка подтверждена,1.158,0.038,3,EPSG:32636,35.710787,33.216055
67af21b53d41f85c56807728,не годен по паспорту,площадь 0.19 км² меньше 0.5,0,0,0,0,,0.188,0.0157,3,EPSG:4026,28.690844,47.107687
67b3921452200bd46b3a26d3,использован частично,подложка: узлов привязки 4 меньше 5,1,0,0,0,,0.594,0.0233,3,EPSG:32632,6.161293,48.505542
67b862946f33238dbf8a7629,использован частично,подложка: привязка не построена: нет валидных узлов,1,0,0,0,,0.576,0.0565,3,EPSG:3857,85.444626,27.629023
67c83d4ec9e07cefe18ee5af,не годен по паспорту,площадь 0.37 км² меньше 0.5,0,0,0,0,,0.37,0.0352,3,EPSG:32723,-47.500265,-23.261962
67cf89e239bbbf913bbffe0c,не годен по паспорту,площадь 0.04 км² меньше 0.5,0,0,0,0,,0.037,0.02,3,EPSG:32719,-68.04145,-16.541529
67d20c0667d7a1f4568bd978,не годен по паспорту,площадь 0.10 км² меньше 0.5,0,0,0,0,,0.103,0.0173,3,EPSG:26912,,
67d3e54f29c3f8a67574736d,не годен по паспорту,площадь 0.12 км² меньше 0.5,0,0,0,0,,0.115,0.0258,3,EPSG:32634,,
67d58565c8ccd45a00aa3325,использован полностью,,1,2,0,0,разметка подтверждена,0.923,0.04,3,EPSG:32719,-68.04143,-16.541226
67d58e6dc8ccd45a00aa3d39,использован полностью,,2,4,0,0,разметка подтверждена,0.703,0.05,3,EPSG:32638,44.521942,40.196021
67d886201325d3f9345c9753,использован частично,подложка: привязка не построена: нет валидных узлов,1,0,0,0,,0.659,0.03,1,EPSG:32719,-68.069399,-16.594723
67db5f80ccf7299e770a7844,использован частично,подложка: привязка не построена: нет валидных узлов,1,0,0,0,,0.923,0.04,1,EPSG:32719,-68.04143,-16.541226
67e42691305c6aa345b8493a,не годен по паспорту,площадь 0.27 км² меньше 0.5,0,0,0,0,,0.265,0.0218,3,EPSG:25835,,
67ef3883ca6f76f97a4b0144,использован полностью,,2,4,0,0,разметка подтверждена,1.129,0.03,3,EPSG:32719,-68.127838,-16.519643
67efeb6eca6f76f97a4bce2a,использован полностью,,2,4,0,0,разметка подтверждена,1.129,0.03,1,EPSG:32719,-68.127838,-16.519643
67f54da464f766dda71a2bd0,не годен по паспорту,площадь 0.13 км² меньше 0.5,0,0,0,0,,0.13,0.0207,3,EPSG:32654,140.910707,63.359619
67f9debbd43706006b1810a4,не годен по паспорту,площадь 0.04 км² меньше 0.5,0,0,0,0,,0.045,0.05,3,EPSG:32610,,
6800d73b0859d5432c0610c4,не годен по паспорту,неметрический CRS: единицы сетки не метры,0,0,0,0,,0.0,0.0,3,EPSG:4326,28.713461,47.129817
6804ee1b66ff35e19b1d45da,не годен по паспорту,площадь 0.02 км² меньше 0.5,0,0,0,0,,0.023,0.02,3,EPSG:32719,-68.06342,-16.554068
6804fb1466ff35e19b1d4d82,не годен по паспорту,площадь 0.10 км² меньше 0.5,0,0,0,0,,0.096,0.04,3,EPSG:32719,-68.062997,-16.55036
6805730466ff35e19b1db525,не годен по паспорту,площадь 0.10 км² меньше 0.5,0,0,0,0,,0.096,0.04,1,EPSG:32719,-68.062997,-16.55036
6806d8718b92efba6d3c7743,не годен по паспорту,площадь 0.41 км² меньше 0.5,0,0,0,0,,0.415,0.0373,3,EPSG:3857,,
6807caa2cd738b2388b1168a,не годен по паспорту,разрешение 0.25 м/пкс грубее 0.1,0,0,0,0,,43.259,0.25,1,EPSG:2269,,
680fc6ed5a239162fb6cbae3,использован полностью,,1,2,0,0,разметка подтверждена,0.716,0.02,3,EPSG:32611,,
6817918525ae1db94ad474bd,использован полностью,,1,2,0,0,разметка подтверждена,0.713,0.0386,3,EPSG:32654,139.963451,35.285745
6817ab77e6f78fff9b806759,не годен по паспорту,площадь 0.15 км² меньше 0.5,0,0,0,0,,0.148,0.02,3,EPSG:32636,34.919044,32.067805
6828b426d3d1feb07ccab128,не годен по паспорту,площадь 0.08 км² меньше 0.5,0,0,0,0,,0.076,0.05,3,EPSG:32719,-68.061249,-16.537159
682dca349586b8d5986e1f4b,использован частично,подложка: привязка не построена: нет валидных узлов,3,0,0,0,,1.911,0.05,1,EPSG:32719,-68.331662,-16.439385
68305aa2025981aa41124bc8,не годен по паспорту,неметрический CRS: единицы сетки не метры,0,0,0,0,,0.0,0.0,3,EPSG:4326,28.712051,47.122391
683bab25b9e5f4ed6ee289cf,не годен по паспорту,площадь 0.18 км² меньше 0.5,0,0,0,0,,0.179,0.02,3,EPSG:32616,,
683d065ecc247a2d8791d0a8,не годен по паспорту,площадь 0.23 км² меньше 0.5,0,0,0,0,,0.23,0.02,3,EPSG:32616,,
68499f8892552e932ff4c9c6,не годен по паспорту,паспорт не прочитан (файл не открывается),0,0,0,0,,,,,,,
6849bb0192552e932ff4eee8,использован полностью,,3,6,0,0,разметка подтверждена,1.421,0.0825,3,EPSG:3857,,
6859fadbb2eb4f111290f07e,не годен по паспорту,площадь 0.16 км² меньше 0.5,0,0,0,0,,0.159,0.0183,3,EPSG:32760,175.803952,-39.808432
686b31ff042b629ed84b9dd6,использован частично,подложка: узлов привязки 4 меньше 5,1,0,0,0,,0.783,0.0352,3,EPSG:32614,,
6875529f22caa22a41b072f8,использован полностью,,1,2,0,0,разметка подтверждена,0.565,0.0359,3,EPSG:32614,,
68783ba1e94692af825cef1a,использован полностью,,1,2,0,0,разметка подтверждена,0.888,0.04,3,EPSG:32719,-68.092148,-16.554063
68798aafd96a1fcfd6c64dea,не годен по паспорту,площадь 0.18 км² меньше 0.5,0,0,0,0,,0.179,0.03,1,EPSG:32719,-68.064921,-16.494918
68799977d96a1fcfd6c65fdb,использован частично,подложка: узлов привязки 1 меньше 5,1,0,0,0,,0.888,0.04,1,EPSG:32719,-68.092148,-16.554063
6881657d4f9a95b1e536ef2a,не использован,привязка: привязка не построена: нет валидных узлов,0,0,0,0,,0.597,0.02,3,EPSG:32719,-68.323353,-16.632558
68816f584f9a95b1e536fa1f,использован частично,подложка: привязка не построена: нет валидных узлов,1,0,0,0,,0.801,0.05,1,EPSG:32719,-68.323781,-16.629819
68817fc04f9a95b1e5370d40,не использован,привязка: привязка не построена: нет валидных узлов,0,0,0,0,,0.597,0.02,1,EPSG:32719,-68.323353,-16.632558
6882f6042543a07e3f14d8e6,не годен по паспорту,площадь 0.09 км² меньше 0.5,0,0,0,0,,0.092,0.0409,3,EPSG:32616,,
6886bacd20cfbaea039c39ad,не годен по паспорту,площадь 0.08 км² меньше 0.5,0,0,0,0,,0.079,0.05,3,EPSG:32619,,
6886bcbe20cfbaea039c3a88,не годен по паспорту,площадь 0.26 км² меньше 0.5,0,0,0,0,,0.257,0.05,3,EPSG:32619,,
68881cda272c578052a0b153,не годен по паспорту,площадь 0.14 км² меньше 0.5,0,0,0,0,,0.141,0.0248,3,EPSG:32616,,
6888e945e2874a09097484da,использован частично,подложка: узлов привязки 4 меньше 5,1,0,0,0,,0.731,0.027,3,EPSG:32615,-95.011194,33.669246
688a787d7249587b12b3bd90,использован полностью,,5,10,0,0,разметка подтверждена,4.45,0.0333,3,EPSG:32615,-95.105207,33.625328
688b6d381f36a36e4dc4eb6d,использован частично,подложка: привязка не построена: нет валидных узлов,3,0,0,0,,0.699,0.0417,3,EPSG:32618,,
68900d83a95d4b4f7d42ba6b,использован полностью,,4,8,0,0,разметка подтверждена,1.162,0.0359,3,EPSG:32614,,
68917a624c782f9c3fbde514,использован полностью,,2,4,0,0,разметка подтверждена,1.164,0.0373,3,EPSG:32614,,
68930fdd30644ba65a80100a,не годен по паспорту,разрешение 0.11 м/пкс грубее 0.1,0,0,0,0,,12.252,0.1121,3,EPSG:32722,-51.663604,-30.721166
68935f8572118d558aa0b61a,использован частично,подложка: узлов привязки 1 меньше 5,3,0,0,0,,2.384,0.04,1,EPSG:32719,-68.126196,-16.546765
6893c359e910ae14ec506a9c,использован полностью,,1,2,0,0,разметка подтверждена,0.55,0.018,3,EPSG:32615,-95.03505,33.670998
6893ceb7e910ae14ec5076da,не годен по паспорту,разрешение 0.13 м/пкс грубее 0.1,0,0,0,0,,0.968,0.1307,3,EPSG:32722,-51.656438,-30.715903
6896a23c4c41cdb5244a3bfb,использован полностью,,1,2,0,0,разметка подтверждена,0.878,0.0348,3,EPSG:32614,,
68980fd2bbd37f30ca80e0ed,использован частично,подложка: привязка не построена: нет валидных узлов,2,0,0,0,,0.588,0.05,3,EPSG:32618,,
6898122bbbd37f30ca80e43c,не годен по паспорту,неметрический CRS: единицы сетки не метры,0,0,0,0,,0.0,0.0,3,EPSG:4326,,
689901f6c9f3d118a9cf661e,не годен по паспорту,площадь 0.08 км² меньше 0.5,0,0,0,0,,0.08,0.02,3,EPSG:32619,,
689bf534b7cce64034769fa4,использован частично,подложка: узлов привязки 1 меньше 5,6,0,0,0,,2.46,0.0273,3,EPSG:32615,-95.012466,33.874416
689df54fdd0494580981ea98,не годен по паспорту,площадь 0.34 км² меньше 0.5,0,0,0,0,,0.341,0.0352,3,EPSG:31985,-35.269285,-9.115426
689f2a597ed99649ec7f2824,использован частично,подложка: узлов привязки 3 меньше 5,2,0,0,0,,0.708,0.0594,3,EPSG:31985,-35.529966,-9.452075
689f315b7ed99649ec7f3389,использован полностью,,1,2,0,0,разметка подтверждена,0.817,0.0526,3,EPSG:31985,-35.556243,-9.476621
689f31967ed99649ec7f344c,не годен по паспорту,площадь 0.20 км² меньше 0.5,0,0,0,0,,0.199,0.0283,3,EPSG:31985,-35.263381,-9.106983
689f34199eae8285db23a952,не годен по паспорту,площадь 0.19 км² меньше 0.5,0,0,0,0,,0.193,0.0347,3,EPSG:31985,-35.7559,-9.593913
689f78610d4ff06c5c0ae1bf,не годен по паспорту,площадь 0.37 км² меньше 0.5,0,0,0,0,,0.373,0.046,3,EPSG:31985,-35.876885,-9.819401
689f83f60d4ff06c5c0af210,не годен по паспорту,площадь 0.09 км² меньше 0.5,0,0,0,0,,0.09,0.0313,3,EPSG:31985,-35.507401,-9.417117
689f8fde5678a44c65d01db2,использован полностью,,1,2,0,0,без структуры,0.788,0.0518,3,EPSG:31985,-35.23123,-9.035757
68a0b526d85096ff88d9a392,использован полностью,,3,6,0,0,без структуры,1.719,0.0317,3,EPSG:32615,-94.995641,33.680086
68a5b9e2e5584a0f62bf9c46,не годен по паспорту,площадь 0.20 км² меньше 0.5,0,0,0,0,,0.197,0.0491,3,EPSG:31984,-36.43749,-8.53194
68a8470d69066a121d9cb4aa,использован полностью,,3,6,0,0,проверено частично,2.024,0.0624,3,EPSG:3857,-35.2141,-9.004451
68a84c7469066a121d9cb9fa,использован частично,подложка: привязка не построена: нет валидных узлов,1,0,0,0,,0.628,0.0478,3,EPSG:31985,-35.335408,-9.226323
68a91e0b-3ff9-4d9f-be55-7d015bdf504b,использован полностью,,1,2,0,0,разметка подтверждена,1.151,0.063,3,EPSG:32635,,
68abb930da74beb6dcf43bd6,использован частично,подложка: узлов привязки 1 меньше 5,7,0,0,0,,4.019,0.0296,3,EPSG:32615,-94.986589,33.692801
68b9250f933f12d326a7642c,использован полностью,,5,66,0,0,разметка подтверждена,1.805,0.0315,3,EPSG:32614,,
68bc4648be6b4e088eefe907,использован полностью,,1,2,0,0,разметка подтверждена,0.851,0.04,3,EPSG:32719,-68.113227,-16.576655
68bce259dddc7bae46a43706,использован частично,подложка: узлов привязки 1 меньше 5,1,0,0,0,,0.851,0.04,1,EPSG:32719,-68.113227,-16.576655
68c065c8e43b2bcaa9829062,не годен по паспорту,площадь 0.22 км² меньше 0.5,0,0,0,0,,0.221,0.0376,3,EPSG:32614,,
68c785cff2fef56460dd3d64,использован частично,подложка: привязка не построена: нет валидных узлов,1,0,0,0,,1.414,0.026,3,EPSG:32615,-94.981864,33.696622
68c878221178cfdb43795304,не использован,привязка: привязка не построена: нет валидных узлов,0,0,0,0,,0.678,0.03,3,EPSG:32719,-67.538553,-14.434238
68cb1b6a800626fc89d79ac8,использован полностью,,15,12,0,0,разметка подтверждена,23.542,0.0491,3,EPSG:32611,,
68cb46b1800626fc89d7ebb2,использован полностью,,5,10,0,0,разметка подтверждена,1.834,0.036,3,EPSG:32614,,
68cb97cafea39f0ce18be995,использован полностью,,1,2,0,0,разметка подтверждена,1.259,0.0345,3,EPSG:32614,,
68cc42150fce059a9fdbd1c3,использован полностью,,1,2,0,0,разметка подтверждена,0.858,0.0357,3,EPSG:32614,,
68cdeff14b37dca55fe36fa8,использован полностью,,3,6,0,0,разметка подтверждена,1.588,0.0331,3,EPSG:32614,,
68cecb99bba38109e3899aea,использован полностью,,2,4,0,0,разметка подтверждена,3.347,0.0348,3,EPSG:32614,,
68d2f09d1936e008398c7831,не годен по паспорту,площадь 0.37 км² меньше 0.5,0,0,0,0,,0.37,0.0333,3,EPSG:32630,,
68d3f0af9b87c9c2af15c41d,использован полностью,,7,12,0,0,разметка подтверждена,3.732,0.0343,3,EPSG:27700,,
68d5298b7d6b45dd0f02b85d,не годен по паспорту,неметрический CRS: единицы сетки не метры,0,0,0,0,,0.0,0.0,3,EPSG:4326,-34.8417,-6.964793
68d84f55ebf438d412a5da02,не годен по паспорту,неметрический CRS: единицы сетки не метры,0,0,0,0,,0.0,0.0,3,EPSG:4326,-35.755584,-6.822684
68e0566ea6f66607c17f166f,использован полностью,,1,2,0,0,разметка подтверждена,1.215,0.0376,3,EPSG:32614,,
68e131340ee38fc46c2f90e9,не использован,привязка: привязка не построена: нет валидных узлов,0,0,0,0,,0.874,0.0292,3,EPSG:32618,,
68e131340ee38fc46c2f90ea,не годен по паспорту,площадь 0.47 км² меньше 0.5,0,0,0,0,,0.473,0.0341,3,EPSG:32618,,
68e131340ee38fc46c2f90f3,использован полностью,,1,2,0,0,разметка подтверждена,0.995,0.0286,3,EPSG:32618,,
68e17e9f0ee38fc46c2fc7b7,не годен по паспорту,площадь 0.18 км² меньше 0.5,0,0,0,0,,0.182,0.0238,3,EPSG:32618,,
68e1c1880ee38fc46c2fff7e,использован частично,подложка: узлов привязки 1 меньше 5,3,0,0,0,,0.597,0.0364,3,EPSG:32614,,
68e1cfc20ee38fc46c300e21,использован частично,подложка: узлов привязки 4 меньше 5,3,0,0,0,,0.575,0.0365,3,EPSG:32614,,
68e309d10786cc228414ad5d,использован частично,подложка: узлов привязки 2 меньше 5,2,0,0,0,,2.316,0.0339,3,EPSG:32614,,
68e3eaccc4f2002ebf53d0f1,не годен по паспорту,площадь 0.21 км² меньше 0.5,0,0,0,0,,0.21,0.05,3,EPSG:32638,44.564008,40.181125
68e58ef7ebe9b7512f83a14e,не годен по паспорту,разрешение 0.11 м/пкс грубее 0.1,0,0,0,0,,0.701,0.1116,3,EPSG:32618,,
68e773475f0218d92b9f5658,не годен по паспорту,площадь 0.14 км² меньше 0.5,0,0,0,0,,0.135,0.046,3,EPSG:32756,150.736176,-23.09975
68ed7269d0b6fccde372fea1,не годен по паспорту,площадь 0.30 км² меньше 0.5,0,0,0,0,,0.298,0.032,3,EPSG:32614,,
68ed82662f4ad9f7ebf6135f,не годен по паспорту,площадь 0.20 км² меньше 0.5,0,0,0,0,,0.202,0.0325,3,EPSG:32614,,
68f0023b077903b80970f9c1,не использован,привязка: привязка не построена: нет валидных узлов,0,0,0,0,,0.821,0.035,3,EPSG:32614,,
68f07bb5e33d981a421a09a6,использован полностью,,4,8,0,0,разметка подтверждена,1.583,0.0453,3,EPSG:32610,,
68f3d63137c118f529c05180,использован полностью,,5,10,0,0,разметка подтверждена,7.068,0.0339,3,EPSG:32614,,
68f6d330d624af70a7ed8dec,использован полностью,,6,12,0,0,разметка подтверждена,2.917,0.0389,3,EPSG:32614,,
68f87b3207721088e158f1bc,использован полностью,,2,4,0,0,разметка подтверждена,0.827,0.0332,3,EPSG:32614,,
68f9ccce631d9ba1ce09666e,использован полностью,,2,4,0,0,разметка подтверждена,0.984,0.0344,3,EPSG:32614,,
68fa87b59f85f316d847d24e,не годен по паспорту,площадь 0.05 км² меньше 0.5,0,0,0,0,,0.046,0.0272,3,EPSG:32619,,
69069f5231709507115b581e,использован частично,подложка: привязка не построена: нет валидных узлов,1,0,0,0,,0.569,0.04,3,EPSG:32719,-67.623338,-16.329103
6906a74e31709507115b5cf5,использован частично,подложка: привязка не построена: нет валидных узлов,1,0,0,0,,0.501,0.04,3,EPSG:32719,-67.606513,-16.343212
690a93b40b4b986f96d1c071,использован частично,подложка: привязка не построена: нет валидных узлов,1,0,0,0,,0.593,0.04,3,EPSG:32719,-67.639069,-16.30263
690a99740b4b986f96d1c9c8,использован частично,подложка: привязка не построена: нет валидных узлов,1,0,0,0,,0.569,0.04,3,EPSG:32719,-67.623338,-16.329103
690aa3eb0b4b986f96d1dc2b,использован частично,подложка: привязка не построена: нет валидных узлов,1,0,0,0,,0.501,0.04,3,EPSG:32719,-67.606513,-16.343212
690aa5240b4b986f96d1de19,не годен по паспорту,площадь 0.47 км² меньше 0.5,0,0,0,0,,0.472,0.05,3,EPSG:32719,-67.785031,-16.202181
69132f0213d15fb353190f6b,не годен по паспорту,площадь 0.03 км² меньше 0.5,0,0,0,0,,0.032,0.0114,3,EPSG:4026,27.612212,47.327984
6915c52a1c1818790505ae06,не годен по паспорту,площадь 0.21 км² меньше 0.5,0,0,0,0,,0.213,0.05,3,EPSG:32632,8.547785,47.3875
69210ec4ea6ea70d0301df8a,использован частично,подложка: узлов привязки 2 меньше 5,7,0,0,0,,2.147,0.0472,3,EPSG:6561,,
6921274aea6ea70d0301efb1,использован частично,подложка: узлов привязки 4 меньше 5,13,0,0,0,,18.569,0.088,3,EPSG:6561,,
6928721391c613880e1d1e02,не годен по паспорту,неметрический CRS: единицы сетки не метры,0,0,0,0,,0.0,0.0,3,EPSG:4326,,
692b2cc02183424759910c91,не годен по паспорту,неметрический CRS: единицы сетки не метры,0,0,0,0,,0.0,0.0,3,EPSG:4326,27.591893,47.156011
692b626e2183424759912e91,не использован,привязка: привязка не построена: нет валидных узлов,0,0,0,0,,0.802,0.03,3,EPSG:32719,-67.538585,-14.434324
6935791ffb54374c3a42c3ad,не годен по паспорту,площадь 0.17 км² меньше 0.5,0,0,0,0,,0.17,0.03,3,EPSG:32719,-68.092381,-16.539731
69358264fb54374c3a42c843,не годен по паспорту,площадь 0.17 км² меньше 0.5,0,0,0,0,,0.17,0.03,1,EPSG:32719,-68.092381,-16.539731
6938d02a2fa9316b6b1a13c0,не годен по паспорту,площадь 0.36 км² меньше 0.5,0,0,0,0,,0.358,0.0276,3,EPSG:32619,,
694079b04675445a774383c5,не годен по паспорту,неметрический CRS: единицы сетки не метры,0,0,0,0,,0.0,0.0,3,EPSG:4326,-47.731241,-22.128613
6951544c9ec18574a42c647c,использован полностью,,1,2,0,0,разметка подтверждена,0.566,0.0698,3,EPSG:32632,,
69550f7abc2246a0f0398cec,использован частично,подложка: узлов привязки 2 меньше 5,3,0,0,0,,0.865,0.0221,3,EPSG:32632,,
695be452f3520985c7cea3ae,не годен по паспорту,площадь 0.21 км² меньше 0.5,0,0,0,0,,0.212,0.0588,3,EPSG:32760,174.70555,-36.87776
6960e4e7f59cde0567705b95,не годен по паспорту,площадь 0.22 км² меньше 0.5,0,0,0,0,,0.222,0.0209,3,EPSG:32632,6.644529,46.392714
696d527c1576d751efb3b1f5,не годен по паспорту,площадь 0.11 км² меньше 0.5,0,0,0,0,,0.11,0.05,3,EPSG:32635,24.185142,41.75116
696f939d6d88d08a76d1eb73,не годен по паспорту,разрешение 0.60 м/пкс грубее 0.1,0,0,0,0,,37.992,0.6,4,EPSG:26911,,
698ed40a5f422a5876cfde5e,не годен по паспорту,площадь 0.11 км² меньше 0.5,0,0,0,0,,0.112,0.05,3,EPSG:32610,,
6995d772b97d91551cab1e46,использован частично,подложка: привязка не построена: нет валидных узлов,1,0,0,0,,0.688,0.03,3,EPSG:32719,-68.323902,-16.628151
699b4231f956718c12e9f797,использован полностью,,1,2,0,0,разметка подтверждена,0.668,0.0349,3,EPSG:32615,-95.938396,35.888948
699c053245abfd81d2f37089,использован частично,подложка: привязка не построена: нет валидных узлов,3,0,0,0,,2.309,0.05,3,EPSG:3067,,
699ed67c3cdea6ccf532f4f9,не годен по паспорту,площадь 0.38 км² меньше 0.5,0,0,0,0,,0.377,0.0175,3,EPSG:3067,,
69a364ddbcd7017677f30865,не годен по паспорту,площадь 0.42 км² меньше 0.5,0,0,0,0,,0.417,0.0306,3,EPSG:32634,23.191457,45.346491
69a37752e1de1fc8304bc3ba,использован полностью,,1,2,0,0,разметка подтверждена,0.789,0.0274,3,EPSG:32632,,
69a599f10b6e2755bd7ea22b,использован полностью,,1,2,0,0,разметка подтверждена,0.546,0.04,3,EPSG:32719,-68.037455,-16.50498
69a84f24970e1272d3a0477e,использован частично,подложка: привязка не построена: нет валидных узлов,1,0,0,0,,0.546,0.04,1,EPSG:32719,-68.037455,-16.50498
69af227039d11e74fe7ed0cd,не годен по паспорту,площадь 0.19 км² меньше 0.5,0,0,0,0,,0.194,0.0401,3,EPSG:32614,-96.557175,32.658681
69b60198d23b32c8c4cb0385,не годен по паспорту,площадь 0.03 км² меньше 0.5,0,0,0,0,,0.026,0.0104,3,EPSG:32632,,
69c059f2f9ab3980e7c354e3,использован частично,подложка: узлов привязки 1 меньше 5,3,0,0,0,,2.414,0.05,3,EPSG:3067,,
69d0290d9cbda12739672676,не годен по паспорту,площадь 0.22 км² меньше 0.5,0,0,0,0,,0.224,0.0105,3,EPSG:32632,,
69d61d83010f61702bf4eeaa,не годен по паспорту,площадь 0.16 км² меньше 0.5,0,0,0,0,,0.156,0.0235,3,EPSG:32618,,
69d6b4cb9415aba327dd7486,использован полностью,,1,2,0,0,разметка подтверждена,0.656,0.0293,3,EPSG:32632,,
69e977498ef0c373b0856ee2,не годен по паспорту,площадь 0.06 км² меньше 0.5,0,0,0,0,,0.06,0.0241,3,EPSG:32618,,
69f986b6cd7de8dda6f76eb6,использован полностью,,3,6,0,0,разметка подтверждена,2.004,0.0367,3,EPSG:32614,,
69faa4b890551a4dfc2c6446,использован полностью,,2,20,0,0,разметка подтверждена,0.941,0.032,3,EPSG:32614,,
69fc25d191e4ffdcf28ab7c3,использован полностью,,4,8,0,0,разметка подтверждена,1.443,0.0352,3,EPSG:32614,,
69fdce4aaab120a4ba936e12,не годен по паспорту,неметрический CRS: единицы сетки не метры,0,0,0,0,,0.0,0.0,3,EPSG:4326,,
69febbf183da835e6d590148,не годен по паспорту,площадь 0.32 км² меньше 0.5,0,0,0,0,,0.321,0.0364,3,EPSG:32614,,
6a03fd2f3533f0aa96651530,использован частично,подложка: узлов привязки 4 меньше 5,1,0,0,0,,0.794,0.0352,3,EPSG:32614,,
6a233bfc1b97dd165475e6b1,не годен по паспорту,площадь 0.31 км² меньше 0.5,0,0,0,0,,0.306,0.0315,3,"COMPD_CS[""WGS 84 / UTM zone 13N + EGM96 height"",PROJCS[""WGS 84 / UTM zone 13N"",GEOGCS[""WGS 84"",DATUM[""WGS_1984"",SPHEROID[""WGS 84"",6378137,298.257223563,AUTHORITY[""EPSG"",""7030""]],AUTHORITY[""EPSG"",""6326""]],PRIMEM[""Greenwich"",0,AUTHORITY[""EPSG"",""8901""]],UNIT[""degree"",0.0174532925199433,AUTHORITY[""EPSG"",""9122""]],AUTHORITY[""EPSG"",""4326""]],PROJECTION[""Transverse_Mercator""],PARAMETER[""latitude_of_origin"",0],PARAMETER[""central_meridian"",-105],PARAMETER[""scale_factor"",0.9996],PARAMETER[""false_easting"",500000],PARAMETER[""false_northing"",0],UNIT[""metre"",1,AUTHORITY[""EPSG"",""9001""]],AXIS[""Easting"",EAST],AXIS[""Northing"",NORTH],AUTHORITY[""EPSG"",""32613""]],VERT_CS[""EGM96 height"",VERT_DATUM[""EGM96 geoid"",2005,AUTHORITY[""EPSG"",""5171""]],UNIT[""metre"",1,AUTHORITY[""EPSG"",""9001""]],AXIS[""Gravity-related height"",UP],AUTHORITY[""EPSG"",""5773""]]]",-105.05975,39.95454
6a263950d8decd50ab13567c,не годен по паспорту,площадь 0.36 км² меньше 0.5,0,0,0,0,,0.361,0.0373,3,EPSG:3857,,
6a26f25af1c2b55eb679e3d0,использован полностью,,9,12,0,0,разметка подтверждена,4.062,0.0308,3,EPSG:26917,,
6a26f376f1c2b55eb679e56b,не годен по паспорту,площадь 0.15 км² меньше 0.5,0,0,0,0,,0.154,0.0253,3,EPSG:32632,,
6a270aa65ce57183089ee416,использован частично,подложка: узлов привязки 2 меньше 5,3,0,0,0,,0.793,0.0325,3,EPSG:32632,,
6a274bb55ce57183089f33e1,использован полностью,,8,12,0,0,разметка подтверждена,4.049,0.05,3,EPSG:26917,,
6a3ad70aaccedc6bc0ba833e,не годен по паспорту,площадь 0.32 км² меньше 0.5,0,0,0,0,,0.316,0.0259,3,EPSG:32632,,
6a4b453d6332d6259311cf3d,не годен по паспорту,площадь 0.21 км² меньше 0.5,0,0,0,0,,0.208,0.0192,3,EPSG:32645,85.395562,27.618267
6a4e8448b3c436cbc5535670,использован полностью,,1,2,0,0,разметка подтверждена,0.774,0.0383,3,EPSG:32618,,
6a4f09b971e50037430d567e,использован частично,подложка: узлов привязки 4 меньше 5,1,0,0,0,без структуры,0.743,0.0298,3,EPSG:32618,,
6a4f14b671e50037430d60a6,использован полностью,,3,6,0,0,разметка подтверждена,1.388,0.0355,3,EPSG:32615,,
6a4f25c671e50037430d724f,не годен по паспорту,площадь 0.25 км² меньше 0.5,0,0,0,0,,0.248,0.0261,3,EPSG:32615,,
6a50591d24dae777609090af,использован частично,подложка: привязка не построена: нет валидных узлов,4,0,0,0,,2.672,0.0656,3,EPSG:6463,,
6a50976c24dae7776090affb,не годен по паспорту,площадь 0.11 км² меньше 0.5,0,0,0,0,,0.11,0.01,3,EPSG:32632,,
6a52ddfe6430e7043e2057d0,не использован,привязка: узлов привязки 1 меньше 5,0,0,0,0,,0.734,0.05,3,EPSG:26917,,
6a595cd5f46c823fe6fda614,не годен по паспорту,площадь 0.34 км² меньше 0.5,0,0,0,0,,0.337,0.0268,3,EPSG:32618,,
6a5a1fb35113870063c16720,использован частично,подложка: привязка не построена: нет валидных узлов,1,0,0,0,без структуры,0.526,0.0417,3,EPSG:32618,,
6a5d25a5ac94857a6f4ab38d,использован полностью,,3,6,0,0,разметка подтверждена,1.715,0.0263,3,EPSG:32632,,
6a5d4382ac94857a6f4ac8a9,использован полностью,,6,12,0,0,разметка подтверждена,4.906,0.0274,3,EPSG:32632,,
6a63fe8c03257b96b059aae9,не использован,привязка: привязка не построена: нет валидных узлов,0,0,0,0,,1.23,0.05,1,EPSG:32719,-69.056135,-15.509028
6a679983a82ed85eb6b2b111,не годен по паспорту,площадь 0.12 км² меньше 0.5,0,0,0,0,,0.117,0.01,3,EPSG:32632,,
6a696a28ad341af93b96aa24,использован полностью,,1,2,0,0,без структуры,0.984,0.0368,3,EPSG:32615,,
6a6f024bd40172557fd30489,не годен по паспорту,площадь 0.17 км² меньше 0.5,0,0,0,0,,0.174,0.0194,3,EPSG:32760,174.697203,-36.869959
6a737dc9acbbde5222f1fa35,использован полностью,,5,10,0,0,разметка подтверждена,2.82,0.1,3,EPSG:31982,-49.245105,-26.425942
6a77c1f5be540a70b62c6a0a,не годен по паспорту,площадь 0.34 км² меньше 0.5,0,0,0,0,,0.336,0.0113,3,EPSG:32632,,
6a8f08f29daab4e74c2ddca5,использован полностью,,15,12,0,0,разметка подтверждена,11.585,0.1,3,EPSG:9377,,
6a8f2f3a8f75f1daf8b39937,использован полностью,,15,12,0,0,без структуры,11.825,0.1,3,EPSG:9377,,
6a8f9da28f75f1daf8b405b6,использован полностью,,14,12,0,0,разметка подтверждена,5.967,0.0605,3,EPSG:32645,85.18159,28.009472
6a8fa5c28f75f1daf8b40eba,не использован,привязка: привязка не построена: нет валидных узлов,0,0,0,0,,0.651,0.0351,3,EPSG:32645,85.37735,28.271321
6a8ff3a17efa87881ba7b911,не годен по паспорту,площадь 0.06 км² меньше 0.5,0,0,0,0,,0.06,0.05,3,EPSG:32633,,
6a92649bc3a9617c871ea3f7,использован полностью,,10,12,0,0,разметка подтверждена,2.88,0.035,3,EPSG:32646,91.824611,22.376136
6a92666dc3a9617c871ea506,использован полностью,,10,12,0,0,разметка подтверждена,2.88,0.035,3,EPSG:32646,91.795615,22.359664
6a926a58c3a9617c871ea6e9,использован полностью,,11,12,0,0,разметка подтверждена,3.393,0.035,3,EPSG:32646,91.764456,22.35401
6dbd8ba8-a161-46d8-83cc-d3ccc4b032bf,использован полностью,,5,10,0,0,разметка подтверждена,2.423,0.0676,3,EPSG:32635,,
700ede77-47a3-417b-ad14-0a0f980a84b0,не годен по паспорту,площадь 0.45 км² меньше 0.5,0,0,0,0,,0.454,0.0275,3,EPSG:32617,,
71000fb3-0299-4960-93b8-04a5518b5816,использован полностью,,8,12,0,0,разметка подтверждена,2.316,0.0734,3,EPSG:32635,,
787cb633-6588-477b-be6b-1038f988fef2,не годен по паспорту,разрешение 0.10 м/пкс грубее 0.1,0,0,0,0,,1.107,0.1042,3,EPSG:32635,,
78e8bdfb-4143-4050-a4b6-2022d49b7dcc,использован полностью,,9,12,0,0,разметка подтверждена,3.359,0.0648,3,EPSG:32635,,
78feae3b-5ebf-460a-86bc-e9079f6490f1,использован частично,подложка: привязка не построена: нет валидных узлов,3,0,0,0,,1.228,0.0244,3,EPSG:32616,,
7984038b-f6b5-49c9-8fb5-b077023ca410,использован полностью,,6,12,0,0,разметка подтверждена,1.821,0.0733,3,EPSG:32635,,
7bd5d630-4fe6-4565-a201-0c00861f95c3,не годен по паспорту,площадь 0.22 км² меньше 0.5,0,0,0,0,,0.223,0.0381,3,EPSG:32633,,
7f780751-14e0-4aeb-907e-e07c629c8fae,использован частично,подложка: узлов привязки 2 меньше 5,7,0,0,0,,3.172,0.0628,3,EPSG:32635,,
81f79471-3960-40e1-98dc-d23ca83c948f,не годен по паспорту,неметрический CRS: единицы сетки не метры,0,0,0,0,,0.0,0.0,3,EPSG:4326,,
835f0ce7-baa7-431e-9464-27cf4a7d0242,не годен по паспорту,площадь 0.31 км² меньше 0.5,0,0,0,0,,0.31,0.0422,3,EPSG:32645,85.537346,27.618233
860261e8-d53d-4d15-b2f5-414f0e4c63bb,использован полностью,,4,1,0,7,привязка сдвинута,1.264,0.0858,3,EPSG:32635,,
86a6b3cf-aa8a-4be4-81d6-8d6c9aab0976,использован полностью,,7,12,0,0,разметка подтверждена,3.268,0.0737,3,EPSG:32635,,
8d864040-7f61-4e69-85f4-07f88f72b1a7,использован частично,подложка: узлов привязки 2 меньше 5,3,0,0,0,,1.388,0.0745,3,EPSG:32635,,
927a2f46-ec85-48bb-80f2-0aee4bf982b8,использован частично,подложка: узлов привязки 3 меньше 5,4,0,0,0,,1.568,0.0873,3,EPSG:32635,,
92d49698-648b-4a37-95e8-904d65facbaf,использован частично,подложка: привязка не построена: нет валидных узлов,1,0,0,0,без структуры,0.943,0.0607,3,EPSG:32635,,
9326f978-6478-42d3-9a90-d7770b388318,не годен по паспорту,неметрический CRS: единицы сетки не метры,0,0,0,0,,0.0,0.0,3,EPSG:4326,,
9449487f-0b3b-42e4-bb40-e0d2d83cdcbf,не годен по паспорту,неметрический CRS: единицы сетки не метры,0,0,0,0,,0.0,0.0,3,EPSG:4326,,
977419d2-d4ec-4d35-9c99-0c2cc973100e,не годен по паспорту,площадь 0.28 км² меньше 0.5,0,0,0,0,,0.285,0.0187,3,EPSG:3857,,
98e75d9f-3233-450b-a69d-9db39841328b,не годен по паспорту,площадь 0.45 км² меньше 0.5,0,0,0,0,,0.445,0.0746,3,EPSG:3857,,
9c75cb72-e13a-4862-abe4-62058d5e108c,использован полностью,,1,2,0,0,разметка подтверждена,1.027,0.03,3,EPSG:32610,,
9e5ab7ce-adeb-4a84-8584-b67da60e1bcc,не годен по паспорту,неметрический CRS: единицы сетки не метры,0,0,0,0,,0.0,0.0,3,EPSG:4326,,
9f4aa899-012f-47b0-a878-a8c932a259b0,использован полностью,,8,12,0,0,разметка подтверждена,3.168,0.0651,3,EPSG:32635,,
a3f8126d-192d-47fe-8352-87d44b137ed3,использован частично,подложка: узлов привязки 4 меньше 5,1,0,0,0,,0.788,0.05,3,EPSG:32610,,
a481891a-704d-4716-ad85-339c93fe119f,использован частично,подложка: узлов привязки 4 меньше 5,1,0,0,0,,0.657,0.0621,3,EPSG:32635,,
a54c05a3-3b60-49fe-80b5-fab96e5ba38f,использован полностью,,11,12,0,0,разметка подтверждена,4.031,0.0754,3,EPSG:32635,,
aa368fc7-c1e6-48ef-adbb-bc23da93d397,использован полностью,,2,4,0,0,разметка подтверждена,1.055,0.0375,3,EPSG:32633,,
aed7e8a8-56a4-4628-867b-7d032202a057,не годен по паспорту,неметрический CRS: единицы сетки не метры,0,0,0,0,,0.0,0.0,3,EPSG:4326,,
b0045081-4969-4bcb-9511-95f6d31ba56a,не годен по паспорту,неметрический CRS: единицы сетки не метры,0,0,0,0,,0.0,0.0,3,EPSG:4326,,
b47d6224-26d1-4166-8242-87224272ed96,использован полностью,,6,12,0,0,разметка подтверждена,2.346,0.0677,3,EPSG:32635,,
b4883e78-09d7-4631-a595-b5d5a6d46c76,использован полностью,,12,12,0,0,разметка подтверждена,3.171,0.0762,3,EPSG:32635,,
b799110f-7572-4d0a-be72-9f5e9e9e313f,не годен по паспорту,неметрический CRS: единицы сетки не метры,0,0,0,0,,0.0,0.0,3,EPSG:4326,,
be11452f-4d92-49fa-94a0-afdbe20f9a68,использован полностью,,3,6,0,0,разметка подтверждена,1.758,0.0779,3,EPSG:32635,,
c2f6bc3f-8870-4b84-bd5e-26013852417b,использован частично,подложка: узлов привязки 2 меньше 5,1,0,0,0,,0.929,0.0851,3,EPSG:32635,,
c4eb3cd2-2a73-4586-8115-341d6cf65415,использован полностью,,4,8,0,0,разметка подтверждена,1.097,0.0722,3,EPSG:32635,,
c51e6aaf-b861-4d58-89cd-7615c6dffcfb,не годен по паспорту,неметрический CRS: единицы сетки не метры,0,0,0,0,,0.0,0.0,3,EPSG:4326,,
c7518893-5731-4246-af58-1aa537e9a7ce,использован полностью,,2,4,0,0,разметка подтверждена,1.503,0.0434,3,EPSG:32633,,
c871ddc8-91b3-461f-bc96-f321f33cf483,использован полностью,,1,2,0,0,разметка подтверждена,1.448,0.05,3,EPSG:3857,,
c8bfaa3f-4172-4e35-a86a-981c9f21dee4,использован полностью,,3,6,0,0,разметка подтверждена,3.299,0.0378,3,EPSG:32633,,
c98db04e-b1e6-4896-80d4-52627acceb38,не годен по паспорту,неметрический CRS: единицы сетки не метры,0,0,0,0,,0.0,0.0,3,EPSG:4326,,
cdb8a7d1-db92-445f-bc78-ddf525c8443f,не годен по паспорту,неметрический CRS: единицы сетки не метры,0,0,0,0,,0.0,0.0,3,EPSG:4326,,
d2b44a46-0bef-4057-a9be-5d01e85b3299,использован полностью,,1,2,0,0,разметка подтверждена,1.439,0.0247,3,EPSG:32618,,
d6f5c52a-2aaf-4cf3-a3b8-1340e29d9d0f,не годен по паспорту,разрешение 0.12 м/пкс грубее 0.1,0,0,0,0,,34.118,0.1233,3,EPSG:3734,,
da442e0f-a159-42b8-b72b-25abf7fd83fd,использован частично,подложка: привязка не построена: нет валидных узлов,3,0,0,0,привязка сдвинута,1.876,0.0753,3,EPSG:32635,,
dddd010c-d6ed-4802-bf38-8c0bfd9980f4,не годен по паспорту,неметрический CRS: единицы сетки не метры,0,0,0,0,,0.0,0.0,3,EPSG:4326,,
e57bdd6e-8d1c-490b-9ada-86fc939eea1f,использован полностью,,8,12,0,0,разметка подтверждена,3.16,0.0719,3,EPSG:32635,,
e7c1f268-cb44-4c51-8b62-3752f84001f5,использован полностью,,6,12,0,0,разметка подтверждена,1.933,0.032,3,EPSG:32616,,
ea5a3130-d437-4ea0-9b99-e73345e1c01f,использован полностью,,3,6,0,0,разметка подтверждена,1.657,0.0308,3,EPSG:32616,,
ea6e48e6-4a1f-43d4-b7bd-c30d8ae60b43,использован полностью,,8,12,0,0,разметка подтверждена,3.194,0.0816,3,EPSG:32635,,
eb52147b-9298-4562-bb1d-ba5acb53f656,использован полностью,,15,12,0,0,разметка подтверждена,11.935,0.0755,3,EPSG:32635,,
ed4b2f6c-a043-40c8-a8f1-ace8c230f817,не годен по паспорту,неметрический CRS: единицы сетки не метры,0,0,0,0,,0.0,0.0,3,EPSG:4326,,
f5a3e369-efa2-449d-aa74-6f164d6b9103,использован полностью,,3,6,0,0,разметка подтверждена,1.278,0.0361,3,EPSG:32616,,
f776674d-717d-48be-9d5f-41fb057bda41,использован полностью,,15,12,0,0,разметка подтверждена,7.443,0.0712,3,EPSG:32635,,
f95c25a0-7457-4e8e-87d0-de694db41dd8,использован частично,подложка: привязка не построена: нет валидных узлов,1,0,0,0,без структуры,1.137,0.0295,3,EPSG:32618,,
fc5a9909-bd37-4bb2-b9dd-890065c1b88a,использован полностью,,7,12,0,0,разметка подтверждена,3.929,0.0669,3,EPSG:32635,,
